age,income,experience,education,city,job_type,credit_score,loan_amount,employment,property_value,rooms,years_in_city,house_price
58,1646.68,38.0,Master,Busan,Manager,650.6,10228.6,Self-employed,,3.0,16.0,388334.11
48,3505.78,21.0,,Incheon,Engineer,605.0,28230.62,Full-time,179404.85,,23.0,455230.45
34,3280.96,13.0,Master,Busan,,756.9,34619.22,Full-time,293914.67,3.0,7.0,473574.88
62,5777.84,35.0,Master,Incheon,Manager,674.7,35600.76,Full-time,281735.15,1.0,5.0,548769.66
27,2677.6,6.0,,Daegu,Service,683.9,48296.32,Full-time,50000.0,5.0,15.0,257429.67
40,3058.22,13.0,High School,Seoul,Office,648.9,56533.59,Full-time,184183.72,5.0,9.0,497123.89
58,3627.71,36.0,Bachelor,Incheon,Teacher,569.4,32864.8,Full-time,256591.65,2.0,29.0,477651.0
38,3329.78,15.0,,Gwangju,Service,766.0,12181.56,Full-time,352351.29,2.0,22.0,511668.51
42,6253.88,22.0,Bachelor,Busan,Office,673.2,73709.98,Part-time,211504.75,3.0,27.0,494577.07
30,2492.15,9.0,Master,Incheon,Service,531.0,41705.24,Full-time,251834.57,2.0,28.0,427722.61
30,3630.89,10.0,,Busan,Teacher,669.0,40363.79,Full-time,228680.66,4.0,18.0,488644.69
43,4698.1,24.0,Bachelor,Seoul,Manager,571.6,22874.43,Full-time,175566.2,4.0,24.0,495089.29
55,5521.78,,Master,Busan,Service,727.2,26537.37,Full-time,105714.18,1.0,3.0,445444.93
59,3629.64,33.0,High School,Busan,Manager,716.2,18095.42,Full-time,113556.61,4.0,26.0,454228.01
43,1322.85,25.0,High School,Gwangju,Teacher,800.7,36069.68,Full-time,,1.0,30.0,460182.21
22,3974.84,3.0,Bachelor,Busan,Teacher,561.9,22437.37,Full-time,230235.74,3.0,1.0,402719.79
41,6228.04,16.0,Bachelor,Incheon,,795.0,36622.76,Full-time,157325.12,4.0,19.0,502481.6
21,4623.28,0.0,Master,Busan,Service,721.5,19122.3,Full-time,98695.53,1.0,1.0,292975.02
43,4554.63,25.0,Bachelor,Daegu,Teacher,570.6,39405.28,Full-time,285738.87,5.0,11.0,529031.91
63,2605.47,41.0,Bachelor,Busan,Service,826.2,,Full-time,135437.57,1.0,3.0,444646.9
49,2451.49,22.0,Bachelor,Daegu,Service,670.0,43258.73,Part-time,,,15.0,506592.07
57,4227.06,34.0,Bachelor,Busan,Service,584.7,53337.56,Full-time,208870.69,4.0,1.0,445133.35
21,2060.43,0.0,Master,Busan,Service,763.2,31399.39,Part-time,216382.31,1.0,15.0,383921.09
40,5372.04,19.0,Bachelor,Incheon,Office,,,Full-time,368792.79,6.0,27.0,599068.48
52,2930.03,34.0,Bachelor,Daegu,Teacher,772.5,44438.82,Part-time,50000.0,3.0,14.0,388612.0
31,4163.01,7.0,Master,Daegu,Teacher,664.6,27745.02,Self-employed,145326.18,2.0,13.0,237157.48
41,1371.35,15.0,Bachelor,Gwangju,Engineer,652.1,31121.63,Full-time,355914.25,5.0,10.0,524423.17
63,3609.3,40.0,Master,Busan,Manager,575.9,31255.35,Full-time,299459.99,3.0,14.0,546396.06
44,2421.21,24.0,High School,Busan,Engineer,596.5,22764.17,Full-time,199494.3,5.0,23.0,436179.34
46,1000.0,19.0,High School,Incheon,Service,692.8,22875.61,Full-time,378698.74,5.0,5.0,647598.92
61,5012.76,40.0,PhD,Gwangju,Service,548.9,42696.3,,305318.57,6.0,29.0,592820.68
47,6661.74,20.0,Master,Gwangju,Office,735.1,19476.81,Part-time,175553.15,1.0,23.0,361138.36
35,5894.21,13.0,Bachelor,Incheon,Office,638.0,26207.66,Self-employed,128785.78,2.0,26.0,370396.57
34,5222.54,16.0,Bachelor,Daegu,Office,648.3,24079.97,Full-time,338936.81,1.0,15.0,426122.15
63,3578.82,41.0,Master,Seoul,Office,726.7,33523.34,Full-time,150864.43,1.0,0.0,459244.16
22,5408.84,4.0,Bachelor,Incheon,Office,663.7,55604.88,Full-time,241231.43,4.0,24.0,509379.93
56,6035.78,30.0,High School,Daegu,Office,778.4,25726.78,Full-time,347229.54,1.0,27.0,527429.83
26,4405.23,2.0,Bachelor,Gwangju,Office,516.0,10702.35,Part-time,235343.06,2.0,10.0,370234.39
40,2423.46,20.0,High School,Incheon,Office,744.0,29274.28,Full-time,220874.94,,13.0,420128.03
28,3450.92,2.0,High School,Seoul,Office,681.9,16325.98,Part-time,78037.55,6.0,,358014.24
58,6754.04,39.0,Master,Busan,Teacher,627.4,31083.81,Full-time,304766.8,1.0,23.0,562813.62
37,4087.88,13.0,High School,Incheon,Office,755.9,18856.27,Full-time,65570.06,2.0,15.0,315371.04
23,1000.0,,Master,Seoul,Manager,,29956.97,Full-time,334977.36,1.0,3.0,554052.03
44,1996.61,21.0,Bachelor,Seoul,Office,698.3,13676.1,Full-time,76908.91,6.0,13.0,440275.73
33,3563.33,6.0,Bachelor,Incheon,Service,659.8,24810.27,Part-time,149569.03,5.0,15.0,366872.04
28,5753.74,6.0,Master,Daegu,Service,623.6,16085.31,Full-time,319310.32,6.0,14.0,609327.37
45,,21.0,Bachelor,Incheon,Office,593.7,43038.9,Full-time,343023.49,1.0,1.0,455849.41
21,5781.65,0.0,,Gwangju,,789.3,19309.68,Full-time,228035.97,4.0,12.0,422398.85
39,3410.76,17.0,High School,Seoul,Service,746.1,34653.21,Full-time,189291.32,5.0,16.0,496229.08
47,1253.56,28.0,Master,Seoul,Manager,725.5,30148.71,Full-time,233023.97,2.0,27.0,490868.62
26,3462.66,1.0,Bachelor,Busan,,645.8,30386.96,Self-employed,53066.49,6.0,19.0,307347.37
63,4717.42,39.0,High School,Seoul,,842.7,32476.01,,312815.51,1.0,9.0,577693.73
27,4592.93,4.0,PhD,Busan,Service,624.4,35235.79,Full-time,167269.47,5.0,14.0,453026.61
54,2317.34,32.0,PhD,Seoul,Office,649.8,43674.2,Full-time,198397.65,5.0,16.0,560126.3
33,3673.21,11.0,Bachelor,Seoul,Teacher,825.0,39200.05,Full-time,227228.98,3.0,7.0,544009.59
36,8227.01,10.0,High School,Incheon,Office,675.8,46312.53,Full-time,243585.72,5.0,1.0,480711.28
55,2350.1,37.0,Master,Incheon,Engineer,819.0,,Full-time,257951.0,6.0,23.0,597377.01
59,5191.09,33.0,Master,Gwangju,,710.3,11903.14,Full-time,324165.03,2.0,25.0,547998.77
23,1054.99,0.0,High School,Daegu,Service,638.8,47886.09,,,1.0,0.0,346186.75
21,5495.69,0.0,,Gwangju,Teacher,664.3,34749.86,Full-time,217426.3,6.0,22.0,436592.67
25,2861.51,0.0,Master,Seoul,Teacher,622.7,15231.82,Full-time,282474.29,5.0,22.0,524396.37
61,4803.13,37.0,Master,Gwangju,Engineer,735.5,24645.45,Self-employed,293960.58,2.0,4.0,513973.53
23,2262.71,0.0,Master,Incheon,,777.8,34444.27,Full-time,72266.99,3.0,2.0,282919.98
48,4636.28,26.0,Bachelor,Seoul,Service,717.4,27435.38,Part-time,182782.39,,21.0,448675.76
37,2837.02,15.0,Bachelor,Seoul,Manager,702.7,35348.99,Part-time,142960.53,4.0,10.0,467133.01
45,3127.43,20.0,Bachelor,Gwangju,Engineer,596.9,13904.7,Full-time,222231.2,5.0,15.0,463699.66
63,4862.98,39.0,High School,Busan,Engineer,767.5,27637.99,Full-time,326728.6,5.0,20.0,545491.1
53,3554.42,28.0,Bachelor,Daegu,Service,747.2,29411.45,,286208.42,3.0,8.0,543442.5
29,4770.57,2.0,Bachelor,Gwangju,Office,702.2,19519.62,Full-time,,2.0,3.0,389617.51
55,3913.74,36.0,Bachelor,Gwangju,Teacher,655.9,24600.2,Full-time,186448.27,3.0,8.0,398552.16
33,4301.24,7.0,Bachelor,Daegu,Engineer,683.5,22440.28,Full-time,186723.21,2.0,13.0,367353.44
50,4867.63,30.0,Master,Seoul,Service,607.2,14687.37,Self-employed,168716.23,1.0,9.0,430595.2
34,3674.97,11.0,Master,Seoul,Service,562.1,20590.73,Full-time,143842.61,5.0,21.0,398402.95
27,2705.93,4.0,Master,Busan,Service,656.0,30291.65,,268987.95,4.0,15.0,483815.63
33,3401.53,14.0,Master,Gwangju,Teacher,611.2,16305.4,Self-employed,173346.54,3.0,8.0,372679.29
42,5992.71,18.0,Bachelor,Daegu,Engineer,639.4,19901.38,Full-time,109456.36,6.0,2.0,345418.44
59,4374.26,33.0,Bachelor,Gwangju,Service,641.0,7565.02,Full-time,244439.02,4.0,27.0,459413.18
40,2932.65,13.0,Bachelor,Incheon,Teacher,673.8,45283.56,Full-time,225727.96,4.0,29.0,447648.55
35,4802.34,17.0,High School,Gwangju,Office,668.5,39112.26,,245255.32,5.0,,484566.4
64,4902.47,39.0,Master,Gwangju,Manager,435.7,42457.23,Full-time,342974.59,5.0,0.0,558374.08
37,4980.0,18.0,High School,Incheon,Engineer,707.8,32332.79,Self-employed,222040.47,6.0,27.0,451770.42
43,2733.24,25.0,Bachelor,Incheon,Teacher,690.5,31533.28,Self-employed,165399.66,4.0,21.0,415334.0
45,3176.41,20.0,Bachelor,Daegu,Manager,756.9,25466.08,Full-time,164790.11,1.0,19.0,377680.26
44,3184.76,25.0,Bachelor,Seoul,Manager,662.9,43603.13,Full-time,138284.67,6.0,10.0,476708.03
64,,,Master,Busan,Teacher,766.8,28283.17,Self-employed,154922.57,4.0,25.0,503296.15
60,5008.38,37.0,Bachelor,Incheon,Teacher,667.8,5000.0,Full-time,113719.13,2.0,30.0,427496.72
48,4644.28,26.0,Bachelor,Seoul,Teacher,707.2,5000.0,Full-time,230088.05,6.0,19.0,497404.75
34,4762.83,9.0,Bachelor,Daegu,Service,606.6,32361.31,Full-time,162529.0,2.0,19.0,313236.37
64,6231.03,44.0,Master,Gwangju,Office,770.9,16484.9,Part-time,230911.88,2.0,0.0,520882.35
20,5233.34,0.0,Bachelor,Daegu,,784.0,29168.58,Full-time,189133.27,2.0,4.0,377646.46
44,3987.3,23.0,Bachelor,Daegu,Manager,830.7,37106.63,Full-time,211001.99,3.0,8.0,461829.62
26,2424.17,2.0,Bachelor,Incheon,Manager,,18045.43,Full-time,369021.79,1.0,2.0,514651.11
28,,4.0,High School,Busan,,722.4,24404.96,Full-time,317270.64,3.0,11.0,529727.32
43,3807.44,18.0,Bachelor,Incheon,Teacher,564.8,24841.13,Full-time,89156.61,3.0,17.0,278352.76
20,5443.69,1.0,Master,Gwangju,Engineer,529.0,17600.74,Full-time,168183.33,2.0,27.0,307396.55
63,4159.0,44.0,Master,Incheon,Service,725.1,10850.27,Full-time,58669.48,1.0,1.0,381325.92
27,3215.71,6.0,Master,Gwangju,,671.0,,Full-time,185813.64,1.0,30.0,361565.39
43,3100.66,16.0,High School,Incheon,Office,577.2,10076.35,Full-time,248246.72,4.0,9.0,531103.81
30,4095.63,4.0,Bachelor,Busan,Office,694.3,25867.4,Full-time,311211.31,6.0,6.0,588084.42
36,5534.98,9.0,High School,Seoul,Service,754.7,25704.99,Part-time,306968.55,,29.0,574304.89
27,6586.53,1.0,High School,Busan,Manager,685.0,21677.63,Full-time,,6.0,21.0,475953.13
54,3891.35,33.0,Bachelor,Incheon,Office,778.3,10959.06,Full-time,140717.79,6.0,30.0,520787.09
54,4132.89,28.0,Bachelor,,Engineer,627.1,41264.04,Full-time,291787.23,1.0,17.0,525818.19
52,2379.09,32.0,Master,Seoul,Engineer,766.6,20528.73,Self-employed,224152.33,5.0,15.0,597039.17
24,7108.79,2.0,Master,Daegu,Teacher,649.3,58799.33,Part-time,236128.33,6.0,12.0,478291.37
61,2098.5,34.0,Master,Busan,Manager,778.4,38382.09,Full-time,385965.11,3.0,0.0,655009.78
58,5957.49,32.0,Master,Seoul,Teacher,578.3,5000.0,Self-employed,139747.19,6.0,6.0,502432.57
60,3652.0,37.0,High School,Incheon,Service,698.5,42813.22,Full-time,396308.9,1.0,29.0,599150.89
47,3300.95,27.0,Bachelor,Daegu,Office,698.3,19570.61,,372859.0,5.0,30.0,583802.62
26,2534.99,0.0,Bachelor,Incheon,Teacher,718.2,16876.86,Full-time,225779.89,6.0,10.0,419998.99
28,7815.07,2.0,Bachelor,Gwangju,Teacher,651.9,24735.29,Full-time,236440.04,5.0,,489806.14
27,4532.24,4.0,High School,Seoul,Service,714.5,41605.58,Full-time,159897.07,5.0,20.0,436030.29
31,4231.92,10.0,High School,Daegu,Engineer,664.1,34280.59,Part-time,236166.02,2.0,4.0,403482.99
53,5530.1,32.0,Bachelor,Busan,Engineer,637.9,30189.68,Full-time,227943.04,4.0,9.0,517881.0
52,3223.75,27.0,Master,Busan,Service,793.1,18137.38,Full-time,161464.52,6.0,28.0,462016.79
42,4202.77,18.0,Master,Busan,,686.2,39317.46,Full-time,159240.11,6.0,2.0,483710.27
43,4284.5,25.0,Bachelor,Busan,Service,558.9,16191.28,Full-time,199688.7,4.0,26.0,442580.6
56,3431.78,33.0,Bachelor,,Engineer,626.2,40514.66,Part-time,,1.0,14.0,406040.47
54,5999.46,29.0,Bachelor,Gwangju,Service,796.1,31997.73,Full-time,74431.19,1.0,11.0,219456.25
63,3872.02,43.0,Master,Busan,Engineer,607.3,20851.58,Full-time,315810.99,6.0,4.0,619577.46
59,1870.3,33.0,High School,Busan,Teacher,723.3,53506.21,Part-time,177709.89,6.0,13.0,459940.69
41,3747.75,14.0,Master,Busan,Teacher,,38944.66,Self-employed,194454.77,4.0,11.0,412346.36
46,4573.77,27.0,Bachelor,Gwangju,Engineer,564.9,34703.62,Part-time,235093.28,5.0,21.0,456959.41
54,2859.76,31.0,High School,Seoul,Service,718.4,29240.05,Full-time,197284.81,1.0,10.0,422484.66
20,2978.11,2.0,,Busan,Teacher,653.7,14275.04,Self-employed,316845.83,6.0,22.0,518051.04
54,3380.61,35.0,High School,Busan,Office,807.1,28453.82,Full-time,195836.05,2.0,22.0,473298.19
56,6031.85,34.0,Bachelor,Busan,Engineer,770.0,47250.71,Full-time,170421.25,2.0,12.0,496096.8
33,3469.26,15.0,Master,Seoul,Office,781.2,,,272697.24,4.0,9.0,538668.5
22,6343.68,0.0,Bachelor,Busan,Office,765.3,34807.39,Full-time,,1.0,9.0,421498.14
20,3277.57,2.0,Bachelor,Seoul,Manager,735.2,44731.68,Full-time,432773.39,1.0,23.0,552922.26
24,4687.52,0.0,Master,,Office,570.7,45331.93,Self-employed,58886.69,6.0,20.0,389852.27
45,,18.0,Bachelor,Incheon,Office,661.3,17198.95,Full-time,226493.64,6.0,,521936.53
33,5331.12,13.0,High School,Incheon,Manager,733.7,21461.15,Full-time,277875.1,5.0,19.0,490181.46
58,,39.0,,Busan,Manager,656.8,29211.07,Full-time,142655.5,1.0,15.0,360110.44
46,5314.29,28.0,Master,Daegu,Manager,677.6,33446.16,Self-employed,339513.83,4.0,11.0,559068.23
28,4370.8,2.0,Bachelor,Incheon,Service,738.0,43380.72,Full-time,161814.08,1.0,22.0,338606.47
34,,13.0,Bachelor,Incheon,Manager,764.5,25586.35,Full-time,230065.12,6.0,17.0,488346.7
34,3950.67,16.0,PhD,Daegu,Service,606.2,39347.66,Full-time,312439.92,,23.0,433955.14
45,6500.78,27.0,Master,Gwangju,Engineer,733.6,,Full-time,127116.25,2.0,3.0,386702.95
61,4406.77,37.0,High School,Busan,Service,725.2,24808.13,Part-time,208692.52,4.0,9.0,513043.06
32,3145.91,13.0,Master,Gwangju,Engineer,600.9,39336.27,Full-time,285261.83,3.0,0.0,451439.39
51,2392.96,,High School,Gwangju,Manager,647.5,38001.97,Full-time,232822.92,4.0,17.0,493535.22
58,4958.11,34.0,Master,Seoul,,692.0,16500.9,Full-time,276828.74,4.0,14.0,588615.38
51,4493.77,24.0,Bachelor,Seoul,Engineer,791.2,,Full-time,287955.57,6.0,16.0,569111.61
23,5242.53,0.0,Master,Busan,Teacher,646.8,10957.58,Part-time,175042.91,3.0,,357856.45
49,2006.66,25.0,Bachelor,Daegu,Service,713.4,42357.34,Full-time,357592.35,6.0,0.0,582543.16
56,2441.61,38.0,Master,Seoul,Office,773.5,25548.0,Full-time,148559.66,3.0,26.0,459138.1
42,5920.32,17.0,Bachelor,Incheon,Manager,828.4,22584.01,Full-time,335343.6,2.0,13.0,516794.87
58,4697.01,33.0,Bachelor,Busan,Service,698.1,24423.23,Full-time,249881.38,5.0,11.0,518660.23
64,5000.1,43.0,Bachelor,Gwangju,Service,510.4,32548.48,Self-employed,167617.37,4.0,24.0,475722.77
34,2755.97,9.0,Master,Busan,Manager,753.9,,Full-time,146687.21,4.0,26.0,352060.81
62,2728.52,41.0,,Seoul,Engineer,696.9,42617.22,Full-time,243878.64,4.0,30.0,542680.05
48,5686.89,23.0,Bachelor,Daegu,Manager,612.4,14233.92,Part-time,201308.92,4.0,10.0,479855.07
55,5757.57,33.0,Master,Gwangju,Service,736.9,15504.32,Full-time,261510.69,2.0,19.0,484991.96
32,2567.52,11.0,Bachelor,Daegu,Teacher,829.2,5130.36,Full-time,200742.9,4.0,25.0,503345.76
51,2280.94,28.0,Master,Busan,Engineer,696.7,31706.41,Part-time,226366.52,3.0,18.0,517506.53
26,4037.11,7.0,Master,Daegu,Manager,550.3,25965.54,Full-time,263503.84,3.0,29.0,337796.56
41,3000.98,22.0,High School,Daegu,Office,795.5,35528.51,Full-time,214663.94,1.0,24.0,360271.91
47,2969.73,28.0,PhD,Busan,Manager,681.8,21988.07,Full-time,198178.81,2.0,3.0,425618.22
21,2322.93,0.0,Bachelor,Gwangju,Service,737.0,23242.11,,250267.34,1.0,16.0,360203.36
61,3497.35,34.0,High School,Daegu,Service,685.0,10574.85,Full-time,188842.24,4.0,17.0,473250.64
64,2467.96,44.0,Master,Daegu,Office,716.5,41240.2,,277086.27,2.0,3.0,522039.11
25,2556.9,0.0,Master,Busan,Engineer,733.3,20776.55,Part-time,258650.98,2.0,26.0,358322.74
47,4647.59,26.0,High School,Incheon,Service,744.6,17972.65,Full-time,279391.82,5.0,0.0,600507.16
47,4117.2,20.0,High School,Daegu,Engineer,691.7,39598.86,Full-time,278884.99,,5.0,574515.05
63,4927.32,38.0,Master,Seoul,Engineer,619.2,10291.24,Full-time,,1.0,6.0,412111.53
63,1726.45,42.0,High School,Gwangju,,695.5,,Full-time,50071.6,1.0,0.0,291942.31
39,4214.82,12.0,Master,Daegu,Engineer,743.1,18782.32,Full-time,206278.75,3.0,5.0,394175.11
49,,22.0,Master,Busan,Service,619.7,26608.93,Self-employed,240198.98,3.0,2.0,517362.14
30,3641.59,6.0,Bachelor,Seoul,Service,591.5,5000.0,Full-time,209864.6,6.0,22.0,530826.24
47,5437.12,25.0,Bachelor,Busan,Teacher,786.6,34930.23,Full-time,,6.0,15.0,468594.32
44,5424.01,18.0,Bachelor,Daegu,Engineer,815.3,52600.35,Full-time,325428.24,6.0,26.0,560608.28
58,5497.8,37.0,Bachelor,Seoul,Teacher,683.1,12843.9,Self-employed,151882.56,3.0,1.0,504351.49
52,4449.99,32.0,Master,Gwangju,Manager,728.1,41860.01,Part-time,161933.4,2.0,1.0,395185.44
20,5049.13,1.0,PhD,Gwangju,Teacher,710.1,27432.32,Full-time,,4.0,,394100.73
46,5248.52,28.0,Bachelor,Gwangju,Engineer,505.6,34415.25,Full-time,195017.99,1.0,10.0,411360.97
32,5153.17,9.0,Bachelor,Incheon,Service,696.5,,Self-employed,170417.06,3.0,,426603.44
60,2523.87,33.0,Bachelor,Busan,Manager,797.3,15615.81,Full-time,218350.75,2.0,19.0,470849.84
22,1638.92,3.0,Master,Daegu,Engineer,586.0,29049.51,Part-time,228875.12,5.0,10.0,360932.4
58,,33.0,Master,Seoul,Manager,578.7,25402.96,Full-time,138199.86,4.0,7.0,458122.06
25,3794.76,2.0,Master,Busan,Office,621.6,29788.84,Part-time,125605.35,5.0,18.0,396938.65
27,5090.89,5.0,High School,,,642.1,10436.55,Full-time,281166.48,6.0,23.0,518778.33
46,,27.0,Master,Incheon,Office,733.4,35325.09,Self-employed,215915.42,5.0,22.0,454011.9
28,5585.96,4.0,Bachelor,Daegu,Teacher,785.7,32660.29,Part-time,305203.27,4.0,20.0,520629.06
56,3446.59,37.0,Master,Busan,Engineer,783.8,41270.83,Full-time,274421.06,2.0,14.0,489796.84
52,3460.87,30.0,Master,Daegu,Office,732.3,31798.16,Full-time,194944.37,5.0,27.0,383313.15
61,2945.84,42.0,Master,Seoul,Service,552.7,55068.34,Full-time,257017.12,2.0,19.0,506814.52
63,,36.0,Bachelor,Incheon,Teacher,552.4,52090.88,Self-employed,283277.63,5.0,13.0,504695.27
43,4543.97,24.0,Bachelor,Seoul,Engineer,738.7,28206.58,Full-time,151733.47,3.0,25.0,441897.42
34,6769.0,10.0,High School,Incheon,Engineer,553.0,,Full-time,89728.03,6.0,25.0,343836.49
51,4106.0,25.0,Master,Incheon,Service,724.4,18039.12,Full-time,139210.9,4.0,17.0,421479.4
51,1424.05,29.0,High School,Daegu,Service,,11728.77,Full-time,268705.51,1.0,24.0,377883.8
43,5370.51,19.0,Bachelor,Seoul,Office,,25265.78,Full-time,366533.66,4.0,19.0,579056.65
60,1762.8,39.0,High School,Incheon,Office,476.3,20272.84,Full-time,216987.29,5.0,4.0,506280.62
31,2386.45,12.0,Master,Incheon,Office,696.1,18574.94,Self-employed,328237.74,5.0,1.0,609988.09
58,3842.49,38.0,,Daegu,Manager,720.9,32216.65,Full-time,297616.75,6.0,1.0,570747.12
21,4384.27,2.0,Master,Busan,Teacher,635.5,9088.81,Full-time,160561.74,3.0,1.0,356534.51
22,,0.0,,Busan,Engineer,592.6,13809.97,Full-time,214378.39,3.0,25.0,407274.51
56,3784.03,33.0,Master,Gwangju,Teacher,,,Full-time,274487.83,4.0,1.0,532989.72
36,5272.74,12.0,High School,Gwangju,Service,563.8,11769.53,Full-time,120195.08,1.0,8.0,309534.93
21,5478.27,1.0,Master,Incheon,Teacher,729.3,20753.32,Full-time,292122.34,6.0,28.0,558664.17
21,6077.18,0.0,Bachelor,Busan,Teacher,,37696.93,Full-time,,4.0,11.0,494080.71
47,7064.13,22.0,High School,Incheon,Office,523.2,51193.58,Full-time,288990.28,1.0,20.0,443684.77
42,5414.83,21.0,Bachelor,Seoul,Service,637.7,7270.75,Full-time,,2.0,26.0,462959.57
56,3874.9,32.0,Bachelor,Busan,Teacher,676.1,,Full-time,261168.88,5.0,21.0,455223.19
51,5488.97,28.0,High School,Busan,Engineer,678.4,16440.43,Full-time,303552.86,2.0,19.0,442252.23
52,4900.07,28.0,Bachelor,Busan,Office,,29960.16,Self-employed,94897.75,4.0,17.0,434776.13
20,4959.55,2.0,High School,Gwangju,Teacher,573.1,34921.49,Full-time,50000.0,1.0,2.0,258207.21
38,4465.83,18.0,Bachelor,Daegu,,643.2,44866.23,Full-time,263783.16,1.0,29.0,391161.74
21,2831.92,0.0,Bachelor,Daegu,Engineer,,56751.09,Full-time,169277.98,2.0,18.0,281844.27
63,2657.86,43.0,,Gwangju,,725.6,40511.54,Full-time,235306.72,3.0,30.0,509429.36
45,4054.32,21.0,Master,Gwangju,Service,726.6,22300.14,Full-time,237115.84,3.0,15.0,475115.01
51,4423.37,25.0,Bachelor,Gwangju,Service,780.1,9537.36,Full-time,324080.73,6.0,10.0,555559.86
25,3180.84,5.0,Bachelor,Daegu,Manager,596.2,30788.75,Full-time,234505.45,2.0,26.0,365899.55
51,4835.01,33.0,Bachelor,Incheon,Engineer,649.8,35750.55,Full-time,265213.87,3.0,25.0,454582.29
23,,0.0,Bachelor,Gwangju,Service,665.2,14142.11,Self-employed,259506.97,1.0,23.0,378694.21
30,1583.5,7.0,High School,Incheon,Manager,,37308.91,Full-time,287374.25,4.0,23.0,446515.57
36,5073.37,18.0,High School,Incheon,Office,697.9,22865.31,,,3.0,14.0,427298.74
57,4101.04,39.0,,Seoul,Manager,677.6,14434.28,Full-time,245811.65,6.0,21.0,667527.24
43,4875.98,18.0,Master,Daegu,Office,589.1,29641.95,Full-time,50000.0,1.0,10.0,208903.82
24,3553.93,0.0,Master,Incheon,Manager,749.7,17168.79,Self-employed,166280.52,6.0,28.0,483021.65
53,3980.91,34.0,PhD,Daegu,Service,744.6,14125.64,Full-time,306874.33,4.0,9.0,525858.33
25,4394.25,0.0,Master,Daegu,Manager,712.0,31444.67,Full-time,107245.61,1.0,26.0,241931.97
41,3747.55,19.0,Master,Seoul,Manager,,32983.82,Full-time,116567.02,5.0,23.0,449711.3
30,1919.19,5.0,Master,Daegu,Service,602.2,,Full-time,275300.27,4.0,18.0,406895.01
35,3849.13,11.0,Bachelor,Incheon,Office,704.3,31296.44,Self-employed,167873.93,5.0,22.0,402691.3
52,2075.35,,,Busan,Service,637.0,41699.89,Full-time,326633.59,3.0,4.0,548689.43
28,5179.79,7.0,Bachelor,Incheon,Engineer,661.5,37985.94,Self-employed,226370.26,6.0,13.0,504994.84
25,1401.68,6.0,Bachelor,Incheon,Manager,591.9,18086.46,Self-employed,349304.19,3.0,8.0,478689.34
35,5742.98,13.0,PhD,Daegu,Engineer,695.4,28335.32,Full-time,364630.65,1.0,24.0,555117.83
48,4844.34,28.0,Bachelor,Incheon,Service,,19612.12,Full-time,328424.65,2.0,20.0,536631.08
22,4850.08,0.0,Master,Busan,Service,705.9,11194.97,Full-time,176626.25,1.0,5.0,283666.47
39,1000.0,16.0,Bachelor,Daegu,Teacher,757.7,35712.16,Full-time,124824.8,6.0,0.0,351673.75
55,3707.1,37.0,High School,Gwangju,Engineer,750.2,40032.22,Full-time,328068.13,6.0,27.0,566853.36
38,5930.35,18.0,Bachelor,Incheon,Teacher,,22310.72,Full-time,218715.43,6.0,29.0,496320.38
45,3422.09,24.0,Bachelor,Incheon,Engineer,665.2,30817.86,Self-employed,237038.86,,11.0,557570.34
22,2582.91,0.0,Bachelor,Seoul,Teacher,,46566.16,Part-time,317626.39,6.0,,501287.12
38,3244.99,15.0,Bachelor,Gwangju,Teacher,738.6,40299.89,Full-time,124652.29,4.0,3.0,427854.3
39,4097.58,18.0,High School,Gwangju,Engineer,756.9,20964.3,Part-time,270020.61,,14.0,429531.51
51,2922.94,33.0,Bachelor,Busan,Service,693.3,27044.3,Part-time,178065.66,1.0,16.0,381346.71
26,6050.73,1.0,Bachelor,Gwangju,Office,648.6,19502.74,Full-time,287371.73,5.0,19.0,452569.2
60,4103.0,41.0,Bachelor,Seoul,Service,658.4,30750.33,Full-time,252835.84,,11.0,560486.11
52,3366.65,27.0,Bachelor,Busan,Office,790.2,28485.61,,294939.75,3.0,0.0,516943.19
59,2247.98,36.0,High School,Gwangju,Engineer,679.9,14165.38,Full-time,183854.61,1.0,12.0,387606.9
58,4926.67,33.0,High School,Busan,Manager,779.8,22528.65,Full-time,159676.38,1.0,29.0,417914.65
37,4892.5,14.0,Bachelor,Gwangju,Service,792.4,5000.0,Full-time,,6.0,9.0,414249.74
59,3011.69,37.0,Bachelor,Gwangju,Teacher,753.6,15533.48,Part-time,170621.7,6.0,,482212.18
20,,0.0,Bachelor,Gwangju,Service,744.3,32952.86,Full-time,166515.47,5.0,5.0,390627.61
30,4816.14,3.0,,Incheon,Engineer,815.8,29719.26,Part-time,160370.96,1.0,8.0,353876.43
47,3919.79,20.0,High School,Gwangju,Manager,612.4,39362.09,Part-time,,6.0,17.0,505322.35
44,4704.11,19.0,High School,Incheon,Manager,647.0,28632.73,Self-employed,386024.04,3.0,1.0,558062.76
42,7135.76,18.0,Bachelor,Daegu,Service,579.3,25645.95,Full-time,287389.64,2.0,5.0,492881.06
50,4159.75,25.0,Bachelor,Seoul,Service,560.2,50294.85,Full-time,279579.08,5.0,10.0,568853.55
49,3429.24,24.0,Bachelor,Busan,Service,676.5,23928.77,Part-time,277475.54,3.0,25.0,485201.8
61,2479.02,37.0,Master,Busan,Engineer,701.5,23378.05,Full-time,142382.94,3.0,27.0,436507.26
54,3731.37,35.0,Master,Daegu,Office,720.4,28595.3,Full-time,278887.09,4.0,12.0,555312.6
26,4440.87,0.0,High School,Gwangju,Office,624.2,18666.37,Self-employed,66770.61,2.0,5.0,199883.52
35,4279.96,11.0,Master,Seoul,Teacher,,31084.64,,251743.62,3.0,11.0,493299.86
45,6785.2,22.0,High School,Daegu,Engineer,747.7,19307.56,Full-time,282349.53,4.0,18.0,486030.34
21,4948.63,0.0,Bachelor,Daegu,Manager,563.2,,Full-time,289136.24,4.0,17.0,486069.63
20,3997.8,2.0,Master,Busan,Teacher,681.0,19056.45,Self-employed,275362.21,1.0,29.0,376886.46
31,3140.16,12.0,Master,Incheon,,784.5,6666.53,Full-time,114106.28,6.0,18.0,418593.8
24,4600.01,6.0,Bachelor,Incheon,Manager,658.8,5000.0,Full-time,165432.94,3.0,27.0,392648.68
56,,29.0,Bachelor,,Service,646.3,10914.6,Full-time,319941.14,5.0,11.0,485240.93
51,4469.75,31.0,Bachelor,Gwangju,Manager,779.4,41693.07,Part-time,251391.16,1.0,19.0,382356.57
28,4931.12,6.0,High School,Daegu,Manager,566.9,28901.69,,246831.75,2.0,12.0,372044.6
60,3875.32,42.0,High School,Gwangju,,615.7,22238.24,Full-time,174921.61,6.0,19.0,548329.92
54,3254.57,33.0,,Incheon,Service,618.8,15524.87,Full-time,126296.21,5.0,22.0,431142.93
38,1000.0,13.0,Bachelor,Seoul,Service,735.5,43132.75,Full-time,157877.91,5.0,3.0,456829.01
35,5915.76,12.0,Master,Busan,Teacher,551.7,20299.83,Part-time,101869.07,4.0,25.0,241199.09
22,4804.95,4.0,High School,Incheon,Service,778.7,17858.74,Full-time,266793.95,3.0,29.0,499423.08
39,4841.43,21.0,Master,Gwangju,Office,677.9,5297.77,Full-time,50000.0,4.0,21.0,343362.56
43,1857.97,23.0,High School,Busan,Engineer,763.7,5000.0,Full-time,158133.13,4.0,5.0,445053.08
52,6269.76,25.0,Master,Busan,Teacher,779.3,33536.6,Self-employed,387728.16,3.0,12.0,606030.89
43,3502.17,18.0,Bachelor,Daegu,Office,617.2,48235.93,Full-time,201785.12,3.0,29.0,351715.96
30,3766.81,5.0,Bachelor,Gwangju,Manager,,31556.92,Full-time,154315.95,3.0,9.0,319818.39
27,2596.07,7.0,Master,Daegu,Office,661.8,31398.02,Full-time,409923.81,4.0,2.0,515332.98
55,1519.58,31.0,Bachelor,Busan,Teacher,,49556.97,Full-time,185675.2,6.0,8.0,503022.8
57,5936.02,37.0,High School,Daegu,Service,634.4,34010.15,Full-time,388996.71,3.0,14.0,584755.14
59,6129.9,38.0,Bachelor,Gwangju,Engineer,769.1,27907.04,Full-time,196355.62,3.0,,501742.71
39,3951.71,13.0,Bachelor,Incheon,Teacher,665.1,34713.87,Part-time,297588.95,5.0,25.0,553119.19
54,3180.92,33.0,Bachelor,Seoul,Office,653.3,38834.62,Full-time,414875.29,4.0,29.0,721474.51
44,3634.43,24.0,Bachelor,Incheon,Office,769.9,34113.79,Full-time,232694.63,3.0,4.0,485602.49
54,3675.58,32.0,Master,Busan,,746.9,22172.66,Part-time,,4.0,25.0,465639.05
44,2400.21,20.0,Bachelor,Incheon,Teacher,703.0,32878.08,Full-time,280780.34,2.0,30.0,480213.35
48,3761.62,26.0,High School,Daegu,Teacher,648.6,19684.54,Full-time,,1.0,30.0,240335.44
37,4429.65,16.0,Master,Gwangju,Service,797.2,27627.78,Self-employed,327225.1,5.0,24.0,540331.59
65,5727.24,,Bachelor,Incheon,Teacher,595.5,32767.14,Part-time,165471.41,5.0,25.0,513463.99
37,4221.37,16.0,Bachelor,Incheon,Manager,765.8,50065.74,Self-employed,88931.17,4.0,21.0,366393.35
21,1835.47,2.0,Bachelor,Gwangju,Engineer,,33264.17,Full-time,211686.07,3.0,21.0,370058.59
54,4730.32,27.0,Bachelor,Daegu,Engineer,578.7,28196.91,Full-time,182944.81,4.0,8.0,410911.77
35,3816.1,12.0,Bachelor,Seoul,Manager,685.9,23194.45,Self-employed,50000.0,,28.0,438473.41
60,6255.61,41.0,Bachelor,Incheon,Office,,20991.92,Full-time,221315.28,1.0,25.0,473625.53
55,6344.19,,High School,Busan,,652.2,23359.06,Self-employed,127556.6,5.0,14.0,446849.05
52,6396.68,34.0,PhD,Daegu,Office,702.4,28482.46,Self-employed,181939.43,5.0,12.0,561983.75
23,3357.62,1.0,Master,Daegu,Office,598.9,38989.99,Part-time,127343.56,1.0,20.0,218013.76
52,7184.78,26.0,Bachelor,Incheon,Service,492.2,12707.89,Full-time,276397.49,4.0,2.0,497202.01
33,4726.41,14.0,Master,Gwangju,Manager,669.8,37193.32,Self-employed,218963.1,5.0,18.0,415709.41
40,6639.57,16.0,Bachelor,Incheon,Engineer,697.2,21217.02,Full-time,96455.74,3.0,1.0,341028.26
39,3446.07,17.0,High School,Incheon,Manager,649.8,19587.47,Full-time,340249.3,4.0,17.0,592992.15
27,3752.1,8.0,High School,Gwangju,Engineer,678.8,34128.45,Part-time,246726.34,3.0,13.0,386198.0
26,4611.04,1.0,High School,Busan,Office,665.6,23498.98,Full-time,178166.73,6.0,21.0,427306.92
22,4427.82,0.0,Master,,Service,598.6,33717.18,Full-time,155767.11,6.0,,399861.72
36,6082.22,15.0,Bachelor,Incheon,Teacher,835.8,32657.22,,215069.68,6.0,12.0,546679.59
52,,31.0,Bachelor,Seoul,Teacher,705.4,37669.45,Full-time,112693.99,2.0,26.0,379022.52
31,5946.92,12.0,,Gwangju,Office,645.9,43820.81,Full-time,332302.82,1.0,23.0,484995.33
41,5298.35,,Bachelor,Busan,Office,614.0,7359.84,Full-time,316805.54,6.0,7.0,555324.58
41,3879.91,17.0,Bachelor,Gwangju,Manager,648.2,30453.28,Full-time,192543.16,5.0,9.0,433819.57
65,5182.01,45.0,Master,Gwangju,Service,,19122.86,Full-time,186978.17,1.0,22.0,388091.23
49,3490.1,27.0,PhD,Daegu,Service,683.1,33016.39,Full-time,144969.54,1.0,1.0,299129.16
57,7725.31,30.0,Bachelor,Daegu,Manager,771.7,11133.47,Full-time,243096.99,3.0,30.0,505379.91
57,1000.0,34.0,Bachelor,Incheon,Service,615.6,28612.26,Full-time,243786.94,5.0,9.0,599562.8
64,5209.41,41.0,Bachelor,Incheon,Service,694.2,5415.2,Full-time,280934.62,2.0,26.0,524302.28
27,1553.11,6.0,Master,Gwangju,,744.0,28521.55,Part-time,244719.03,1.0,1.0,375294.83
46,3861.51,23.0,High School,Seoul,,626.1,28067.04,,144407.61,3.0,28.0,438462.49
46,4071.59,26.0,Bachelor,Incheon,Office,625.6,,Self-employed,158547.22,6.0,25.0,506429.88
53,6461.45,29.0,Master,Gwangju,Teacher,559.3,23273.5,Full-time,232542.99,3.0,22.0,495290.55
40,3161.77,16.0,High School,Gwangju,Office,814.5,,Full-time,161181.7,6.0,3.0,461311.43
49,6162.02,28.0,Bachelor,Gwangju,Office,720.6,9404.83,Full-time,337364.48,5.0,,580771.84
52,2431.78,33.0,,Gwangju,Manager,634.4,12442.58,Full-time,218621.95,4.0,8.0,485632.29
47,6220.0,23.0,High School,Gwangju,Service,630.9,30257.76,,97691.02,4.0,20.0,381363.43
52,3488.48,32.0,Bachelor,Daegu,Service,597.5,40817.75,Self-employed,212287.59,2.0,9.0,412636.85
24,4310.15,6.0,Bachelor,Busan,Service,692.6,37440.97,Part-time,203418.08,6.0,3.0,490363.27
38,,19.0,Bachelor,Busan,Service,652.6,5000.0,Full-time,335246.63,3.0,2.0,538975.1
23,6123.55,0.0,High School,Gwangju,Teacher,606.6,42880.21,Full-time,223838.03,4.0,6.0,383797.64
54,5831.61,28.0,Master,Incheon,Engineer,618.3,43612.22,Part-time,270751.95,1.0,22.0,438734.42
36,4865.25,11.0,High School,Seoul,Office,738.1,19035.99,Full-time,207431.04,2.0,22.0,382987.72
63,2472.2,40.0,Master,Gwangju,Engineer,649.5,19267.1,Self-employed,307160.71,6.0,15.0,548702.11
47,3127.47,24.0,High School,Seoul,Engineer,581.8,21787.86,Full-time,,1.0,4.0,516622.56
49,2657.14,31.0,Bachelor,Daegu,Engineer,685.2,31980.93,Full-time,142625.72,4.0,12.0,438549.67
48,1000.0,29.0,High School,Busan,Teacher,625.1,24358.53,Self-employed,170152.0,3.0,9.0,401355.38
65,6091.98,44.0,High School,Daegu,Engineer,731.7,32669.37,Self-employed,202062.02,,23.0,508943.86
25,3708.26,5.0,High School,Incheon,Teacher,800.6,12372.52,Self-employed,298362.04,2.0,26.0,496430.21
54,3692.26,36.0,Bachelor,Incheon,Manager,525.0,15138.93,Full-time,165334.16,6.0,1.0,440111.27
60,6444.15,35.0,Bachelor,Gwangju,Manager,623.4,17492.83,Part-time,50000.0,2.0,15.0,307405.13
56,3486.02,32.0,High School,Incheon,Manager,691.1,18197.85,Full-time,288809.04,1.0,19.0,454651.34
43,2939.29,22.0,PhD,Incheon,Teacher,673.9,33128.53,Full-time,154284.54,1.0,0.0,355888.4
48,3862.88,22.0,Bachelor,Daegu,Teacher,780.1,30949.09,Full-time,,2.0,5.0,410367.64
65,2501.0,44.0,Bachelor,Seoul,Office,678.5,35900.16,Self-employed,187066.57,1.0,21.0,461764.93
50,4716.53,32.0,Bachelor,Busan,Engineer,,40979.83,Full-time,50000.0,5.0,18.0,356230.19
54,,27.0,Bachelor,Incheon,Service,714.5,32732.34,Full-time,119914.72,6.0,0.0,470363.48
52,,34.0,Master,Incheon,Service,625.5,6613.08,Full-time,292834.37,2.0,27.0,521887.94
40,3309.15,22.0,Bachelor,Daegu,Engineer,721.2,22985.77,Full-time,216890.55,6.0,4.0,497162.03
51,4040.67,33.0,,Busan,Service,712.4,24605.07,Full-time,301289.92,1.0,11.0,507710.67
42,4325.22,21.0,Bachelor,Daegu,Service,688.3,31094.32,Full-time,357486.93,6.0,29.0,560235.95
52,3420.04,34.0,Master,Seoul,Service,526.6,16677.42,Self-employed,81218.02,4.0,16.0,355532.56
22,3661.85,3.0,High School,Daegu,Teacher,619.1,45759.79,,191841.48,3.0,18.0,370688.37
37,4077.72,16.0,Bachelor,Busan,Teacher,694.9,23183.85,Part-time,210607.45,,7.0,481766.5
44,3926.37,,High School,Busan,Teacher,672.4,24030.58,Full-time,348624.13,5.0,9.0,578477.83
61,,,Bachelor,Incheon,Engineer,739.9,25653.15,Full-time,128180.13,3.0,24.0,516214.33
50,3184.99,25.0,High School,Seoul,Manager,740.6,21814.17,Full-time,247906.72,3.0,2.0,493668.9
22,5706.89,0.0,Master,Gwangju,Service,707.6,7177.31,Full-time,329202.24,6.0,8.0,545365.02
59,4345.24,33.0,Master,Incheon,Office,740.6,42893.01,Full-time,295677.44,6.0,,606874.83
65,3444.23,42.0,Bachelor,Daegu,Teacher,720.0,20383.44,Full-time,263464.44,4.0,23.0,524449.09
43,4716.58,22.0,Bachelor,Daegu,Office,637.9,35558.03,Full-time,159061.9,6.0,5.0,398563.46
51,4088.45,28.0,Bachelor,Busan,Service,679.5,22895.54,Part-time,312457.54,3.0,14.0,522486.47
41,1599.26,20.0,Bachelor,Busan,Manager,592.1,20450.46,Part-time,83469.93,5.0,12.0,389370.67
42,4711.43,18.0,Bachelor,Busan,Office,799.5,13060.48,Self-employed,262630.4,4.0,13.0,528712.24
21,2670.74,0.0,High School,Gwangju,Service,579.6,6622.07,Full-time,72769.5,3.0,4.0,286319.75
46,5601.64,26.0,PhD,Gwangju,Service,513.3,22655.98,Full-time,371876.63,4.0,25.0,541410.92
61,3837.38,41.0,Bachelor,Incheon,Teacher,849.7,22147.57,Full-time,122435.57,4.0,28.0,497556.46
21,5370.11,2.0,Master,Gwangju,Manager,672.6,45234.67,Full-time,180781.1,6.0,23.0,382229.42
45,3254.67,,High School,Busan,Service,751.6,28861.38,Part-time,361637.95,6.0,27.0,618233.18
36,4304.89,18.0,Bachelor,Incheon,Manager,738.6,41698.48,Full-time,258142.02,1.0,29.0,415715.95
59,6015.37,39.0,High School,Incheon,Teacher,763.6,9977.33,Full-time,158257.36,,29.0,532289.7
52,3796.48,28.0,Master,Seoul,Office,727.3,28622.16,Full-time,230216.5,6.0,30.0,564167.39
28,3313.77,2.0,Bachelor,Gwangju,Engineer,727.8,34608.46,Self-employed,244836.54,1.0,29.0,408055.23
62,5182.56,43.0,Master,Daegu,Engineer,492.8,29346.98,Part-time,255943.12,6.0,1.0,553670.73
58,5153.49,34.0,Master,Daegu,Engineer,602.9,29801.83,Full-time,202119.83,5.0,6.0,493178.05
48,3376.88,30.0,Master,Seoul,Manager,469.8,25006.72,Full-time,192617.12,4.0,29.0,429162.54
61,1221.81,42.0,,Busan,Engineer,614.4,13667.96,Full-time,278438.75,5.0,0.0,548838.33
45,3284.97,22.0,Master,Seoul,Office,637.4,11602.25,Full-time,198488.55,4.0,,434328.73
54,5216.04,32.0,Master,Busan,Service,670.7,36480.06,Full-time,128719.66,3.0,6.0,391147.87
44,3037.45,19.0,Bachelor,Gwangju,Manager,604.2,20072.61,Full-time,193174.84,2.0,14.0,376219.63
43,4183.59,24.0,Master,Gwangju,Office,651.8,22883.94,Full-time,218309.48,3.0,5.0,401827.81
32,3213.77,14.0,Master,Incheon,Manager,638.6,20070.12,Full-time,249392.31,4.0,19.0,427033.19
26,1301.75,,Bachelor,Incheon,Manager,707.6,17278.77,Self-employed,236650.37,2.0,18.0,356449.67
55,3186.78,32.0,Master,Incheon,Manager,740.7,10449.43,Full-time,107792.14,2.0,8.0,403614.2
64,5209.7,39.0,High School,Incheon,Teacher,697.1,,Self-employed,262369.07,3.0,21.0,524586.07
39,1000.0,14.0,Bachelor,Daegu,Service,730.4,5000.0,Part-time,202283.46,5.0,29.0,379379.64
20,4578.25,1.0,High School,Incheon,Engineer,695.3,36254.39,Self-employed,172225.77,3.0,5.0,378849.85
27,2420.9,2.0,High School,Incheon,Teacher,775.0,41066.46,Full-time,299527.61,4.0,28.0,520298.74
65,5112.66,42.0,Master,Incheon,Service,829.1,29697.4,Full-time,158536.6,5.0,16.0,511196.64
35,5271.48,9.0,Master,Busan,Engineer,484.3,25900.24,Full-time,371724.37,,4.0,484030.45
33,3942.08,9.0,Master,Incheon,Teacher,770.7,30795.03,Full-time,363448.34,6.0,14.0,594996.05
31,3945.5,12.0,PhD,Seoul,Teacher,576.8,23210.86,Full-time,305698.81,6.0,27.0,532952.46
42,2990.46,17.0,Bachelor,Incheon,Office,694.9,39791.49,Full-time,162818.85,5.0,6.0,444952.32
34,2181.62,8.0,High School,Incheon,Teacher,700.9,41434.12,Full-time,268740.19,1.0,13.0,407485.41
47,6747.14,23.0,Bachelor,Daegu,Manager,728.7,34508.29,Full-time,242838.02,5.0,19.0,509638.89
53,2902.39,32.0,Master,Incheon,Teacher,675.9,8190.66,Full-time,158672.87,1.0,27.0,330780.73
21,6551.69,0.0,High School,Busan,Manager,679.6,,Part-time,310891.13,4.0,29.0,500052.74
51,2910.75,30.0,PhD,Gwangju,Service,707.5,43401.26,Self-employed,219974.38,3.0,17.0,438121.35
42,4987.79,21.0,Bachelor,Incheon,Service,652.3,35298.7,Full-time,50000.0,4.0,30.0,315837.45
41,2493.29,15.0,PhD,Incheon,Manager,528.0,39821.43,Full-time,345640.34,3.0,28.0,512157.7
44,4985.09,19.0,Bachelor,Incheon,Office,,19247.89,Full-time,348306.44,6.0,24.0,594519.34
41,3711.62,20.0,Bachelor,Daegu,Office,620.1,22310.2,Full-time,214559.01,1.0,21.0,371329.94
41,3731.23,16.0,Master,Gwangju,Service,613.3,43723.76,Full-time,272734.56,3.0,24.0,414260.01
61,5115.03,36.0,Master,Daegu,Teacher,605.5,35988.98,Self-employed,249316.03,4.0,23.0,499424.61
25,3496.29,1.0,,Daegu,Service,522.3,25033.35,Full-time,179578.82,4.0,30.0,282001.7
34,2057.78,7.0,,Daegu,Service,648.0,24736.87,Full-time,446896.35,4.0,16.0,561354.69
62,,39.0,Master,Busan,Manager,680.1,28232.83,Full-time,167531.91,5.0,17.0,485959.87
56,2481.15,31.0,,Gwangju,Office,741.4,24421.81,Full-time,224359.96,4.0,1.0,530962.35
52,,28.0,High School,Busan,Manager,632.7,28067.6,Self-employed,124943.11,5.0,28.0,413899.64
27,5659.49,5.0,Bachelor,Busan,Service,806.2,,Full-time,292799.81,2.0,17.0,524432.08
63,3636.76,,Bachelor,Gwangju,Engineer,726.7,19554.98,,278839.02,1.0,13.0,526634.44
63,5973.53,44.0,Master,Busan,Teacher,590.3,6475.88,Full-time,293204.25,2.0,3.0,526046.93
24,4922.68,0.0,High School,Gwangju,Service,640.9,20048.94,,116279.59,2.0,6.0,287175.37
58,3156.21,32.0,Bachelor,Incheon,Manager,841.7,34652.56,Full-time,243461.08,5.0,6.0,508902.13
23,6302.14,2.0,Bachelor,Daegu,Engineer,740.8,35222.01,Full-time,253473.85,5.0,0.0,441255.28
25,2487.49,4.0,Bachelor,Busan,Engineer,637.8,15091.59,Full-time,108119.24,1.0,7.0,281933.1
64,3634.95,42.0,Bachelor,Gwangju,Service,751.4,23480.44,Self-employed,253177.47,1.0,19.0,459393.98
51,3890.53,,Bachelor,Seoul,Office,579.1,38389.49,Part-time,165006.6,6.0,23.0,529044.75
49,5107.84,25.0,High School,Busan,Engineer,635.8,26710.15,Full-time,194647.64,1.0,9.0,420791.83
54,5873.15,32.0,Bachelor,Busan,Teacher,493.6,15711.13,Full-time,269099.64,4.0,8.0,520139.63
59,5779.19,36.0,,Gwangju,Manager,728.3,18234.99,Full-time,236891.28,4.0,6.0,531090.09
35,4535.62,14.0,Bachelor,Seoul,Manager,586.8,44895.98,Full-time,156839.02,1.0,2.0,381433.48
32,3779.6,7.0,Bachelor,Seoul,Manager,673.6,22556.34,,123572.01,5.0,11.0,407346.5
61,1461.02,36.0,Bachelor,Incheon,Service,556.3,28632.18,Full-time,206038.7,2.0,2.0,406715.5
49,2228.78,27.0,Bachelor,Busan,Manager,696.0,8815.53,Full-time,239059.82,1.0,4.0,494771.46
38,6849.98,15.0,Bachelor,Daegu,Manager,674.1,25155.71,Full-time,221217.78,6.0,6.0,503797.78
36,1445.89,16.0,Master,Busan,Teacher,562.1,61887.74,Full-time,209272.57,1.0,29.0,376354.2
38,3023.26,20.0,High School,,Office,641.8,49472.48,Self-employed,,2.0,11.0,354297.38
47,5916.91,21.0,PhD,Daegu,Service,690.7,31050.33,Full-time,342078.47,3.0,22.0,612861.1
45,4514.57,19.0,High School,Gwangju,Service,715.6,47382.19,Full-time,236068.83,1.0,24.0,384733.04
56,5592.07,36.0,Master,Busan,Manager,806.7,35241.3,Full-time,237220.4,1.0,30.0,480900.02
45,5014.24,24.0,Master,Gwangju,Teacher,777.4,55910.71,Part-time,201246.65,4.0,16.0,461461.17
42,6404.37,18.0,Bachelor,Incheon,Engineer,624.4,36004.5,Self-employed,183791.69,2.0,13.0,362700.2
28,,9.0,High School,Daegu,Manager,623.4,44079.82,Full-time,,6.0,2.0,586099.7
31,5195.17,11.0,Bachelor,Seoul,Manager,565.5,5000.0,Full-time,267872.39,1.0,0.0,458559.73
20,3113.63,0.0,Bachelor,Daegu,Service,599.2,32633.26,Self-employed,286058.99,6.0,21.0,432348.19
20,5079.5,0.0,Master,Incheon,Service,748.8,20641.01,Self-employed,151918.71,1.0,27.0,362624.53
53,3605.81,35.0,Bachelor,Daegu,,552.9,34732.53,Self-employed,304056.1,3.0,25.0,469314.08
51,3520.34,,Bachelor,Gwangju,Service,,,Self-employed,134786.12,2.0,22.0,354391.11
44,5542.09,26.0,Master,Busan,Teacher,655.9,44604.8,Full-time,,1.0,17.0,420444.11
59,5552.44,40.0,PhD,Seoul,Engineer,619.4,40537.51,Self-employed,229367.43,3.0,13.0,547221.59
64,6732.66,39.0,Bachelor,Gwangju,Engineer,575.8,,Self-employed,332393.45,1.0,,538269.92
20,6634.89,0.0,Master,Busan,Engineer,528.5,5790.38,Full-time,177749.82,5.0,12.0,360228.07
35,5575.97,9.0,Bachelor,Seoul,Manager,576.5,25538.9,Part-time,267521.97,3.0,11.0,460570.6
58,1619.33,39.0,Master,Incheon,Manager,,37011.25,Full-time,253367.25,6.0,4.0,542305.59
24,,4.0,Master,Daegu,Manager,727.8,35610.03,Full-time,154727.38,5.0,2.0,419504.86
41,5576.95,15.0,Master,Seoul,Teacher,809.0,28806.14,Full-time,265632.05,1.0,13.0,460171.27
48,3051.21,22.0,Bachelor,Incheon,Engineer,706.8,35370.22,Self-employed,207255.71,3.0,6.0,443531.88
22,5293.36,0.0,Bachelor,Busan,Service,727.4,37868.35,Full-time,216431.92,2.0,6.0,383867.23
31,2644.1,11.0,Bachelor,Seoul,Service,808.7,28818.87,Full-time,188681.14,6.0,16.0,482472.05
45,5127.95,23.0,Bachelor,Incheon,Office,707.1,35460.0,Full-time,225123.86,4.0,5.0,552153.3
35,2225.59,16.0,Bachelor,Busan,,758.6,36519.9,Full-time,223588.87,,14.0,379345.15
56,2987.67,32.0,Master,Gwangju,Service,649.6,27581.34,Full-time,265025.63,3.0,18.0,473087.47
41,5264.89,14.0,Bachelor,Daegu,Engineer,737.7,,Full-time,247310.05,5.0,14.0,493834.19
48,5809.33,23.0,High School,Incheon,Manager,696.8,13618.36,Full-time,294803.44,3.0,6.0,513490.41
33,4688.16,10.0,Master,Gwangju,Service,660.7,47805.26,Self-employed,290196.54,2.0,4.0,422782.82
47,3770.75,22.0,Master,Busan,Service,803.8,40541.38,Self-employed,,3.0,14.0,570232.81
24,1027.7,5.0,Bachelor,Seoul,Office,583.8,53911.38,Full-time,278303.19,5.0,19.0,522323.31
49,3886.47,29.0,Bachelor,Daegu,Engineer,611.2,9770.12,,232230.03,1.0,12.0,454341.08
65,5000.23,41.0,Master,Busan,Service,774.2,23784.65,Full-time,316278.79,6.0,25.0,626387.93
24,3724.85,0.0,Master,Incheon,Manager,757.7,33787.11,Full-time,230696.85,5.0,6.0,435608.89
31,4166.13,,Bachelor,Daegu,,681.0,31097.81,Full-time,244634.58,6.0,12.0,455414.31
35,3921.57,11.0,High School,Gwangju,Teacher,707.2,22816.21,Full-time,50000.0,6.0,12.0,388265.59
45,3717.44,22.0,Bachelor,Daegu,Manager,721.4,31683.1,Full-time,143491.93,5.0,30.0,422550.86
45,4313.82,20.0,Master,Gwangju,,709.2,42950.56,Full-time,279464.04,5.0,12.0,486595.86
40,3790.96,16.0,High School,Busan,Service,699.3,29691.79,Full-time,334018.68,4.0,22.0,516806.07
58,,37.0,,,Manager,612.8,11622.28,Full-time,265772.05,6.0,7.0,565208.51
55,1000.0,35.0,Bachelor,Daegu,Office,779.1,52657.52,Full-time,271710.84,1.0,4.0,454504.19
52,3381.24,32.0,Master,Seoul,Engineer,663.7,16493.85,Full-time,277184.76,4.0,3.0,573718.08
49,2894.62,28.0,Bachelor,Seoul,Service,600.8,13383.8,Full-time,223105.27,6.0,16.0,587592.64
56,4528.67,30.0,Bachelor,Daegu,,690.7,19294.15,Full-time,140294.76,3.0,19.0,428713.78
42,4315.72,16.0,PhD,Daegu,Manager,707.5,20622.61,Full-time,274420.21,1.0,13.0,426767.5
29,6633.29,10.0,Bachelor,Seoul,Service,711.6,31307.55,Full-time,,,10.0,330423.76
24,7126.71,2.0,Bachelor,Incheon,Teacher,757.8,59319.31,Part-time,261810.58,6.0,9.0,541391.44
55,3040.37,37.0,Master,Incheon,Engineer,649.6,17259.76,Full-time,340688.35,3.0,0.0,512126.14
53,4200.75,32.0,Bachelor,Daegu,Service,674.8,41131.45,Full-time,244496.66,3.0,6.0,442173.2
50,,31.0,Master,Seoul,Manager,612.5,51412.67,Full-time,,5.0,5.0,584896.19
29,3003.28,4.0,,Seoul,Teacher,698.7,22914.83,Self-employed,312533.09,6.0,6.0,590718.66
38,5142.57,17.0,High School,Busan,Service,611.3,26804.27,Full-time,207555.57,,23.0,525933.26
51,3840.74,29.0,Master,Seoul,Engineer,,31665.08,Full-time,346982.39,1.0,14.0,543216.64
20,2598.55,0.0,Bachelor,Incheon,Teacher,758.7,22522.82,Self-employed,307013.0,2.0,5.0,505664.89
24,3780.65,2.0,,Busan,Manager,690.9,6205.25,,231611.26,6.0,17.0,454479.82
64,2703.49,42.0,Bachelor,Incheon,Office,794.0,44227.13,Self-employed,50000.0,5.0,1.0,402485.72
23,5754.97,1.0,High School,Gwangju,,774.1,29897.58,Full-time,211332.64,1.0,8.0,376129.65
35,7052.34,15.0,Master,Daegu,Teacher,697.3,21228.32,Full-time,210378.33,3.0,5.0,463704.52
43,4567.23,19.0,Bachelor,Gwangju,Service,708.3,27476.09,Self-employed,247574.73,3.0,21.0,487179.93
35,4366.92,15.0,Bachelor,Daegu,Service,660.9,24210.41,Full-time,344077.5,2.0,16.0,524373.78
21,4428.65,2.0,High School,Incheon,Teacher,,35109.68,Full-time,306718.76,1.0,23.0,474639.16
47,5973.35,27.0,Bachelor,Incheon,Service,709.0,17209.97,Full-time,239214.97,4.0,29.0,549331.42
51,5941.05,31.0,Master,Gwangju,Teacher,752.8,23469.76,Full-time,,5.0,10.0,493019.77
46,4026.52,21.0,Master,Daegu,Engineer,628.3,29733.64,Full-time,64329.6,1.0,23.0,279020.96
39,4578.88,18.0,Master,Daegu,Service,571.1,5000.0,Full-time,285239.51,4.0,3.0,574507.62
43,5178.97,23.0,Master,Busan,Engineer,720.2,25049.09,Part-time,251010.64,3.0,6.0,515928.75
31,2493.47,4.0,Bachelor,Seoul,Manager,736.2,19749.84,Full-time,306944.05,3.0,14.0,504522.78
54,6018.91,32.0,Bachelor,,Manager,686.0,35301.38,Full-time,252129.02,4.0,24.0,552025.79
52,6802.25,31.0,Master,Incheon,Manager,726.3,30964.15,Self-employed,172407.76,4.0,29.0,443727.81
52,5947.55,26.0,Bachelor,Gwangju,Manager,611.8,43221.18,Self-employed,263148.1,2.0,26.0,447466.12
62,2331.61,37.0,Bachelor,Daegu,Service,755.1,5000.0,Full-time,249672.6,1.0,28.0,441827.51
56,1245.0,32.0,Master,Busan,Teacher,773.7,20597.04,Part-time,306046.31,3.0,16.0,507907.31
31,5263.08,6.0,High School,Gwangju,Service,761.7,30346.58,,198599.76,5.0,11.0,496814.21
22,3059.72,0.0,,Gwangju,Service,689.9,43503.92,Self-employed,169391.95,3.0,12.0,360727.82
20,4630.7,0.0,Bachelor,Seoul,Engineer,774.9,14724.14,Full-time,236416.42,1.0,20.0,441932.79
52,6502.72,,Master,Daegu,Teacher,588.6,18357.24,Full-time,218297.34,4.0,12.0,456819.82
59,3214.57,41.0,Bachelor,Gwangju,Office,725.9,43775.46,Full-time,176916.78,2.0,7.0,386716.91
29,3633.67,6.0,Bachelor,Daegu,Office,737.3,55649.02,Full-time,175635.93,,6.0,363367.03
62,4615.08,37.0,PhD,Busan,Teacher,720.1,48471.26,Full-time,329534.77,2.0,28.0,539248.37
63,2253.74,,Master,Gwangju,Office,604.8,48589.24,Part-time,217744.73,4.0,25.0,434389.99
48,3063.22,29.0,Master,Gwangju,Teacher,698.3,33173.42,Full-time,,6.0,3.0,603039.75
32,4237.29,8.0,High School,Busan,Engineer,659.5,29588.86,Part-time,405834.01,1.0,2.0,510985.84
31,3749.32,8.0,,Daegu,Engineer,523.4,50821.09,Full-time,207141.74,3.0,16.0,306202.91
50,5112.61,28.0,Bachelor,Daegu,Service,585.8,24088.43,Full-time,166151.65,1.0,15.0,360097.51
65,8348.97,44.0,High School,Gwangju,Office,,15875.89,Full-time,140102.47,5.0,18.0,492045.0
21,4348.71,,High School,Busan,Teacher,648.2,31400.59,Full-time,,1.0,30.0,469586.04
54,2937.43,35.0,,Incheon,Engineer,764.5,23671.83,Full-time,,6.0,1.0,547362.91
42,6327.36,18.0,Bachelor,Daegu,Service,771.5,18779.23,Full-time,235975.75,4.0,20.0,451349.52
36,1816.77,9.0,Master,Incheon,Office,723.7,38207.55,Full-time,197316.53,4.0,13.0,443141.8
45,2116.64,25.0,Master,,,630.8,24999.0,Full-time,219027.08,5.0,15.0,437846.09
27,3307.34,,High School,Incheon,,755.5,30214.54,Full-time,450642.33,1.0,16.0,588869.45
48,3775.67,23.0,Bachelor,Incheon,Engineer,697.1,34493.85,Full-time,174103.68,6.0,3.0,522157.58
45,3271.39,20.0,High School,Daegu,Engineer,683.6,6818.16,Full-time,54831.71,4.0,7.0,228714.08
29,4152.73,6.0,Bachelor,Gwangju,Office,607.1,42872.4,Full-time,222196.94,4.0,8.0,384235.2
45,4612.11,23.0,Bachelor,Incheon,Engineer,,55611.24,Part-time,182197.51,4.0,30.0,465367.45
53,5803.44,34.0,Bachelor,Daegu,Office,608.2,43368.0,Full-time,285997.21,4.0,15.0,526535.45
60,,34.0,Master,Incheon,Manager,756.7,5000.0,Full-time,227382.88,2.0,15.0,529227.54
26,3357.08,8.0,Master,Daegu,Engineer,802.7,30705.26,Full-time,324447.86,3.0,16.0,531833.35
23,5721.97,4.0,Bachelor,Gwangju,Teacher,753.9,5698.88,Full-time,54235.88,2.0,2.0,301969.03
64,,46.0,Master,Busan,Engineer,695.9,42324.55,Full-time,275860.58,4.0,21.0,499439.42
30,1751.1,9.0,Master,Daegu,Office,655.5,42367.99,Part-time,343861.65,6.0,20.0,527399.35
48,6008.93,27.0,Master,Daegu,Teacher,718.1,32471.31,Self-employed,193586.88,1.0,27.0,421226.23
55,5912.78,33.0,Bachelor,Incheon,Service,646.6,5000.0,Full-time,192328.02,2.0,16.0,449080.64
44,3011.55,22.0,Bachelor,Gwangju,Teacher,677.5,28124.66,Full-time,189318.18,5.0,17.0,437327.98
40,3601.35,15.0,Master,Seoul,Teacher,614.3,14548.17,Full-time,180688.84,3.0,17.0,467552.67
55,2824.61,35.0,High School,Seoul,Engineer,732.1,29663.86,Full-time,320451.24,1.0,22.0,559848.74
29,4689.94,6.0,Master,Busan,Teacher,736.1,27826.76,Full-time,148048.25,2.0,5.0,343181.39
56,,36.0,Master,Gwangju,Teacher,752.7,40511.41,Full-time,278674.34,3.0,28.0,490027.83
28,5254.32,9.0,Master,Daegu,Office,724.6,26102.06,Full-time,97121.25,6.0,,434082.26
43,5753.59,18.0,High School,,Engineer,719.0,48071.22,Full-time,119624.26,2.0,5.0,400956.87
54,5429.59,36.0,Bachelor,Busan,Office,596.5,32770.74,Full-time,235309.26,5.0,0.0,508080.08
54,4199.82,28.0,Master,Gwangju,Engineer,593.1,21698.5,Part-time,134445.3,4.0,28.0,424207.08
55,5825.01,31.0,PhD,Busan,Service,706.5,26951.73,Part-time,130830.02,5.0,15.0,394104.1
37,5317.55,10.0,,Seoul,Teacher,768.1,43450.67,Full-time,326568.19,4.0,16.0,629005.46
58,6359.17,37.0,Master,Incheon,Engineer,658.6,45043.12,Full-time,265741.26,3.0,3.0,556922.35
51,3510.68,31.0,Master,Incheon,Teacher,680.4,5000.0,Full-time,228217.97,2.0,15.0,541372.08
43,1592.83,20.0,High School,Gwangju,Teacher,681.3,13655.26,Self-employed,278592.23,2.0,25.0,465817.54
42,5767.88,16.0,Master,Busan,Manager,532.5,20472.78,Full-time,105083.01,5.0,30.0,385110.38
51,4724.65,25.0,Bachelor,Daegu,Office,699.2,44875.87,Full-time,143593.85,1.0,21.0,327075.04
56,3755.93,35.0,Bachelor,Seoul,Engineer,636.0,43090.44,Full-time,,3.0,26.0,503503.55
31,3839.77,4.0,Bachelor,Incheon,,728.9,40054.74,Self-employed,99409.75,6.0,21.0,344597.54
32,8032.03,10.0,Master,Incheon,Manager,677.5,41625.24,Full-time,102369.5,4.0,20.0,451444.97
42,3236.71,16.0,Master,Busan,Office,665.7,48553.45,Full-time,194645.77,3.0,19.0,415889.01
44,,25.0,Bachelor,Incheon,Service,667.4,34716.91,Part-time,238455.2,6.0,1.0,556989.44
54,4327.93,35.0,Master,Busan,Service,653.8,41069.11,Full-time,203677.06,5.0,22.0,535892.32
60,5970.74,38.0,Master,Seoul,,571.1,33184.2,Full-time,145206.85,6.0,11.0,501045.77
49,7617.6,31.0,Master,Busan,Office,756.3,40674.93,Full-time,149358.81,2.0,15.0,396983.5
36,5186.05,11.0,Bachelor,Incheon,Manager,629.3,22184.34,Part-time,201683.9,4.0,5.0,413828.17
39,2294.39,17.0,High School,Busan,Engineer,642.6,17591.98,Full-time,285863.6,4.0,15.0,438225.88
44,7156.3,17.0,Bachelor,Incheon,Engineer,686.3,20088.94,Full-time,351327.65,6.0,6.0,577879.06
41,4170.8,22.0,Master,Gwangju,Manager,590.8,24695.1,Part-time,228149.91,4.0,13.0,466985.63
32,2943.44,6.0,High School,Incheon,Teacher,,37786.87,Full-time,57948.24,4.0,2.0,345995.17
38,2580.91,19.0,PhD,Incheon,Teacher,833.3,47788.23,Full-time,296589.42,3.0,0.0,521340.28
55,5454.49,31.0,Master,Incheon,Service,706.9,20738.16,Full-time,278244.71,3.0,16.0,565313.49
31,4558.24,6.0,Master,Gwangju,Office,611.4,58340.02,Full-time,174733.51,6.0,19.0,446557.71
60,4717.61,37.0,Master,,Service,513.5,25329.24,Full-time,204003.58,5.0,3.0,458613.94
38,6129.75,14.0,Bachelor,Incheon,Engineer,760.1,28234.14,Full-time,343988.75,6.0,6.0,646711.06
31,2996.77,13.0,Master,Daegu,,599.0,31438.48,Full-time,356461.76,6.0,28.0,545123.45
28,6249.23,7.0,Bachelor,Seoul,Office,636.6,20428.3,Full-time,154007.27,2.0,6.0,369532.78
26,3421.26,2.0,Master,Busan,Manager,646.7,21998.47,Self-employed,410118.25,6.0,3.0,597715.89
47,7446.01,29.0,Master,Daegu,Office,606.9,24348.87,Self-employed,261136.93,6.0,6.0,488385.49
33,5098.11,15.0,Master,Seoul,Engineer,673.9,13905.83,Full-time,435784.69,2.0,7.0,610913.93
50,2819.64,27.0,Master,Busan,Engineer,635.9,18163.79,Full-time,107549.82,3.0,8.0,283674.13
38,1161.87,17.0,High School,Incheon,Office,728.9,27072.97,Full-time,176761.48,5.0,21.0,466885.99
35,5413.39,15.0,High School,Incheon,Teacher,691.2,23122.13,Full-time,50000.0,1.0,14.0,243224.3
24,3638.73,2.0,Master,Incheon,Office,794.6,20217.14,Full-time,204789.17,6.0,3.0,469307.24
54,3966.65,28.0,Bachelor,Gwangju,Engineer,,40302.33,Part-time,291764.05,6.0,25.0,620751.33
31,5349.29,4.0,Bachelor,Gwangju,Manager,603.6,6987.04,Self-employed,377744.24,6.0,17.0,566785.4
44,5715.62,17.0,Bachelor,Gwangju,Service,653.8,35021.98,Self-employed,160377.21,4.0,24.0,335449.16
40,,,High School,Gwangju,Manager,850.0,29811.81,Self-employed,251215.92,6.0,11.0,526714.59
55,2437.74,35.0,High School,Seoul,Engineer,587.3,31399.59,Full-time,195371.46,2.0,22.0,443251.5
42,6338.84,20.0,Master,Seoul,Manager,743.8,13266.59,Self-employed,281617.96,4.0,5.0,590775.67
35,3331.43,8.0,Bachelor,Incheon,Teacher,723.8,21338.81,Full-time,,2.0,3.0,400392.66
58,1000.0,36.0,Bachelor,Busan,Teacher,612.1,32700.93,Self-employed,197797.13,6.0,3.0,533031.86
64,2432.34,38.0,,Gwangju,Office,615.9,21511.72,Full-time,,1.0,17.0,322224.46
61,4527.04,34.0,High School,Busan,Manager,,9561.41,Full-time,245223.34,6.0,0.0,599284.96
58,2731.78,37.0,Bachelor,Seoul,Manager,826.0,24769.34,Full-time,345452.45,2.0,20.0,596002.7
33,4067.93,15.0,,Gwangju,Engineer,,25708.04,Full-time,113198.7,6.0,5.0,441888.9
50,4707.38,,Master,Seoul,Office,569.1,36751.0,Full-time,298526.85,1.0,,476416.9
24,3927.92,2.0,Bachelor,Seoul,Office,780.5,41630.15,Self-employed,227792.68,2.0,8.0,370401.27
54,3458.47,36.0,PhD,Daegu,Manager,568.8,29656.83,,50000.0,3.0,16.0,277905.36
42,2323.96,19.0,Master,Seoul,Service,737.2,33242.08,Full-time,191570.09,4.0,20.0,471786.59
48,4232.92,21.0,High School,Incheon,Manager,550.5,40667.86,Full-time,197365.24,5.0,10.0,470920.11
62,1102.56,35.0,High School,Seoul,Manager,680.6,25744.88,Full-time,257898.46,5.0,28.0,563048.11
30,3171.0,,Master,Gwangju,Manager,750.8,34498.55,Full-time,267405.41,2.0,20.0,463360.47
37,2808.32,19.0,Bachelor,Incheon,Teacher,454.0,10964.62,Full-time,231870.68,5.0,8.0,470836.55
31,3840.93,4.0,High School,Seoul,Office,637.7,21249.5,Full-time,279257.11,6.0,10.0,543508.34
28,3880.01,7.0,Master,Incheon,Teacher,692.3,48570.01,Self-employed,143449.07,4.0,26.0,421761.12
29,5639.94,3.0,Bachelor,Seoul,Service,652.5,40292.09,Self-employed,204624.46,3.0,3.0,371883.23
63,6575.22,45.0,Bachelor,Incheon,Engineer,626.3,38029.27,Full-time,207586.94,3.0,12.0,532027.19
36,2523.33,10.0,High School,Busan,Service,669.3,17365.67,Self-employed,319458.02,1.0,28.0,498599.3
57,7189.25,32.0,Master,Daegu,Office,763.0,9718.79,Full-time,63775.99,5.0,18.0,420854.07
26,3031.06,4.0,Bachelor,Incheon,Engineer,,16498.26,Part-time,271215.91,6.0,2.0,531134.29
65,4458.79,42.0,Bachelor,Gwangju,Service,736.4,29239.29,Full-time,347889.27,4.0,21.0,629078.44
32,4966.29,8.0,Bachelor,Daegu,Office,804.3,34373.94,Full-time,230836.09,5.0,30.0,386955.91
59,7866.87,38.0,Bachelor,Daegu,Service,637.2,47008.52,Full-time,502105.26,4.0,26.0,703442.36
61,3386.58,38.0,Master,Seoul,,,13540.7,Self-employed,178671.39,1.0,0.0,404424.68
28,,4.0,Master,Incheon,Engineer,598.5,21199.07,Full-time,208330.3,6.0,16.0,455805.74
46,6435.57,23.0,Bachelor,Daegu,Service,850.0,47592.45,Full-time,172814.28,5.0,16.0,429245.71
21,2949.94,0.0,Master,Gwangju,Teacher,688.0,8926.13,Self-employed,201152.25,3.0,6.0,396920.3
24,3657.62,5.0,Master,Gwangju,Service,744.3,30632.68,Full-time,273207.01,1.0,,391951.68
48,2523.38,26.0,,Gwangju,Service,539.0,5000.0,Full-time,188918.0,6.0,4.0,404138.1
56,3661.94,36.0,Bachelor,Seoul,Service,742.5,23829.01,Self-employed,150133.69,5.0,29.0,466154.64
57,2939.41,33.0,High School,Busan,Teacher,689.1,51594.2,Self-employed,84733.51,3.0,13.0,321576.8
38,5214.66,17.0,Master,Incheon,Manager,717.1,34590.91,Self-employed,206801.28,3.0,10.0,447393.94
27,4321.19,9.0,High School,Daegu,Engineer,681.1,43897.19,Full-time,218339.0,4.0,30.0,440470.35
64,,41.0,High School,Incheon,Office,670.4,34549.52,Full-time,,3.0,24.0,453621.8
20,5693.81,0.0,Bachelor,Daegu,Engineer,655.3,34346.18,Part-time,409041.47,2.0,27.0,458830.29
41,4582.5,17.0,PhD,Seoul,,672.8,8416.69,Full-time,275184.01,5.0,26.0,546957.32
36,1430.93,11.0,Bachelor,Incheon,Manager,797.5,52781.77,Full-time,,5.0,29.0,436573.49
26,5579.55,6.0,,Seoul,Engineer,650.6,47565.06,Self-employed,280466.84,4.0,30.0,494056.29
44,4477.3,21.0,Bachelor,Seoul,Engineer,850.0,19044.69,Self-employed,289889.93,3.0,2.0,524533.43
64,6286.1,37.0,Master,Incheon,Teacher,684.9,46377.47,Full-time,219571.21,4.0,5.0,566487.99
23,4385.88,4.0,Bachelor,Incheon,Teacher,792.0,40770.51,Full-time,185049.76,2.0,6.0,369819.45
55,3012.44,29.0,Bachelor,Daegu,Teacher,,35845.97,Full-time,136986.47,4.0,18.0,355745.32
25,3893.56,6.0,Bachelor,Gwangju,,554.9,30551.71,Full-time,336670.28,5.0,8.0,503672.74
50,5405.88,30.0,Bachelor,Seoul,Teacher,571.9,26792.52,Full-time,206324.32,6.0,1.0,552850.99
38,3043.89,11.0,High School,Busan,Office,625.7,48881.93,Full-time,,6.0,27.0,471494.69
63,3539.55,44.0,High School,Daegu,Manager,556.5,,Full-time,,4.0,11.0,493325.82
58,3867.47,32.0,Master,Daegu,Service,647.0,,Full-time,222839.61,5.0,6.0,527126.75
46,2475.94,28.0,Bachelor,Gwangju,Teacher,682.2,47884.02,Full-time,429125.0,1.0,9.0,568057.35
29,3065.51,7.0,Master,Gwangju,Manager,731.9,41953.23,Full-time,175296.87,2.0,19.0,371006.01
45,4458.83,27.0,High School,Seoul,Service,694.4,13179.45,Full-time,188470.07,2.0,14.0,545184.86
38,6003.72,16.0,Bachelor,Daegu,Engineer,680.4,20987.07,Full-time,160287.26,5.0,24.0,443645.43
58,4675.72,33.0,Bachelor,Daegu,Engineer,761.9,18131.96,Full-time,149417.96,6.0,22.0,487491.92
22,4131.21,0.0,High School,Busan,Manager,751.2,33340.74,Full-time,254486.16,1.0,23.0,391756.22
64,2953.09,39.0,Bachelor,Seoul,Office,832.6,22214.31,Full-time,280241.27,3.0,26.0,574478.35
32,5842.74,13.0,High School,Seoul,Office,694.9,23415.43,Full-time,187557.87,4.0,25.0,421727.49
47,4850.26,22.0,Master,Gwangju,Manager,487.1,25186.5,Full-time,223543.98,3.0,18.0,420724.14
39,3139.91,17.0,Bachelor,Seoul,Office,714.2,32451.32,Self-employed,237957.48,1.0,5.0,502181.79
47,5547.97,29.0,Bachelor,Busan,Office,850.0,24866.93,Full-time,329940.52,2.0,19.0,571918.98
27,5039.37,3.0,High School,Seoul,Engineer,762.1,39620.25,Full-time,168535.96,3.0,12.0,491701.21
60,2979.7,37.0,Bachelor,Incheon,Office,780.4,14913.06,Full-time,235087.84,1.0,19.0,492806.41
58,4047.93,36.0,Bachelor,Incheon,Office,687.6,10239.41,Full-time,256732.85,2.0,,510302.68
20,3460.84,2.0,Bachelor,Busan,Manager,753.1,20170.93,Full-time,254832.41,,17.0,486363.63
22,8150.31,4.0,High School,Gwangju,Office,784.6,15798.83,Self-employed,226371.24,3.0,15.0,501480.72
32,4997.62,9.0,High School,Daegu,,653.3,28668.75,Full-time,306949.39,6.0,10.0,505131.6
47,4480.14,20.0,Bachelor,Seoul,Teacher,639.9,23203.12,Self-employed,160957.93,2.0,,384465.34
44,4908.99,20.0,Bachelor,Gwangju,Manager,716.4,12415.24,Part-time,205347.75,5.0,24.0,432661.03
52,6268.74,25.0,High School,Gwangju,Teacher,757.5,12188.9,Full-time,169795.98,2.0,10.0,484763.02
57,4074.93,30.0,Bachelor,Seoul,Engineer,459.6,30194.78,Full-time,163999.79,2.0,0.0,415682.61
25,3315.14,7.0,Bachelor,Daegu,Manager,664.4,38809.51,Self-employed,229906.19,1.0,0.0,365079.5
63,5466.42,37.0,Bachelor,Seoul,Office,523.7,,Full-time,304394.99,1.0,6.0,546091.06
64,3937.58,43.0,Bachelor,Daegu,Teacher,670.2,26951.92,Full-time,,4.0,30.0,433025.18
51,2595.16,29.0,Bachelor,Busan,Engineer,815.2,20294.45,Full-time,298191.29,1.0,25.0,469511.09
64,2302.97,45.0,High School,Daegu,Manager,630.1,26179.64,Full-time,191767.87,5.0,6.0,451537.95
40,6493.94,13.0,High School,Gwangju,Manager,657.1,49146.71,Full-time,138608.4,5.0,3.0,369283.5
35,4397.47,10.0,Bachelor,Busan,Office,733.0,57994.46,Self-employed,163693.16,6.0,13.0,372641.69
40,3315.65,21.0,Bachelor,Incheon,,759.5,,,301399.2,2.0,23.0,508027.07
30,3848.5,10.0,Bachelor,Busan,Teacher,756.5,21863.73,Full-time,131752.91,,4.0,274280.5
56,,30.0,Master,Daegu,Engineer,683.0,,Full-time,390519.31,4.0,21.0,619131.23
55,3759.89,36.0,Master,Busan,Manager,,29446.41,Part-time,231817.03,1.0,11.0,486207.03
54,2025.87,31.0,Bachelor,Busan,Teacher,722.1,,Full-time,,4.0,3.0,352658.85
38,,17.0,Master,Incheon,Engineer,623.7,26501.64,Full-time,131864.66,2.0,2.0,372367.92
39,6012.52,15.0,Bachelor,,Engineer,539.9,25815.06,Full-time,290018.77,6.0,17.0,538799.61
37,5912.2,14.0,Bachelor,Gwangju,Manager,608.2,33298.93,Full-time,96035.8,6.0,23.0,431039.4
60,3361.01,33.0,PhD,Busan,Teacher,795.1,30906.04,Full-time,276217.73,5.0,26.0,548334.75
33,6103.76,7.0,Master,Seoul,Engineer,850.0,22215.64,Self-employed,120553.83,1.0,4.0,316895.61
34,4519.42,8.0,PhD,Gwangju,,672.7,29486.7,Self-employed,251156.29,1.0,25.0,360592.64
50,6061.72,23.0,High School,Busan,Teacher,792.0,29518.68,Full-time,,5.0,5.0,536762.55
20,5060.53,0.0,High School,Gwangju,Teacher,656.2,5000.0,Full-time,252192.79,5.0,13.0,464872.54
22,1917.6,4.0,Bachelor,Seoul,Manager,707.9,27314.81,Part-time,,6.0,5.0,427922.48
35,6820.11,16.0,Bachelor,Gwangju,Teacher,630.9,38837.18,Part-time,281776.17,,19.0,494249.15
42,4277.68,17.0,High School,Gwangju,Service,761.2,22737.0,Full-time,123027.93,6.0,24.0,415818.07
30,5065.19,3.0,Master,Seoul,Engineer,628.9,19071.61,Full-time,117119.38,3.0,22.0,321504.16
31,2183.93,6.0,Bachelor,Seoul,Engineer,608.6,19117.85,Full-time,70268.6,3.0,11.0,283742.34
29,4957.99,10.0,Bachelor,Seoul,Teacher,683.7,31943.1,Self-employed,246303.87,3.0,27.0,506586.38
51,5854.39,30.0,Bachelor,Incheon,Manager,,16159.3,Part-time,211483.06,5.0,25.0,484130.23
35,7102.98,17.0,Bachelor,Seoul,Office,693.1,30856.63,Full-time,135223.64,3.0,11.0,405498.87
27,6300.6,3.0,High School,Gwangju,Teacher,642.5,29907.38,Self-employed,248395.35,1.0,28.0,417003.31
57,5031.34,36.0,PhD,Seoul,Office,608.0,11993.6,Self-employed,356566.07,,7.0,631704.71
31,1883.43,6.0,Bachelor,Busan,Teacher,545.0,39346.31,Full-time,278666.76,1.0,22.0,479158.26
43,4398.41,17.0,High School,Seoul,Office,643.5,43019.89,Full-time,336656.29,5.0,19.0,627443.12
47,3311.24,21.0,Master,,Teacher,,31016.85,Full-time,187182.04,2.0,24.0,469478.22
27,4552.47,7.0,PhD,Daegu,Manager,724.3,28463.61,Part-time,234884.96,1.0,1.0,330657.18
47,2375.51,25.0,Master,Gwangju,Office,586.6,21989.93,Full-time,,5.0,29.0,474204.61
55,3884.75,32.0,Master,Gwangju,Service,733.5,22451.67,,291922.0,4.0,4.0,523831.8
45,3424.23,22.0,Bachelor,Busan,Manager,632.5,22803.6,Self-employed,89743.49,5.0,29.0,364469.32
27,3377.75,0.0,,Incheon,Teacher,638.9,36919.79,Full-time,347798.04,2.0,17.0,461652.6
47,3392.65,22.0,High School,Daegu,Office,779.9,34873.37,Full-time,239963.34,5.0,23.0,484207.48
47,3996.22,24.0,Master,Busan,Engineer,481.8,5000.0,Full-time,331020.08,2.0,24.0,410795.01
56,4629.29,33.0,Master,Busan,Manager,581.9,10220.57,Full-time,309700.01,3.0,2.0,499400.67
60,1000.0,39.0,High School,Gwangju,Office,683.7,18059.94,Full-time,50000.0,1.0,15.0,352237.96
55,1000.0,31.0,Bachelor,Daegu,Manager,679.6,22420.59,Full-time,248359.66,2.0,4.0,418271.17
46,3691.96,21.0,Bachelor,Gwangju,Office,543.8,33173.42,Self-employed,261772.87,4.0,8.0,440368.95
36,3903.35,16.0,Master,Incheon,Engineer,640.5,21528.56,Self-employed,201551.76,1.0,5.0,388460.18
28,4483.67,,High School,Gwangju,Service,756.6,33027.47,Part-time,220796.22,5.0,18.0,443729.8
52,3108.49,32.0,Master,Seoul,Engineer,587.0,47156.86,Self-employed,145240.97,5.0,21.0,386475.64
39,4214.2,14.0,High School,Gwangju,Teacher,766.5,21009.96,Full-time,206849.12,2.0,24.0,404917.65
32,4389.78,14.0,Bachelor,Seoul,Manager,622.7,17019.36,,191944.02,4.0,,472618.65
47,3098.16,29.0,Master,Busan,Service,530.2,14475.56,Full-time,176096.27,2.0,26.0,411561.33
48,5720.18,25.0,Bachelor,Incheon,Manager,745.5,15583.85,Full-time,188877.51,4.0,15.0,443872.69
32,4465.48,5.0,Bachelor,Seoul,Office,700.1,34652.28,Self-employed,50000.0,6.0,25.0,426777.76
65,5020.44,39.0,High School,Incheon,Teacher,562.7,37102.87,Full-time,175903.79,2.0,6.0,486324.29
54,4303.27,33.0,Master,,Teacher,636.6,35520.43,Full-time,142669.89,3.0,3.0,443398.12
25,7355.51,2.0,PhD,Gwangju,Manager,818.0,15409.2,Full-time,149207.05,,15.0,397815.98
37,5094.6,15.0,Master,Busan,Teacher,732.7,23398.61,Full-time,102603.83,3.0,19.0,345169.35
24,3468.01,6.0,Master,Gwangju,Manager,769.2,23435.48,Full-time,200256.81,2.0,16.0,374190.61
44,5431.45,21.0,High School,Seoul,Office,588.9,,Full-time,144609.48,1.0,18.0,430316.18
21,1743.59,0.0,Bachelor,Busan,Office,778.0,31551.91,Full-time,143435.03,5.0,27.0,299816.17
29,4379.4,9.0,High School,Incheon,Manager,566.1,29325.13,Self-employed,230324.59,1.0,24.0,364787.86
49,4678.74,29.0,Bachelor,Busan,Engineer,568.6,31335.75,Self-employed,358331.0,5.0,16.0,610244.46
64,4396.53,45.0,Bachelor,Incheon,Engineer,746.8,22846.69,Full-time,231227.13,4.0,12.0,538053.91
24,3699.33,3.0,Bachelor,Daegu,Office,573.5,32836.4,Full-time,311116.64,3.0,1.0,427241.52
52,2681.59,25.0,Bachelor,Seoul,Service,801.4,22258.63,Self-employed,211805.44,3.0,1.0,544344.75
20,3015.98,0.0,Bachelor,Seoul,Engineer,579.8,45132.56,Part-time,430468.26,5.0,23.0,636751.0
37,4353.11,,Master,Incheon,Manager,602.2,17543.52,Full-time,124639.67,3.0,21.0,404766.42
51,2529.72,33.0,Master,Gwangju,Office,772.3,30267.33,Part-time,50582.52,1.0,22.0,271816.88
30,6855.25,10.0,Bachelor,Gwangju,Teacher,630.3,36045.03,Full-time,296078.51,2.0,26.0,435551.4
40,1000.0,13.0,Master,Daegu,Teacher,743.6,27040.09,Full-time,282464.15,3.0,3.0,462710.42
45,3714.84,22.0,,Incheon,Engineer,590.9,29524.03,Self-employed,66298.47,6.0,15.0,400759.81
44,4365.58,18.0,Bachelor,Daegu,Service,657.9,25585.87,Full-time,207359.43,3.0,26.0,474639.57
41,4961.13,19.0,High School,Incheon,,,17042.74,Full-time,372612.55,6.0,3.0,645764.21
46,2826.11,,High School,Daegu,Service,612.3,48808.1,Full-time,295866.82,4.0,19.0,556774.13
32,5901.44,10.0,Bachelor,Incheon,Engineer,761.8,23697.07,Full-time,88867.62,2.0,11.0,358349.48
52,2109.25,30.0,Master,Seoul,,651.2,,,50000.0,5.0,21.0,384168.16
53,3350.81,31.0,Master,Daegu,Service,689.6,,Full-time,357533.04,2.0,27.0,504646.24
60,,36.0,PhD,Daegu,Teacher,599.8,43944.96,Full-time,147834.48,2.0,27.0,411842.14
54,5760.28,,High School,Incheon,Manager,618.4,55325.55,Full-time,,5.0,28.0,567259.96
20,2094.0,0.0,PhD,Busan,Manager,612.5,32460.48,Full-time,280422.57,2.0,28.0,406310.46
40,8167.56,14.0,Bachelor,Busan,Office,631.3,37476.81,Self-employed,217931.44,4.0,19.0,433962.37
25,2853.76,3.0,Master,Seoul,Teacher,803.7,50157.57,Self-employed,156316.3,6.0,13.0,452681.37
47,2231.73,28.0,,Gwangju,Teacher,769.7,16468.67,Full-time,346669.6,1.0,0.0,528897.92
36,4954.07,14.0,High School,Gwangju,Office,716.1,32708.08,Self-employed,50000.0,2.0,16.0,265845.61
24,3677.56,0.0,Bachelor,Seoul,Manager,627.3,49919.95,Full-time,313170.59,1.0,23.0,431602.21
50,3455.92,29.0,Master,Gwangju,Manager,612.6,38070.9,Full-time,192397.0,4.0,17.0,438235.31
24,5093.47,5.0,Bachelor,,Service,602.4,24732.42,,155207.46,4.0,11.0,403532.25
57,1909.06,30.0,High School,Busan,Service,655.7,,Full-time,209683.79,2.0,24.0,427154.16
22,1646.8,2.0,Master,Seoul,,702.4,50351.84,,315840.14,3.0,9.0,564054.92
42,3303.86,16.0,Master,Incheon,Engineer,729.1,29816.71,Full-time,113939.23,2.0,23.0,354194.21
56,5816.85,30.0,High School,Seoul,Teacher,681.2,16915.44,Full-time,248179.65,1.0,14.0,509041.35
56,3368.92,31.0,Master,Busan,Service,725.2,,Full-time,270848.09,4.0,16.0,558126.05
29,6598.74,4.0,Bachelor,Gwangju,Engineer,754.9,17158.68,Full-time,202967.66,,25.0,381483.55
29,6001.52,4.0,Bachelor,,Service,650.3,,Full-time,126049.55,1.0,10.0,285522.33
38,4624.42,13.0,Bachelor,Busan,Office,767.9,22417.1,Self-employed,150036.11,5.0,23.0,397475.35
36,4709.59,11.0,Bachelor,Seoul,Teacher,601.3,27776.68,Part-time,371379.52,4.0,24.0,541779.27
40,4623.0,,Bachelor,Daegu,Service,726.9,17853.56,Self-employed,300204.61,4.0,,469707.67
33,4439.58,10.0,Bachelor,Incheon,Manager,682.6,32927.77,Part-time,270925.98,1.0,6.0,446861.2
28,3650.64,2.0,Bachelor,Seoul,Office,694.0,23832.12,Full-time,401025.53,6.0,19.0,668116.08
65,3824.72,40.0,Master,Seoul,Office,650.6,37825.15,Full-time,152958.25,4.0,28.0,507040.06
20,2595.06,0.0,Master,Busan,Manager,779.8,,Full-time,218585.28,6.0,18.0,483147.24
64,1000.0,46.0,Bachelor,Seoul,Office,631.7,26151.65,Full-time,224035.79,6.0,10.0,532129.16
32,5856.11,13.0,High School,Incheon,Teacher,791.0,26627.24,Part-time,325114.37,2.0,,539894.74
23,4435.89,4.0,Bachelor,Incheon,Service,791.5,45518.65,Full-time,80986.14,5.0,17.0,385232.96
20,4209.32,0.0,Master,Seoul,Office,716.1,38589.3,Full-time,227051.57,,22.0,481910.76
59,4797.67,,Bachelor,Busan,Teacher,655.0,10854.57,Full-time,219825.57,3.0,21.0,492455.47
51,2957.4,32.0,Bachelor,Incheon,Manager,613.0,22007.92,Full-time,290027.13,3.0,14.0,581118.89
53,2698.41,28.0,Bachelor,Daegu,Service,520.5,29156.41,Full-time,183093.24,6.0,30.0,447230.59
47,3774.47,21.0,Bachelor,Gwangju,Manager,723.2,5000.0,,323192.6,1.0,12.0,492929.41
50,6252.15,26.0,Bachelor,Busan,Service,591.1,33145.48,Full-time,254372.73,6.0,23.0,578940.9
27,2446.89,6.0,Master,Busan,Office,602.3,17817.69,Full-time,153685.04,3.0,26.0,355735.48
58,1000.0,,,Gwangju,Office,724.1,19182.4,Full-time,269063.7,2.0,,429683.13
45,3417.9,24.0,Bachelor,Gwangju,Service,645.6,19577.25,Full-time,209842.69,3.0,18.0,388995.62
53,5914.05,32.0,Bachelor,Incheon,Teacher,697.4,43107.37,,261600.69,1.0,5.0,581121.16
22,1601.18,0.0,Master,Seoul,Teacher,716.8,35310.34,Full-time,119250.88,4.0,27.0,368964.41
31,2429.57,10.0,Bachelor,Seoul,Teacher,808.4,22592.9,Full-time,197013.02,5.0,21.0,503227.34
20,4595.32,0.0,Bachelor,Daegu,,695.9,21252.19,Full-time,306596.25,,,377145.13
63,8054.86,44.0,Master,Seoul,Teacher,636.0,29976.94,Full-time,339467.7,1.0,15.0,607903.68
24,2162.68,0.0,Master,Daegu,Office,674.0,47147.56,Full-time,257438.06,1.0,17.0,409327.69
49,2104.6,25.0,High School,Daegu,Engineer,633.8,24916.77,Full-time,199934.72,2.0,0.0,322132.55
49,4708.05,28.0,Bachelor,Busan,Teacher,830.4,5644.35,Full-time,173369.27,4.0,17.0,474125.33
36,6007.01,13.0,Master,Busan,Office,,30019.04,Part-time,160464.12,,8.0,369188.08
42,3263.85,,PhD,,Engineer,726.8,31277.3,Full-time,160309.2,4.0,12.0,445480.21
34,,10.0,Master,Gwangju,Office,788.2,32430.24,Full-time,147993.47,6.0,15.0,483506.92
56,4850.62,33.0,PhD,Gwangju,Service,612.2,27545.48,Full-time,212804.13,1.0,21.0,403739.35
40,5122.26,20.0,Bachelor,Daegu,Office,565.9,29637.96,Full-time,170227.64,2.0,18.0,344702.45
33,6867.98,,Bachelor,Gwangju,Engineer,678.2,16235.28,Part-time,266970.2,1.0,30.0,419240.21
21,5185.42,0.0,Bachelor,Daegu,Teacher,566.1,41091.6,Full-time,250641.1,6.0,25.0,532711.27
30,5442.1,8.0,High School,Gwangju,Engineer,647.1,21715.3,Self-employed,313289.08,3.0,22.0,481981.28
58,3806.78,32.0,Bachelor,Incheon,,505.7,24906.52,Self-employed,268114.89,2.0,0.0,497458.6
57,7862.26,34.0,Bachelor,Busan,,571.9,32719.69,Self-employed,291243.15,1.0,29.0,418857.38
53,3602.79,32.0,Master,Busan,Manager,777.8,30543.11,Self-employed,150460.98,1.0,28.0,396537.83
57,3282.12,33.0,Master,Daegu,Service,712.4,46915.64,Full-time,261636.58,1.0,7.0,442675.04
53,6914.27,34.0,Bachelor,Gwangju,Manager,823.8,43714.11,Full-time,241184.72,3.0,9.0,511358.72
37,1988.64,16.0,Bachelor,Seoul,Engineer,677.5,22080.33,Full-time,52126.38,3.0,6.0,318273.17
49,,27.0,High School,Incheon,Manager,674.4,51738.02,Part-time,215256.41,1.0,2.0,371665.69
34,4379.34,13.0,Bachelor,Gwangju,Teacher,697.2,39392.05,Full-time,,3.0,12.0,344533.11
46,4197.4,25.0,Master,Seoul,Engineer,850.0,29560.61,Full-time,90657.96,1.0,19.0,426794.42
53,3858.17,27.0,Bachelor,Incheon,Manager,764.2,20045.25,Full-time,193617.99,3.0,10.0,463943.49
57,5690.89,38.0,Bachelor,Incheon,Office,612.8,27226.15,Full-time,166129.81,4.0,22.0,409302.48
52,2837.69,29.0,Bachelor,Busan,Service,712.6,,Full-time,155967.52,6.0,19.0,427370.71
43,4296.25,18.0,Master,Daegu,,692.2,34518.01,Full-time,97710.43,1.0,4.0,305258.54
34,3659.84,9.0,Master,Gwangju,Engineer,737.7,12171.87,Full-time,371132.5,6.0,12.0,540808.1
49,2863.17,25.0,Master,Incheon,Manager,829.9,33856.85,Full-time,114095.85,1.0,11.0,370653.11
61,,34.0,Bachelor,Gwangju,Teacher,727.0,,Full-time,191369.65,5.0,15.0,524860.37
36,,15.0,Bachelor,Incheon,Manager,650.3,29530.98,Full-time,277994.42,5.0,16.0,543464.83
24,7380.85,0.0,High School,Busan,Engineer,829.1,20608.33,Self-employed,303170.37,2.0,13.0,445434.67
48,5069.13,21.0,High School,Daegu,Engineer,575.5,19339.03,Full-time,126354.04,4.0,20.0,373354.45
23,1000.0,0.0,High School,Seoul,Engineer,658.3,36810.13,Full-time,201436.92,4.0,25.0,443048.28
29,4142.79,6.0,High School,Seoul,Engineer,752.1,20495.72,Full-time,267051.89,2.0,29.0,445033.01
36,4274.7,17.0,High School,Busan,Manager,616.8,17177.12,Full-time,245328.38,5.0,9.0,448986.54
29,5604.31,4.0,Bachelor,Incheon,Office,675.9,15399.48,Full-time,252370.97,2.0,12.0,430072.22
36,4477.22,11.0,High School,Busan,Teacher,623.9,38258.99,Full-time,118549.27,5.0,29.0,434626.13
39,6079.63,15.0,Bachelor,Daegu,Teacher,676.9,14567.93,Full-time,149819.76,1.0,11.0,300523.23
43,4787.51,,PhD,Seoul,Service,624.0,28065.04,Full-time,207117.66,6.0,,494270.78
24,6538.2,0.0,Master,Gwangju,Engineer,686.3,54550.35,Self-employed,193463.09,2.0,18.0,319470.87
53,3541.88,27.0,High School,Seoul,Engineer,653.6,19739.89,Full-time,233973.91,3.0,11.0,468659.54
25,4416.52,0.0,Bachelor,Daegu,Engineer,786.2,18624.93,Full-time,130175.62,6.0,24.0,377486.46
21,5439.96,0.0,Master,Incheon,Office,710.8,41038.95,Full-time,303004.61,5.0,0.0,514585.18
32,3341.71,13.0,High School,Busan,Engineer,739.1,13756.55,Full-time,118660.28,1.0,9.0,224642.01
62,3014.98,38.0,,Seoul,Service,691.5,41020.56,Full-time,239596.57,3.0,20.0,517275.32
62,3255.97,42.0,Bachelor,Seoul,Service,645.2,23428.27,Part-time,150879.93,3.0,,525036.66
30,3076.18,6.0,Master,Gwangju,Office,706.8,38834.68,Self-employed,197460.52,4.0,28.0,403475.04
42,4983.84,16.0,Master,Busan,Engineer,696.2,,Full-time,94773.13,5.0,,376181.51
35,1447.79,8.0,Master,Gwangju,Manager,486.3,,Self-employed,205719.11,1.0,4.0,300587.41
50,1866.04,23.0,Master,Gwangju,Manager,682.7,22686.89,Self-employed,276555.82,5.0,20.0,471936.04
30,6994.12,11.0,Bachelor,Incheon,Teacher,733.8,23296.67,Full-time,327596.41,1.0,25.0,504660.34
35,3112.35,12.0,High School,Seoul,Office,,21744.37,Self-employed,211679.35,6.0,26.0,509253.09
27,4500.02,4.0,Bachelor,Busan,Manager,749.4,,Full-time,116455.66,5.0,16.0,439427.06
23,1966.28,0.0,High School,Incheon,Teacher,708.4,28070.14,Full-time,289308.13,6.0,3.0,483871.87
59,4341.19,33.0,High School,Incheon,Service,648.3,,Part-time,249493.61,3.0,6.0,548602.47
23,3121.49,1.0,,Incheon,Teacher,723.4,30778.79,Full-time,205633.11,4.0,14.0,464872.11
44,,22.0,Master,,Engineer,650.5,25783.37,Full-time,174029.73,6.0,0.0,420099.82
22,6205.38,0.0,High School,Daegu,Engineer,,25405.21,Full-time,209712.72,2.0,27.0,343000.77
51,5973.85,26.0,Bachelor,Incheon,Service,659.2,19634.1,Part-time,222462.61,5.0,28.0,462785.38
22,4038.97,0.0,,Daegu,Office,723.9,30691.45,Full-time,288814.38,3.0,13.0,438820.33
46,5699.13,21.0,Bachelor,Busan,Engineer,787.7,26938.63,Full-time,147933.73,2.0,25.0,386112.48
48,,25.0,High School,Seoul,Engineer,645.1,20628.82,Full-time,162497.8,6.0,14.0,545069.0
51,5331.11,31.0,PhD,Busan,Teacher,752.2,27290.33,Full-time,200035.24,2.0,1.0,463498.3
38,4919.52,14.0,Bachelor,,Teacher,656.1,21994.65,Full-time,104583.03,2.0,19.0,289195.76
40,4498.42,15.0,Bachelor,Daegu,,656.7,31443.63,Full-time,278457.34,6.0,25.0,508889.08
24,5174.25,0.0,High School,Busan,Manager,648.4,36581.12,Self-employed,270251.41,3.0,1.0,451097.06
37,3654.12,19.0,Bachelor,Gwangju,Service,545.0,20470.53,Full-time,,6.0,15.0,474390.8
47,3785.05,23.0,Master,,Office,720.0,22516.39,Self-employed,425721.74,1.0,1.0,614392.79
61,4876.34,41.0,,Seoul,Teacher,702.7,17151.92,Full-time,,2.0,15.0,533509.01
41,3489.2,,Bachelor,Seoul,Office,693.0,41606.82,Full-time,334337.15,4.0,16.0,618072.32
40,3651.3,21.0,High School,Gwangju,Teacher,804.4,,Part-time,225188.77,1.0,17.0,393459.03
25,4200.28,0.0,PhD,Gwangju,Engineer,813.2,20098.62,,173382.28,3.0,18.0,356061.84
20,5925.91,0.0,High School,Incheon,Office,,36510.28,Full-time,97705.22,2.0,15.0,391253.0
24,2501.0,4.0,Master,Daegu,Manager,661.2,20425.45,Full-time,246035.08,3.0,3.0,353042.65
60,5338.77,40.0,Bachelor,Busan,,657.1,19986.4,Full-time,265986.4,3.0,16.0,530321.2
31,5387.69,8.0,Bachelor,,Service,598.5,,Full-time,299018.83,2.0,0.0,468810.37
45,5378.72,18.0,Master,Busan,Engineer,684.9,,Part-time,177260.29,3.0,22.0,394063.0
65,2989.88,47.0,High School,Daegu,Teacher,680.7,28349.55,Full-time,276678.14,4.0,20.0,555950.6
53,1660.98,30.0,Bachelor,Incheon,Office,723.1,21398.13,Part-time,109677.82,4.0,12.0,431107.14
33,5039.55,13.0,Bachelor,Busan,Teacher,594.5,21641.92,Full-time,227663.86,5.0,6.0,475663.1
45,4481.31,24.0,High School,Seoul,Engineer,650.1,40808.18,Full-time,266823.42,2.0,25.0,506163.74
64,5706.56,38.0,Master,Seoul,Service,544.4,27753.81,Full-time,274795.31,2.0,8.0,547868.38
46,3149.19,26.0,High School,Seoul,Service,622.7,14150.8,Full-time,289699.43,2.0,13.0,484609.74
28,5340.18,10.0,Master,Gwangju,Service,751.4,10246.76,,265527.38,5.0,30.0,470931.1
45,5781.62,25.0,Bachelor,Gwangju,Engineer,591.9,27273.34,,,6.0,0.0,516222.79
41,4057.04,,High School,Daegu,Teacher,819.5,11473.13,Self-employed,325446.74,,7.0,519201.12
49,4825.39,25.0,Master,,Engineer,760.7,,Self-employed,215556.9,4.0,9.0,482315.64
62,,40.0,Bachelor,Gwangju,Engineer,720.1,14753.81,Full-time,,2.0,30.0,375289.01
36,2967.8,18.0,Bachelor,Seoul,Teacher,786.7,27852.57,Full-time,354280.37,3.0,3.0,602038.49
45,4996.64,20.0,,Gwangju,Manager,670.3,5000.0,Part-time,,1.0,24.0,316306.23
55,6633.75,28.0,Bachelor,Seoul,Service,621.0,5256.11,Full-time,268918.55,,12.0,520401.12
20,4233.31,0.0,Master,Busan,Office,672.3,25484.58,Full-time,271772.6,2.0,17.0,448475.81
27,2008.61,0.0,Bachelor,Daegu,Office,542.5,66387.76,Part-time,184235.08,2.0,8.0,341709.78
54,3169.16,27.0,Bachelor,Incheon,Teacher,775.3,21255.9,Full-time,221591.81,4.0,7.0,490006.98
34,1530.86,7.0,Master,Incheon,Office,652.1,36287.0,Self-employed,218863.88,4.0,29.0,396283.71
41,6135.39,22.0,,Seoul,Manager,619.6,22079.21,,201856.66,3.0,5.0,487046.32
33,5346.16,6.0,Bachelor,Gwangju,Engineer,628.8,40202.13,Full-time,214625.14,4.0,20.0,450681.96
45,3447.95,25.0,Bachelor,Gwangju,Service,681.3,26899.7,Full-time,252371.38,1.0,18.0,388343.56
47,2072.91,26.0,Master,Seoul,Office,689.6,13042.54,Full-time,169626.93,1.0,15.0,430680.46
42,2950.06,24.0,,Busan,Office,668.3,25007.53,Full-time,219614.17,4.0,0.0,474545.16
33,3242.58,12.0,Master,Seoul,Teacher,668.0,6623.5,Full-time,105315.12,1.0,14.0,325882.66
43,4364.11,21.0,Bachelor,Busan,Teacher,724.0,17335.48,Full-time,167749.83,6.0,5.0,459484.18
21,4313.64,1.0,Bachelor,Daegu,Engineer,592.1,32577.76,Full-time,127675.11,1.0,9.0,278129.89
64,6212.15,37.0,Bachelor,Daegu,Service,698.0,20144.2,,,1.0,4.0,426618.43
45,3160.87,26.0,Bachelor,Seoul,Office,654.6,22776.35,Full-time,131637.58,1.0,,484197.38
33,1937.72,10.0,PhD,Daegu,Engineer,520.2,39263.9,Full-time,101604.03,5.0,0.0,273815.4
26,2464.53,1.0,High School,Gwangju,Service,,21981.57,Part-time,101904.18,2.0,12.0,174009.08
22,4165.46,0.0,,Busan,,616.6,34147.24,Full-time,132257.98,3.0,25.0,338222.46
42,3106.98,24.0,Master,Incheon,Office,813.6,20850.19,Full-time,307678.97,5.0,15.0,579851.26
65,3761.99,44.0,Master,Incheon,Teacher,716.2,38998.96,Part-time,350569.73,3.0,16.0,627162.78
62,3518.95,42.0,High School,Daegu,Teacher,701.7,43714.63,Part-time,191246.9,5.0,6.0,387661.67
64,5685.36,41.0,High School,Busan,,641.0,5000.0,Part-time,93058.03,5.0,14.0,371174.4
37,3319.55,11.0,Bachelor,Gwangju,Manager,639.0,16180.27,Full-time,194443.04,3.0,23.0,366728.94
57,3633.99,31.0,Bachelor,Incheon,,585.4,25174.28,Self-employed,337801.23,2.0,13.0,566715.03
54,5275.93,30.0,Bachelor,Gwangju,Office,653.9,19784.14,Full-time,239486.19,4.0,25.0,423881.14
34,3352.53,8.0,Bachelor,Gwangju,Engineer,790.0,38292.67,Full-time,95818.1,5.0,27.0,371732.9
44,4834.82,19.0,PhD,Incheon,Teacher,574.6,30632.34,Full-time,375022.7,2.0,16.0,533585.3
56,4697.23,34.0,Bachelor,Incheon,Engineer,633.1,16651.26,Part-time,189536.88,,24.0,483968.36
47,4412.65,21.0,Bachelor,Daegu,Service,754.1,45010.57,Part-time,174615.03,3.0,22.0,402793.1
29,,5.0,Bachelor,Busan,Engineer,753.9,44786.72,Part-time,319600.62,5.0,6.0,523032.67
58,,36.0,High School,Seoul,Manager,622.4,12032.14,Full-time,243539.63,4.0,23.0,547978.7
36,7531.03,11.0,Bachelor,Busan,Manager,773.1,20732.56,Full-time,329569.88,2.0,13.0,556455.64
58,4213.24,34.0,Master,Seoul,Teacher,645.2,38012.67,Full-time,208334.75,4.0,,512760.59
41,2630.47,15.0,Master,Incheon,Office,588.1,39145.86,Self-employed,213645.89,3.0,12.0,456566.21
45,4243.65,18.0,High School,Gwangju,Service,799.9,44845.11,Full-time,179530.99,4.0,0.0,413038.26
63,5684.79,45.0,Master,Busan,Office,687.4,,Self-employed,233076.84,1.0,3.0,521840.08
44,3277.22,18.0,,Gwangju,Office,666.6,33016.3,Full-time,216675.96,5.0,,445218.75
36,4006.65,12.0,Bachelor,Busan,Service,694.0,43319.88,Part-time,160151.51,2.0,28.0,357973.38
32,4710.98,14.0,High School,Busan,Manager,602.4,60051.52,Full-time,76273.79,6.0,10.0,309675.77
39,6004.57,21.0,Master,Gwangju,Teacher,635.0,,Part-time,260412.6,2.0,8.0,417141.67
44,5363.14,22.0,High School,,,795.0,18590.69,Self-employed,247471.64,5.0,18.0,481663.58
23,5425.3,0.0,Bachelor,Incheon,Manager,828.7,31058.84,Full-time,197576.1,5.0,21.0,391439.6
29,3560.6,3.0,,Daegu,Teacher,590.9,,Full-time,300434.26,1.0,3.0,368436.6
22,,0.0,High School,Daegu,Manager,648.9,49758.17,Self-employed,232696.09,1.0,0.0,378441.77
60,3117.06,33.0,Bachelor,Busan,,680.4,29758.79,Full-time,257098.13,2.0,18.0,506530.01
64,5468.29,39.0,High School,Incheon,Office,696.1,26018.61,Full-time,219594.16,6.0,18.0,500381.3
37,,14.0,Master,Busan,Service,604.0,12708.04,Full-time,85109.75,4.0,30.0,406930.63
55,5030.05,32.0,Bachelor,Seoul,Engineer,732.0,28957.96,Full-time,331002.06,6.0,28.0,679012.76
41,3648.88,20.0,Bachelor,Busan,,738.1,13857.69,Full-time,252223.76,5.0,18.0,582792.08
53,3894.41,31.0,Master,Gwangju,Office,748.0,16335.68,Full-time,107245.28,1.0,10.0,379596.68
27,6909.77,8.0,Bachelor,Busan,Manager,,30834.68,Full-time,181512.68,1.0,5.0,441325.58
59,3673.93,39.0,High School,Seoul,Teacher,686.5,12670.49,Full-time,268764.24,1.0,24.0,530777.69
63,5774.99,43.0,Master,Busan,Engineer,759.2,32264.16,Full-time,348458.47,4.0,6.0,600753.96
38,4708.34,16.0,Master,Seoul,Manager,723.5,39387.47,Full-time,244422.88,2.0,22.0,484027.61
61,3698.8,39.0,PhD,Incheon,Teacher,561.3,15363.81,Self-employed,282746.61,6.0,0.0,503376.17
60,2183.03,37.0,High School,Busan,Office,561.9,20931.79,Full-time,360083.08,2.0,28.0,540168.66
56,4517.4,34.0,Bachelor,Seoul,Service,704.7,10641.75,Full-time,356040.94,1.0,14.0,575397.35
25,4336.65,2.0,Master,Incheon,Manager,782.9,35123.69,Full-time,242419.61,4.0,24.0,497632.67
45,6909.8,20.0,Master,Gwangju,Teacher,715.7,10147.83,Full-time,276013.34,4.0,3.0,515688.43
53,2909.71,34.0,Bachelor,Daegu,Teacher,,36394.94,Part-time,136808.25,2.0,12.0,359757.31
64,7642.15,43.0,Bachelor,Seoul,Service,595.3,31477.7,Self-employed,,5.0,23.0,517039.18
25,4768.22,2.0,Bachelor,Gwangju,Manager,685.4,53906.1,Full-time,254546.51,1.0,11.0,358059.8
56,4766.74,34.0,High School,Incheon,Manager,771.4,48064.54,Full-time,184354.69,4.0,0.0,483624.59
52,3310.39,34.0,Master,Gwangju,,715.7,13754.3,,107227.73,5.0,7.0,388027.04
41,4672.06,15.0,High School,Busan,Manager,688.4,,Part-time,216636.91,3.0,24.0,343664.43
40,4909.58,20.0,Bachelor,Daegu,Service,727.5,21583.55,Full-time,69692.56,6.0,20.0,375712.33
25,5605.99,6.0,Bachelor,Seoul,Manager,698.1,18317.91,Self-employed,348359.51,1.0,22.0,497960.6
25,2732.52,0.0,Bachelor,Incheon,Office,774.0,21905.65,Full-time,215126.68,6.0,10.0,448914.0
23,6310.17,0.0,Bachelor,Daegu,Teacher,698.1,24543.01,Full-time,310302.64,3.0,9.0,467789.77
49,4742.12,27.0,Master,Incheon,Manager,677.5,53909.73,Full-time,145245.57,2.0,1.0,383392.17
30,5112.34,7.0,Bachelor,Gwangju,Service,596.2,5000.0,,177240.53,2.0,16.0,384145.19
49,3868.59,28.0,Bachelor,Incheon,Manager,777.2,50226.96,Full-time,269946.28,6.0,27.0,548850.13
50,2807.79,32.0,Bachelor,Incheon,Engineer,604.8,37953.98,Full-time,346896.01,2.0,12.0,514403.5
43,4309.09,22.0,Master,Gwangju,Office,699.0,30013.7,Full-time,235799.67,6.0,26.0,477142.05
28,4480.94,2.0,PhD,Gwangju,Teacher,744.1,20814.12,Self-employed,149717.62,4.0,21.0,371578.26
22,2121.86,4.0,Bachelor,Daegu,Engineer,823.1,26888.87,Full-time,294271.55,4.0,8.0,476552.42
50,5389.93,,Master,Seoul,Service,698.1,38215.63,Full-time,128952.53,5.0,15.0,438447.03
59,5694.79,39.0,Bachelor,Gwangju,Manager,791.3,39543.82,Full-time,330665.18,3.0,27.0,575771.12
56,3105.5,34.0,Bachelor,Daegu,Office,682.2,18023.11,Full-time,310246.27,2.0,16.0,514196.87
55,,31.0,PhD,Incheon,Manager,635.2,37281.87,Full-time,155552.95,2.0,29.0,421389.03
43,3745.56,17.0,Bachelor,Incheon,Manager,850.0,20942.56,,,4.0,9.0,473111.54
50,4235.84,27.0,High School,Busan,Manager,582.6,25886.81,Self-employed,176568.17,4.0,,407315.35
25,3803.74,5.0,PhD,Gwangju,Manager,850.0,43750.28,Full-time,,4.0,19.0,430711.88
21,4108.62,0.0,Master,Daegu,Office,,37523.44,Full-time,259896.96,1.0,9.0,399899.88
39,4532.22,18.0,Bachelor,Daegu,Engineer,634.0,8575.09,Part-time,74231.73,3.0,21.0,333387.62
47,2147.6,27.0,PhD,Seoul,Service,732.0,29619.31,Full-time,264083.25,3.0,,525314.74
30,2320.06,6.0,Bachelor,Daegu,Engineer,568.2,33032.44,Full-time,211676.13,1.0,14.0,316207.65
23,1000.0,0.0,Bachelor,Gwangju,Office,727.4,29784.98,Self-employed,,2.0,8.0,260674.35
34,5613.82,13.0,Bachelor,Daegu,Service,705.8,5000.0,Part-time,271841.8,6.0,1.0,541475.16
25,4222.84,1.0,Bachelor,Busan,Teacher,,11744.42,Full-time,354654.73,6.0,13.0,524260.87
49,5771.78,30.0,Master,Incheon,Engineer,647.7,6718.6,Full-time,229381.25,5.0,20.0,507974.79
57,2493.39,39.0,High School,Incheon,Office,692.7,20390.39,Full-time,338772.59,5.0,6.0,665872.36
21,4236.61,2.0,High School,Daegu,Office,718.1,29654.55,Full-time,289780.32,2.0,27.0,466020.93
34,4522.24,13.0,Bachelor,Daegu,Office,640.9,21734.16,Full-time,290748.19,5.0,3.0,503189.58
30,3357.33,5.0,Bachelor,Daegu,Service,792.5,20548.24,Full-time,259527.13,4.0,,432518.85
27,1869.86,7.0,High School,Daegu,Manager,690.4,7107.16,Full-time,,3.0,21.0,363634.05
45,6818.81,18.0,PhD,Busan,Teacher,707.5,13014.33,Self-employed,156932.84,6.0,21.0,467321.31
64,6298.93,41.0,Bachelor,Gwangju,Service,613.4,16533.64,Full-time,481382.34,4.0,3.0,767107.9
63,,40.0,High School,Busan,Service,,38579.98,Full-time,234677.53,5.0,3.0,553740.99
24,,0.0,Bachelor,Busan,Engineer,572.3,33173.54,Self-employed,233080.46,5.0,,469531.82
25,,0.0,Master,Busan,Teacher,727.7,37407.41,Full-time,312340.92,3.0,10.0,467510.99
45,2706.89,24.0,Bachelor,,Office,616.8,33543.29,Full-time,59045.8,6.0,0.0,365261.43
23,6940.89,0.0,High School,Busan,,738.3,37867.66,Self-employed,268937.77,4.0,12.0,470116.89
38,1716.95,15.0,,Daegu,Teacher,,11608.53,Part-time,334564.16,3.0,20.0,538838.35
39,3771.74,20.0,Bachelor,Busan,Engineer,741.7,,Full-time,,6.0,26.0,646055.4
52,,25.0,Bachelor,Daegu,Manager,714.1,,Full-time,268721.7,5.0,24.0,484005.58
39,6676.85,16.0,Master,Gwangju,Teacher,732.5,23513.55,Full-time,134476.75,6.0,8.0,349950.13
31,5544.88,12.0,Master,Incheon,,768.3,39639.77,,296404.44,3.0,24.0,503850.51
20,1691.63,0.0,Bachelor,Gwangju,Service,704.9,42589.9,Part-time,125582.98,3.0,17.0,343373.16
45,4195.87,24.0,Master,Gwangju,Manager,,27364.17,Full-time,348115.33,5.0,6.0,557865.94
33,4231.59,11.0,Master,Incheon,Engineer,634.8,34446.59,Full-time,286411.12,3.0,13.0,496181.68
57,3857.49,32.0,Master,Daegu,Office,601.9,21770.26,Full-time,187831.04,4.0,25.0,395420.4
56,5129.71,31.0,PhD,Daegu,Manager,639.5,43839.27,Full-time,311752.17,5.0,23.0,544113.06
30,2086.34,7.0,Master,Daegu,Engineer,653.9,22574.66,Self-employed,206881.11,3.0,16.0,345856.64
55,3587.05,34.0,Bachelor,Incheon,Office,650.6,31765.99,Full-time,228490.09,2.0,17.0,462830.6
32,4918.23,14.0,Bachelor,Busan,Service,771.7,27483.62,Full-time,281310.57,4.0,0.0,518087.78
62,5219.36,38.0,Bachelor,Seoul,Engineer,462.7,21009.67,Part-time,215562.09,4.0,28.0,533080.21
22,4424.13,0.0,Master,Busan,Manager,662.9,7543.49,Full-time,,4.0,8.0,389895.79
52,3767.41,26.0,,Busan,Office,739.5,38634.04,Self-employed,166859.73,6.0,9.0,438140.82
25,4020.09,6.0,High School,Gwangju,Teacher,736.5,,Part-time,300274.73,1.0,,376669.95
29,5310.61,11.0,High School,Seoul,Office,614.5,49980.74,Part-time,223687.32,5.0,10.0,530143.13
24,4250.85,,Master,Daegu,Manager,819.1,42600.65,Full-time,309245.8,1.0,20.0,407556.23
42,2637.23,20.0,Master,Busan,Manager,569.3,42429.04,Full-time,171345.02,3.0,3.0,406058.18
29,2349.75,2.0,Bachelor,Incheon,Teacher,652.0,36800.81,Full-time,137210.17,5.0,23.0,321586.08
63,1965.54,45.0,Bachelor,Busan,Manager,655.2,,Full-time,313620.81,6.0,18.0,665616.7
21,6383.37,0.0,Master,Daegu,Office,654.4,29877.17,Part-time,128873.09,4.0,7.0,436531.45
32,5411.19,9.0,High School,Busan,Engineer,788.8,37894.19,Full-time,173052.53,4.0,2.0,434829.23
59,4040.27,39.0,Bachelor,Gwangju,Office,681.3,22625.03,Full-time,270164.61,6.0,21.0,553249.17
21,3519.31,0.0,Bachelor,Gwangju,Manager,705.6,5000.0,Full-time,373399.62,4.0,3.0,569673.69
39,3339.1,16.0,PhD,Busan,Teacher,750.3,36492.71,Full-time,251296.29,4.0,28.0,465046.78
20,5839.86,0.0,Bachelor,Gwangju,Teacher,628.8,36761.68,Full-time,130063.35,3.0,29.0,322969.9
56,7056.65,36.0,,Incheon,Service,667.6,12140.93,Self-employed,143070.5,2.0,30.0,331084.14
28,3291.91,6.0,Master,Seoul,Teacher,814.1,34164.67,Full-time,219745.02,6.0,30.0,507461.48
36,5907.62,,Bachelor,Busan,Teacher,710.3,33978.89,Full-time,274525.6,5.0,7.0,566343.49
28,4242.02,1.0,Bachelor,Incheon,Manager,592.4,40948.6,Part-time,139583.18,2.0,22.0,309074.06
30,3881.36,4.0,Bachelor,Incheon,Engineer,611.5,26731.73,Full-time,143943.14,6.0,11.0,391999.3
34,6456.32,8.0,Master,Incheon,Engineer,751.4,9735.73,Part-time,214946.31,5.0,4.0,465979.69
43,4184.75,20.0,Bachelor,Daegu,Manager,589.6,22192.22,Part-time,280337.23,6.0,28.0,582631.63
57,4644.55,34.0,Master,Busan,Teacher,,,Self-employed,110303.76,4.0,29.0,417767.48
54,4572.41,33.0,PhD,Busan,Office,696.3,26592.81,Full-time,,6.0,30.0,405873.57
49,1761.6,28.0,Master,Busan,Engineer,681.1,29465.4,Full-time,211881.42,1.0,28.0,394883.49
50,4632.62,31.0,,Seoul,Manager,798.7,25152.3,Full-time,,3.0,2.0,725579.92
24,3355.96,0.0,Master,Incheon,Office,484.0,32752.79,Part-time,180611.41,5.0,4.0,362111.48
63,2068.27,42.0,Master,Busan,Teacher,718.6,14821.94,Full-time,320279.18,4.0,29.0,625198.8
33,,8.0,PhD,Gwangju,Manager,657.4,32318.09,Full-time,133026.16,1.0,3.0,292276.52
30,3411.92,3.0,PhD,Daegu,Engineer,785.4,18892.66,Full-time,230486.73,4.0,23.0,463767.04
28,5744.82,9.0,Bachelor,Seoul,Office,661.1,25582.76,Full-time,312855.65,,10.0,513590.26
53,2604.32,27.0,Bachelor,Daegu,Office,,6053.69,Self-employed,208854.84,1.0,20.0,415318.78
31,3015.23,13.0,High School,Incheon,Engineer,679.7,39324.44,Full-time,118388.39,6.0,25.0,430918.18
54,4553.08,35.0,Bachelor,Gwangju,Office,627.1,24326.54,Self-employed,,5.0,25.0,496850.84
54,,35.0,,Incheon,Engineer,632.7,32065.61,Full-time,289715.33,6.0,15.0,627178.85
20,3211.49,0.0,Master,Busan,Manager,668.1,18145.96,Full-time,387813.2,5.0,20.0,602444.29
59,1703.28,35.0,Bachelor,Daegu,Service,811.6,21282.61,Full-time,106516.09,6.0,17.0,408230.33
41,,21.0,Bachelor,Gwangju,Teacher,640.7,16407.36,Full-time,249423.95,5.0,24.0,467957.89
48,3747.96,22.0,Bachelor,Daegu,Manager,625.0,29905.65,Self-employed,148099.59,5.0,30.0,394751.82
27,4176.12,5.0,Bachelor,Seoul,Teacher,648.0,34903.11,Full-time,233798.89,1.0,5.0,402566.05
30,5574.02,8.0,Master,Gwangju,Teacher,680.3,15985.87,Full-time,147050.17,3.0,26.0,392770.92
60,3116.6,39.0,Bachelor,Seoul,Engineer,823.4,29679.05,Full-time,163152.5,1.0,15.0,463106.07
56,3732.02,30.0,High School,Gwangju,Service,618.9,25061.33,Full-time,357723.91,5.0,0.0,550739.41
33,2615.51,8.0,Bachelor,,Teacher,850.0,30329.45,Full-time,225636.43,3.0,18.0,406048.45
49,2612.24,28.0,Bachelor,Daegu,Teacher,716.2,17218.62,Full-time,110352.59,2.0,19.0,343314.02
54,2819.13,33.0,,Daegu,Manager,600.0,33580.25,Full-time,205793.12,2.0,15.0,439355.02
40,3461.26,21.0,Bachelor,Incheon,Service,636.2,24653.84,Full-time,276106.11,6.0,9.0,599702.27
56,3622.81,30.0,Master,Gwangju,Service,525.1,26338.95,Self-employed,237994.54,1.0,,414630.18
24,4632.95,4.0,Bachelor,Gwangju,Teacher,,56086.35,Full-time,259658.22,5.0,13.0,459983.29
38,2863.17,17.0,High School,Seoul,Service,764.1,,Full-time,382038.02,6.0,17.0,640105.02
33,4679.45,9.0,Bachelor,Gwangju,Manager,682.5,34483.0,Full-time,302737.02,2.0,12.0,427644.01
45,4927.5,18.0,Master,Daegu,Engineer,744.2,33222.94,Part-time,338762.65,2.0,26.0,500893.33
23,3498.27,0.0,,Gwangju,Teacher,714.3,35566.49,Full-time,252932.53,4.0,12.0,412861.04
44,2992.91,19.0,Bachelor,Incheon,Office,776.8,35028.43,Full-time,294468.44,4.0,25.0,518529.01
64,4327.62,43.0,High School,Incheon,Teacher,601.6,30319.24,Full-time,161419.18,6.0,14.0,528311.87
61,3895.62,37.0,Bachelor,Daegu,Teacher,750.6,32900.62,Full-time,283398.49,6.0,3.0,521113.5
44,4530.53,17.0,High School,Daegu,Engineer,830.9,60229.38,Full-time,352644.05,,17.0,471175.56
37,6554.8,19.0,Bachelor,Daegu,Office,850.0,25932.18,Self-employed,238677.95,3.0,30.0,436286.76
59,4302.96,36.0,Master,Gwangju,Office,793.6,25807.8,Full-time,184513.32,5.0,14.0,517041.19
27,3241.15,4.0,High School,Gwangju,Office,693.7,15195.87,Self-employed,333472.2,2.0,5.0,471611.01
58,2863.67,35.0,High School,Busan,Engineer,602.8,18100.52,Self-employed,152802.5,1.0,28.0,409179.27
59,2921.7,,High School,Seoul,Service,614.7,30683.1,Full-time,414736.27,1.0,9.0,557662.74
33,2005.85,8.0,PhD,Gwangju,,,32427.76,Self-employed,248499.08,4.0,,448871.5
51,5599.12,29.0,Bachelor,Busan,Service,828.8,26647.67,Full-time,84254.15,3.0,24.0,338112.12
57,1000.0,35.0,Master,Busan,Manager,637.6,35829.33,Full-time,,5.0,0.0,484408.92
52,4932.16,33.0,Bachelor,Incheon,Engineer,694.4,23189.77,Full-time,340130.96,,4.0,552284.77
42,2897.9,21.0,Master,Gwangju,Service,755.3,57823.12,Full-time,,4.0,8.0,485558.45
34,3431.39,8.0,Bachelor,Busan,Office,417.1,29832.22,Full-time,223143.02,5.0,26.0,514646.24
52,2853.02,26.0,Bachelor,Incheon,Office,594.9,36086.63,Full-time,232868.77,5.0,22.0,516084.44
44,6368.8,21.0,Master,Seoul,Service,836.3,29938.37,Full-time,315476.32,6.0,13.0,568319.62
36,4224.47,10.0,Master,Incheon,Service,763.4,20772.77,Full-time,54503.47,2.0,10.0,246590.15
52,5385.57,31.0,Master,Seoul,Manager,764.0,21914.05,Full-time,172919.1,5.0,5.0,519317.8
21,6150.79,3.0,Master,Daegu,Engineer,604.8,14239.04,Full-time,160094.24,5.0,15.0,385890.89
33,4445.11,14.0,,,Teacher,796.1,7331.43,Part-time,291853.43,4.0,22.0,477190.31
59,2406.56,41.0,Bachelor,Incheon,Manager,614.6,39397.64,Full-time,145541.91,4.0,29.0,506264.79
59,3869.04,34.0,Bachelor,Daegu,Manager,687.3,20689.07,Part-time,160109.34,1.0,28.0,343554.94
58,3086.63,32.0,,Gwangju,Manager,735.6,27229.15,Self-employed,181799.56,6.0,8.0,515973.06
25,3444.74,0.0,Bachelor,Incheon,Office,746.6,46393.09,Full-time,149916.7,1.0,2.0,355708.63
25,4058.06,,Master,Busan,Service,719.5,42027.2,Part-time,310901.14,1.0,7.0,526317.72
22,3998.77,3.0,Bachelor,Gwangju,Engineer,663.9,29799.26,Full-time,180384.74,5.0,16.0,482162.79
26,4818.16,3.0,Master,Incheon,Office,532.2,25471.91,Full-time,266590.61,2.0,25.0,444787.92
27,5035.96,1.0,Bachelor,Seoul,Manager,686.6,26159.15,Full-time,175667.71,4.0,21.0,424785.12
61,3998.78,41.0,,Daegu,Engineer,506.5,54430.0,Full-time,219260.45,3.0,8.0,461927.36
34,4805.2,8.0,Master,Daegu,Office,725.4,30068.69,Full-time,204260.79,2.0,,399381.9
48,3375.96,29.0,Bachelor,Daegu,Teacher,601.7,63902.88,Part-time,60823.89,6.0,4.0,301403.99
52,6172.17,30.0,Master,Incheon,Manager,667.2,12392.48,Full-time,119907.37,3.0,23.0,358424.18
49,3351.73,30.0,Master,Gwangju,Office,639.1,28563.41,Full-time,114531.13,6.0,30.0,452463.79
58,5995.78,34.0,Bachelor,Seoul,Office,725.3,41989.21,Full-time,312831.36,5.0,25.0,674266.04
46,1985.9,19.0,Master,Daegu,Manager,,40961.19,Full-time,329485.26,6.0,30.0,592915.47
55,3629.39,29.0,Master,Gwangju,Teacher,700.5,35579.14,Full-time,178126.73,3.0,10.0,411148.89
48,3703.53,24.0,,Busan,Service,694.8,20676.25,Full-time,258074.63,6.0,5.0,547704.93
57,4618.49,35.0,Bachelor,Busan,Teacher,685.3,,,160751.18,6.0,21.0,474847.33
52,5492.73,31.0,Bachelor,Seoul,Manager,711.4,25854.26,Self-employed,244235.7,1.0,13.0,556583.09
56,2325.91,35.0,Master,Daegu,Service,583.8,40519.07,Part-time,189874.21,6.0,2.0,455495.85
46,2538.03,19.0,,Busan,Office,586.7,48400.27,Full-time,176260.97,4.0,23.0,381721.19
52,2097.14,27.0,Bachelor,Gwangju,Teacher,794.7,29330.15,Full-time,271134.6,2.0,29.0,464009.55
23,6180.28,0.0,Bachelor,Gwangju,Teacher,,26822.58,Full-time,247329.93,,16.0,352521.59
41,4646.41,14.0,Bachelor,Busan,Service,850.0,30505.32,Full-time,156281.9,4.0,27.0,422729.77
21,2573.44,0.0,High School,Daegu,Office,669.0,,Full-time,365802.12,6.0,3.0,567073.63
29,3535.36,2.0,Master,Seoul,Teacher,612.0,42239.53,Full-time,376815.04,1.0,7.0,510570.96
24,,0.0,Master,Daegu,Service,748.9,23579.65,Part-time,230089.61,2.0,5.0,367585.48
29,3782.82,11.0,Bachelor,Incheon,Teacher,635.0,26580.64,Self-employed,271569.95,5.0,10.0,480119.97
52,3694.22,30.0,Master,Busan,Office,707.1,33544.1,Full-time,418250.09,3.0,24.0,598242.06
57,3028.05,38.0,Bachelor,,Office,779.4,20413.22,Self-employed,271269.37,5.0,0.0,507666.09
32,2662.51,6.0,Bachelor,Busan,Engineer,737.1,16967.5,Self-employed,104624.01,6.0,14.0,413066.95
50,5974.99,26.0,Bachelor,Seoul,Service,714.1,44842.93,Full-time,223665.33,6.0,30.0,580116.68
55,6710.85,28.0,Bachelor,Daegu,Manager,,27712.24,Full-time,190622.45,3.0,15.0,494534.38
64,2722.21,39.0,Master,Daegu,,683.2,38687.85,Full-time,182367.23,3.0,1.0,445496.13
43,6307.41,20.0,,Busan,Office,744.9,36283.33,Full-time,257691.01,6.0,,493464.44
34,3468.92,8.0,Bachelor,Gwangju,Teacher,594.2,11495.7,Full-time,179099.34,2.0,11.0,346887.9
48,5000.47,25.0,Bachelor,Incheon,Teacher,796.7,20170.02,Full-time,290949.29,2.0,,526275.94
27,6315.32,3.0,High School,Daegu,Manager,667.5,,Self-employed,166835.63,5.0,0.0,419366.12
24,3982.39,,Bachelor,Daegu,Office,694.2,25112.99,Self-employed,126643.24,4.0,10.0,393121.35
48,,22.0,Bachelor,Busan,Engineer,654.9,30937.54,,327790.42,4.0,3.0,500148.13
23,5401.62,0.0,,Gwangju,Service,728.5,30227.18,Full-time,196911.6,5.0,12.0,436951.55
31,2535.07,13.0,Master,Incheon,Teacher,764.3,37427.3,Full-time,287771.46,3.0,24.0,486931.86
64,5920.59,43.0,Bachelor,Gwangju,Manager,600.6,27476.17,Full-time,139968.58,2.0,19.0,492157.8
21,4414.21,0.0,Master,Gwangju,,674.5,28833.38,Full-time,204451.36,5.0,24.0,442213.31
46,3333.37,21.0,High School,Busan,Service,693.6,10751.25,Part-time,275398.91,4.0,5.0,495446.02
50,3293.75,26.0,Bachelor,Gwangju,Service,714.9,20786.49,Full-time,154149.25,3.0,4.0,441645.31
55,2124.81,35.0,Bachelor,Incheon,Office,656.7,21380.64,Full-time,259108.09,4.0,25.0,514156.33
55,3395.74,34.0,High School,Seoul,Teacher,645.4,,Full-time,321566.23,3.0,3.0,598215.33
45,3803.94,21.0,Master,Seoul,Teacher,750.9,23547.35,Part-time,250301.21,4.0,,511539.26
62,2608.06,37.0,High School,Incheon,Service,720.7,35199.64,Self-employed,174252.77,6.0,25.0,512225.49
46,4131.8,22.0,Master,Busan,,,49264.88,Full-time,167340.27,1.0,17.0,420805.01
24,4909.38,1.0,Bachelor,Daegu,Teacher,780.0,11802.16,,155602.87,3.0,12.0,338204.6
39,3879.79,,High School,Busan,Manager,573.0,25596.93,Full-time,145270.68,3.0,7.0,253469.57
30,5194.09,4.0,Master,Incheon,Service,743.9,,Self-employed,290450.84,3.0,18.0,459412.75
29,2989.29,5.0,Bachelor,Gwangju,Teacher,709.9,11939.24,Full-time,140787.05,1.0,14.0,351633.62
59,5705.07,34.0,Bachelor,Seoul,Office,563.6,21665.94,,195043.85,1.0,28.0,500722.51
57,4382.72,34.0,,Gwangju,Service,773.3,15369.11,Full-time,235039.84,4.0,0.0,477722.61
25,,7.0,High School,Busan,Manager,727.2,30791.17,Part-time,188361.45,2.0,10.0,336744.94
27,7821.33,9.0,Master,Incheon,Office,,26048.6,Full-time,161723.41,6.0,15.0,450381.89
42,3494.63,19.0,Bachelor,Seoul,Service,655.7,24418.46,Part-time,321564.55,4.0,9.0,594946.3
45,3556.4,26.0,High School,Incheon,Service,741.0,31694.2,Full-time,167934.39,3.0,6.0,426182.89
65,3830.64,40.0,Master,Seoul,Teacher,621.5,,Full-time,235092.19,3.0,30.0,452412.63
62,5093.55,44.0,Bachelor,Seoul,Office,572.4,15846.03,Part-time,175919.61,6.0,7.0,560745.39
31,6188.95,12.0,Bachelor,Seoul,Service,,32261.02,Full-time,171066.77,4.0,22.0,485245.26
45,,20.0,Bachelor,Busan,Manager,734.0,15717.83,Self-employed,106976.72,5.0,,453818.17
32,4771.87,9.0,Bachelor,Incheon,Office,761.2,5000.0,Full-time,221330.65,2.0,15.0,354843.86
59,3996.11,32.0,High School,Daegu,Teacher,,47228.49,Self-employed,109900.38,1.0,23.0,373925.37
37,5127.16,18.0,Bachelor,Daegu,Engineer,685.9,32105.94,Full-time,244575.44,2.0,9.0,433494.24
44,6464.19,25.0,Master,Daegu,Service,761.1,40193.13,Full-time,194986.21,5.0,3.0,451791.84
52,3839.51,28.0,High School,Incheon,Engineer,653.3,19295.98,Self-employed,138632.33,4.0,30.0,367497.85
59,1695.2,37.0,Bachelor,Gwangju,Service,,11409.62,Full-time,123426.53,4.0,11.0,330715.48
62,5315.85,40.0,,Incheon,Teacher,809.5,31452.91,Self-employed,50000.0,3.0,20.0,366327.99
31,2950.94,6.0,Bachelor,Seoul,Teacher,657.8,14779.76,Full-time,275529.12,6.0,15.0,503002.8
63,,39.0,Master,Gwangju,Teacher,753.3,40231.22,Full-time,215431.78,4.0,23.0,490979.75
55,5380.55,29.0,Bachelor,Seoul,Teacher,788.8,30862.31,Full-time,233377.41,5.0,28.0,612213.09
23,4646.09,2.0,High School,Seoul,Office,696.8,30341.25,Self-employed,262188.76,4.0,17.0,487425.86
24,4047.42,0.0,Bachelor,Incheon,Office,701.1,30472.4,Self-employed,354402.21,4.0,15.0,478197.87
56,3336.18,35.0,High School,Daegu,Service,823.8,52405.11,Full-time,138584.17,5.0,12.0,410833.21
27,1000.0,8.0,Master,Gwangju,Office,575.4,35858.76,Full-time,167227.91,1.0,15.0,311793.55
61,5247.48,41.0,High School,Busan,,574.0,25569.07,Full-time,264826.85,,25.0,473601.42
47,,29.0,Bachelor,Daegu,Office,745.2,29640.46,Full-time,282505.54,4.0,14.0,512135.98
50,6470.0,32.0,Bachelor,Busan,Office,647.3,17561.17,,225199.96,2.0,,505696.24
28,4797.04,4.0,,Incheon,,,21709.7,Full-time,50000.0,2.0,14.0,308895.3
48,3388.31,26.0,Bachelor,Gwangju,Manager,675.5,43017.12,Part-time,50000.0,3.0,20.0,292492.68
33,5800.31,13.0,High School,Incheon,Teacher,746.6,,Full-time,213345.44,1.0,20.0,380847.62
59,5926.69,35.0,Master,Busan,Manager,609.5,37152.79,Full-time,312217.34,2.0,6.0,598861.54
60,3871.45,41.0,Bachelor,Seoul,Office,729.0,17325.68,Full-time,,3.0,19.0,593089.75
41,5990.47,21.0,Master,Incheon,Office,639.9,38157.74,Part-time,74825.5,5.0,18.0,472759.26
30,3367.04,12.0,Bachelor,Gwangju,Manager,737.6,25626.71,Full-time,259561.77,5.0,28.0,538095.38
42,,17.0,Master,Incheon,Service,850.0,30727.82,Full-time,257710.69,5.0,21.0,531742.53
20,5057.11,1.0,,,Teacher,615.6,28725.75,Full-time,174847.47,6.0,13.0,357803.31
65,5377.17,41.0,Master,Incheon,Service,651.7,30185.55,Full-time,231963.63,6.0,5.0,568606.26
56,5132.28,30.0,Bachelor,Busan,Teacher,669.8,26688.9,Full-time,199347.07,5.0,12.0,537644.01
40,3701.01,17.0,Bachelor,,Engineer,,43410.89,Part-time,122592.39,5.0,25.0,399248.25
45,5840.55,26.0,Master,Gwangju,Teacher,496.7,9938.64,Full-time,167004.08,3.0,11.0,344148.41
65,4013.36,46.0,Bachelor,Incheon,Service,682.7,34401.59,Self-employed,391480.74,1.0,21.0,585230.82
55,,29.0,Bachelor,Incheon,Teacher,662.5,19979.27,Full-time,244590.23,1.0,6.0,465136.13
42,3368.49,15.0,High School,Gwangju,Engineer,,16525.02,Full-time,117012.77,3.0,19.0,352663.48
20,7109.98,0.0,Bachelor,Incheon,Engineer,703.6,,Full-time,124398.79,3.0,2.0,360128.25
59,3087.02,33.0,Bachelor,Gwangju,Office,708.3,16588.41,Part-time,352368.17,6.0,2.0,593994.91
34,,13.0,High School,Busan,Engineer,707.1,6192.9,Full-time,178404.02,4.0,2.0,425661.3
40,2496.8,19.0,Bachelor,Gwangju,Manager,593.8,39470.44,Part-time,188233.2,2.0,14.0,351611.93
28,4931.86,9.0,Bachelor,Busan,Service,,22080.1,Full-time,287365.08,6.0,15.0,531913.2
28,4645.63,1.0,Bachelor,Busan,Manager,656.6,43295.25,Full-time,191082.96,6.0,12.0,444728.89
29,6631.84,11.0,Bachelor,Gwangju,,722.2,,Self-employed,,5.0,15.0,421583.13
45,3218.4,18.0,Bachelor,Incheon,Service,602.7,50244.51,Full-time,238873.91,6.0,1.0,475688.01
60,2804.0,39.0,,Daegu,Manager,695.5,39321.21,Self-employed,159803.59,6.0,5.0,514914.68
54,4025.23,27.0,Bachelor,Gwangju,Manager,808.7,25503.86,Full-time,180195.31,2.0,,423148.1
44,6697.2,17.0,Master,Incheon,Manager,467.1,7208.4,Full-time,355449.84,4.0,5.0,580606.31
45,2873.76,20.0,Master,Busan,Engineer,666.4,12021.73,Full-time,,1.0,23.0,322888.49
30,1000.0,11.0,Master,,Service,521.2,19704.23,Full-time,198832.32,5.0,21.0,437725.93
57,4289.65,32.0,Master,Daegu,Service,680.0,36563.35,Full-time,401623.85,6.0,17.0,615962.13
21,5624.28,3.0,Master,Incheon,Service,746.8,17656.33,Full-time,50000.0,6.0,22.0,409344.58
26,2679.29,8.0,Bachelor,Daegu,Manager,639.1,5000.0,Full-time,381435.33,1.0,11.0,433878.07
37,5471.9,16.0,Bachelor,Seoul,Engineer,754.1,30734.55,Full-time,264760.47,3.0,18.0,480334.81
46,2646.13,22.0,Bachelor,Seoul,Service,788.9,39955.54,Full-time,259646.44,2.0,24.0,499407.11
53,3980.16,27.0,PhD,Seoul,Teacher,712.1,54364.79,Full-time,258336.23,1.0,11.0,445662.15
46,5329.02,24.0,PhD,Gwangju,,638.8,15691.78,Self-employed,183378.67,4.0,26.0,480071.23
36,2418.8,17.0,Master,Daegu,Office,722.9,16958.66,Self-employed,,1.0,23.0,265832.99
62,4472.27,38.0,Master,Gwangju,Teacher,814.5,5000.0,Self-employed,217779.08,5.0,21.0,513713.55
63,6022.46,44.0,,Seoul,Service,573.5,9430.44,Full-time,210413.19,5.0,16.0,538943.25
43,4910.9,17.0,Bachelor,Incheon,Manager,768.7,15204.51,,239262.33,2.0,1.0,470164.62
44,3119.06,18.0,Bachelor,Seoul,Service,576.9,17279.87,Full-time,,3.0,13.0,405979.83
26,6478.08,6.0,Bachelor,Gwangju,Engineer,558.6,21594.97,Full-time,291464.42,6.0,27.0,513234.67
25,5187.59,0.0,Bachelor,Seoul,Engineer,581.3,35101.38,Self-employed,289448.85,5.0,12.0,482648.72
43,1409.33,22.0,High School,Seoul,Service,676.8,34137.94,Self-employed,96937.34,4.0,23.0,356044.46
52,5496.37,32.0,Bachelor,Gwangju,Manager,781.0,21834.68,Full-time,75918.92,2.0,5.0,341634.78
48,3342.94,30.0,Master,Gwangju,Manager,519.1,28182.71,Full-time,153859.06,5.0,16.0,411745.28
62,4494.85,40.0,Bachelor,Incheon,Manager,759.2,11706.82,Part-time,106773.82,4.0,8.0,433829.97
41,5712.01,20.0,Master,Gwangju,Service,667.8,21214.01,Part-time,310536.27,6.0,29.0,545023.9
45,3375.59,27.0,Bachelor,Incheon,Service,591.8,12495.82,Full-time,165041.61,1.0,7.0,426829.55
47,1731.61,20.0,High School,Busan,Office,727.3,19122.14,Full-time,264233.72,6.0,13.0,536672.51
40,6458.32,15.0,Master,Busan,Engineer,642.0,50268.2,Full-time,208434.54,4.0,1.0,459205.74
26,5946.88,1.0,Master,Gwangju,Teacher,850.0,29743.86,Full-time,297201.02,6.0,9.0,567423.38
36,4069.12,11.0,Bachelor,Seoul,Teacher,719.9,20869.1,Part-time,182949.72,2.0,27.0,366536.54
39,5480.13,19.0,Bachelor,Daegu,Engineer,684.5,33734.21,Full-time,86747.24,5.0,20.0,439154.09
60,3645.92,37.0,Bachelor,Seoul,Office,731.9,23261.79,Full-time,161070.33,3.0,2.0,413486.36
39,4345.46,15.0,Master,Gwangju,Engineer,787.5,48206.68,Full-time,50000.0,3.0,29.0,348824.67
41,3983.57,15.0,Bachelor,Incheon,Office,795.3,32231.59,Full-time,91746.48,4.0,16.0,320369.28
47,3706.58,25.0,,Seoul,Office,,14071.81,Full-time,248892.7,4.0,6.0,530454.46
59,4738.95,33.0,Bachelor,Busan,Manager,790.1,43828.2,Full-time,236501.39,4.0,24.0,498851.0
26,2387.73,3.0,Master,Gwangju,Engineer,776.3,35431.48,Full-time,171460.27,5.0,11.0,448740.39
20,3822.63,0.0,Master,Seoul,Teacher,752.7,33607.26,Part-time,205433.34,3.0,26.0,454503.34
51,4671.72,24.0,Master,Seoul,Service,648.5,37917.63,Full-time,,3.0,6.0,371351.3
32,6957.15,5.0,Bachelor,Incheon,Service,780.6,36746.87,Full-time,277441.2,,2.0,492143.64
49,,28.0,Master,Incheon,Engineer,645.7,34143.17,Full-time,202567.86,2.0,5.0,439118.41
42,4980.83,24.0,Master,Incheon,Service,701.1,26061.82,Full-time,,1.0,2.0,493018.54
38,5145.22,20.0,,Daegu,Office,649.9,38877.22,Full-time,259896.01,5.0,3.0,485752.73
51,1384.92,24.0,Bachelor,Gwangju,Service,,25933.65,Full-time,244088.85,4.0,15.0,443564.07
49,4815.8,27.0,Master,Gwangju,Office,782.4,43938.11,Full-time,139447.81,2.0,14.0,306954.55
48,5520.43,28.0,Bachelor,Busan,Office,647.5,33975.68,Full-time,243615.19,1.0,0.0,435550.13
64,5082.98,42.0,Master,Busan,Teacher,567.1,,Full-time,257198.19,1.0,1.0,481465.22
48,,26.0,Bachelor,Gwangju,Service,760.8,35590.22,Self-employed,162824.74,3.0,0.0,374965.61
49,4699.86,31.0,High School,Seoul,Teacher,762.8,29896.73,Full-time,247045.88,5.0,25.0,565879.6
35,4454.77,10.0,Bachelor,Gwangju,Service,805.2,43298.58,Full-time,,5.0,17.0,407358.63
59,1665.81,37.0,Bachelor,Daegu,Office,751.5,39386.59,Part-time,,6.0,3.0,551032.63
38,4489.98,16.0,,Busan,Service,753.4,28874.97,Self-employed,246101.07,4.0,5.0,458778.71
37,3649.39,11.0,Bachelor,Busan,Teacher,622.6,5000.0,,346727.87,5.0,10.0,579517.32
20,3142.77,0.0,Bachelor,Busan,Manager,739.0,38357.36,Full-time,383463.37,6.0,29.0,587659.72
33,7927.45,15.0,Master,Gwangju,Teacher,850.0,32999.37,Full-time,198434.59,4.0,11.0,467129.18
21,6078.92,1.0,High School,Busan,Manager,635.8,57126.35,Full-time,263407.65,5.0,7.0,461434.66
47,2474.74,23.0,Bachelor,Busan,Engineer,582.6,12408.17,Self-employed,249388.27,3.0,29.0,409817.92
49,4719.95,31.0,Master,Gwangju,,691.2,25378.57,Full-time,196642.19,6.0,13.0,503747.89
57,6387.04,39.0,Bachelor,Seoul,Service,755.0,9444.12,Full-time,,1.0,9.0,401016.67
23,1955.7,1.0,Bachelor,Busan,Manager,697.3,19265.03,Full-time,123472.93,5.0,24.0,333167.19
20,4315.47,0.0,Bachelor,Busan,Service,822.7,46695.48,Full-time,174642.12,5.0,30.0,426740.2
27,4386.11,4.0,Bachelor,Busan,Manager,611.2,8024.76,Full-time,242900.68,3.0,25.0,452963.56
48,2288.26,21.0,High School,Daegu,Teacher,558.8,11290.9,Self-employed,337455.04,2.0,22.0,438214.41
58,4769.33,39.0,Bachelor,Gwangju,Teacher,794.3,34959.61,Part-time,211304.86,4.0,3.0,515222.4
22,5874.37,0.0,PhD,Busan,Service,567.4,30324.36,Full-time,308427.59,2.0,14.0,441274.72
51,6462.07,28.0,Bachelor,Daegu,Teacher,705.4,24048.8,Full-time,343150.34,1.0,29.0,547513.14
29,,7.0,High School,Seoul,Service,792.1,5000.0,Full-time,171315.74,2.0,15.0,441776.61
29,7952.47,7.0,Master,Seoul,Office,697.3,43194.75,Full-time,100705.1,1.0,13.0,344525.26
38,1113.05,18.0,Bachelor,Daegu,Manager,624.2,25178.79,Full-time,223180.09,4.0,14.0,419360.7
65,4734.33,42.0,High School,Seoul,Service,781.8,15754.46,Full-time,106238.35,,22.0,445734.3
53,2081.56,32.0,Master,Incheon,Manager,693.7,31857.89,Full-time,374477.05,1.0,,515862.51
52,4335.27,,High School,Seoul,Office,662.3,43073.07,Full-time,319115.37,4.0,26.0,591275.61
42,3417.14,23.0,Master,Incheon,,811.5,24804.94,Full-time,339766.37,6.0,11.0,620027.83
47,4960.32,27.0,Bachelor,Daegu,Service,649.9,20208.33,Part-time,72959.21,3.0,29.0,304468.86
51,4009.68,25.0,Master,Incheon,Teacher,632.1,28426.12,Self-employed,189101.52,2.0,30.0,349894.3
26,2961.02,0.0,Bachelor,Seoul,Manager,607.8,32593.68,,224530.02,2.0,29.0,421407.45
48,,25.0,Bachelor,Busan,Manager,777.3,33713.03,Full-time,254148.49,1.0,12.0,439720.07
27,7098.69,0.0,Master,Incheon,Office,714.2,25048.4,Part-time,189313.7,5.0,13.0,467132.96
20,4865.29,0.0,PhD,Seoul,Engineer,641.0,42767.53,Part-time,50000.0,6.0,25.0,309021.92
22,1646.81,0.0,Master,Busan,Teacher,564.9,17465.91,Full-time,259305.91,5.0,10.0,443009.68
43,5026.18,22.0,Bachelor,Daegu,Service,792.7,25926.83,Full-time,370184.99,6.0,10.0,613182.36
42,3907.99,20.0,PhD,Daegu,Office,642.2,25870.87,Full-time,390846.72,3.0,5.0,540394.14
27,4206.9,0.0,Bachelor,Gwangju,Service,534.5,9514.18,Self-employed,197422.26,2.0,0.0,389552.83
56,,33.0,High School,Daegu,Service,687.0,32356.42,Part-time,226675.22,4.0,23.0,489826.08
22,5974.84,,High School,Gwangju,Manager,762.6,29120.92,Full-time,134477.54,6.0,19.0,334665.5
52,2911.78,30.0,Master,Daegu,Office,737.6,25711.07,Self-employed,226755.04,3.0,7.0,439112.82
47,4155.39,22.0,Master,Daegu,Office,686.5,34071.9,Full-time,183547.31,1.0,7.0,310746.66
27,3380.83,9.0,Bachelor,Daegu,Teacher,644.7,25660.71,Full-time,175943.43,6.0,29.0,463557.88
53,5095.29,31.0,Master,Gwangju,Engineer,635.1,44920.05,Full-time,92798.31,1.0,29.0,331112.9
54,3851.54,27.0,Master,Gwangju,Service,782.1,33646.95,Full-time,350981.16,3.0,17.0,549143.27
51,4243.88,33.0,Bachelor,Incheon,Teacher,,32498.21,Part-time,199309.98,4.0,21.0,418781.09
43,3794.58,16.0,High School,Seoul,,604.1,19912.7,Part-time,179336.88,2.0,12.0,413211.65
33,4040.82,10.0,Master,Seoul,Service,,,Part-time,239072.07,2.0,25.0,484901.97
51,6756.98,27.0,High School,,Manager,520.5,37633.8,Full-time,170802.22,4.0,13.0,486444.7
65,7786.15,43.0,Bachelor,Daegu,,662.6,5338.75,Part-time,,2.0,29.0,365864.84
62,4765.64,44.0,,Seoul,Service,581.8,24785.07,Full-time,330968.34,6.0,14.0,706873.16
35,4050.05,12.0,Bachelor,Gwangju,Office,718.0,38568.01,Full-time,222930.24,5.0,3.0,508499.95
23,1806.54,0.0,Bachelor,Incheon,Engineer,634.1,17591.88,Full-time,286925.98,5.0,18.0,484109.44
56,,34.0,Bachelor,Busan,Manager,648.0,22466.18,Full-time,236456.99,4.0,12.0,517800.78
40,4009.9,17.0,Master,Incheon,Engineer,628.6,11270.1,Self-employed,300643.17,5.0,8.0,598336.09
33,3127.41,6.0,Bachelor,Seoul,Teacher,734.1,16936.62,Full-time,279670.58,6.0,15.0,509532.02
50,3285.15,26.0,Master,Seoul,Teacher,674.5,18457.17,Full-time,50000.0,3.0,27.0,372794.01
37,6563.08,13.0,Master,Gwangju,Service,755.7,22451.84,Part-time,258106.0,2.0,25.0,410903.62
26,4243.19,,Master,Incheon,Service,776.6,29551.24,Full-time,144086.58,6.0,27.0,422797.45
29,,9.0,Master,Gwangju,Service,657.0,30776.34,Full-time,143706.51,3.0,8.0,394143.95
26,3188.71,3.0,Bachelor,Gwangju,Manager,624.2,45348.29,Full-time,76361.57,4.0,1.0,262188.5
52,5966.32,32.0,High School,Busan,Engineer,646.5,22163.25,Full-time,373714.8,6.0,20.0,684261.3
42,3881.13,23.0,High School,Gwangju,Teacher,850.0,34679.84,Full-time,208411.98,6.0,30.0,480059.46
40,3418.7,19.0,Master,Gwangju,,630.6,20373.11,Self-employed,184621.98,5.0,25.0,466509.81
38,1828.87,16.0,,Busan,Manager,666.0,48110.72,Self-employed,154928.9,3.0,9.0,425680.36
38,4108.35,11.0,Bachelor,Daegu,Engineer,697.2,29482.23,Full-time,419514.13,3.0,6.0,525310.69
55,3371.91,29.0,Master,Daegu,Engineer,723.7,25515.51,Full-time,306130.11,1.0,8.0,497432.18
48,6726.87,28.0,High School,Busan,Service,,18500.03,,50000.0,3.0,,388160.13
37,6965.85,17.0,High School,Gwangju,Engineer,821.9,38872.79,Full-time,335948.39,5.0,25.0,562678.63
21,2347.08,0.0,Master,,Engineer,698.9,29557.02,Self-employed,141902.71,2.0,,367932.07
20,2516.77,0.0,High School,Incheon,Engineer,668.1,30454.04,Part-time,275885.68,2.0,18.0,383826.21
24,3785.52,1.0,Bachelor,Seoul,Office,756.5,15326.82,Self-employed,182314.41,2.0,0.0,471341.38
39,2975.94,15.0,Master,Seoul,Teacher,609.1,18612.94,Self-employed,72511.72,5.0,0.0,349278.09
30,4526.12,10.0,Master,Gwangju,Teacher,723.1,6859.93,Self-employed,176207.11,2.0,24.0,354463.99
61,3710.06,39.0,Bachelor,Incheon,Engineer,650.3,21887.8,Full-time,240499.6,6.0,19.0,556107.99
21,4620.8,0.0,Bachelor,Incheon,Service,,22247.06,Full-time,241878.01,6.0,7.0,499313.61
22,5724.14,1.0,Bachelor,Daegu,Service,789.0,11865.59,Part-time,190226.25,2.0,3.0,379848.74
42,2603.67,15.0,High School,Busan,,666.1,27131.37,Full-time,224531.55,4.0,27.0,461451.49
31,5692.82,12.0,Master,Gwangju,Teacher,,23821.17,Full-time,231244.62,4.0,21.0,399693.28
39,,18.0,High School,Incheon,Manager,531.0,19288.81,Self-employed,297568.46,1.0,3.0,406327.06
24,7422.72,5.0,High School,Gwangju,Engineer,698.0,17711.49,Full-time,331407.26,6.0,14.0,612872.48
56,6631.46,36.0,Bachelor,Daegu,,509.4,29989.36,Full-time,220158.87,1.0,1.0,457125.97
57,4030.38,36.0,Master,Seoul,Service,673.2,18661.94,Full-time,107494.03,3.0,16.0,379173.98
49,2754.62,28.0,High School,Incheon,Teacher,,47732.77,Full-time,274418.36,3.0,7.0,515264.21
28,2467.7,1.0,High School,Daegu,Teacher,724.6,25796.19,Part-time,278051.45,6.0,15.0,506475.31
53,5510.44,27.0,High School,Gwangju,Teacher,678.9,39020.97,Self-employed,295791.04,,5.0,635482.95
63,4154.4,36.0,Bachelor,Daegu,Service,634.7,14253.55,Part-time,138468.22,3.0,0.0,377366.51
54,5590.3,31.0,Bachelor,Daegu,Manager,747.9,26054.36,Full-time,288557.41,1.0,4.0,516076.09
41,7506.34,15.0,High School,Daegu,Office,592.7,16562.01,Full-time,246891.3,2.0,18.0,448257.73
63,3044.43,42.0,,Daegu,Engineer,725.0,33112.88,Full-time,269276.8,3.0,17.0,486490.89
43,2354.79,17.0,Master,Daegu,Engineer,845.0,27250.72,Full-time,154954.74,2.0,2.0,350729.2
36,4488.84,10.0,Master,Daegu,,757.2,51743.05,,60574.17,2.0,1.0,250448.85
29,5917.14,6.0,Bachelor,Busan,Manager,647.6,23459.87,Full-time,104159.58,1.0,25.0,309235.0
49,2789.31,27.0,Bachelor,Gwangju,Service,598.5,6875.77,Full-time,295074.38,4.0,1.0,449387.72
65,4251.94,45.0,Bachelor,Seoul,Office,754.8,27283.96,Full-time,365483.81,6.0,,695315.89
42,6255.07,20.0,Bachelor,Gwangju,Office,582.1,30373.94,Full-time,,4.0,2.0,484354.33
51,1750.68,31.0,High School,Incheon,Teacher,680.5,20484.07,Part-time,115837.69,5.0,18.0,353964.32
36,4552.98,14.0,,,Teacher,738.0,18951.06,Full-time,216277.21,4.0,3.0,477125.56
36,3389.85,14.0,Bachelor,Gwangju,Service,599.3,13629.74,Full-time,244818.85,3.0,2.0,445986.69
33,4386.23,14.0,Bachelor,Daegu,Service,594.9,33777.72,Full-time,223778.53,1.0,7.0,319224.57
28,5264.68,2.0,Bachelor,Busan,Service,,35098.83,Full-time,233498.43,2.0,11.0,390888.78
59,4531.21,35.0,High School,Seoul,Teacher,807.6,57178.7,Full-time,129540.95,1.0,28.0,373557.53
21,2684.67,0.0,Master,Daegu,Manager,815.9,25997.9,Full-time,93274.63,6.0,3.0,353560.52
64,3448.13,42.0,High School,Gwangju,Teacher,814.7,29832.46,Full-time,136547.29,5.0,13.0,505735.74
44,6339.89,23.0,Master,Gwangju,Teacher,825.4,25098.63,Full-time,114211.03,5.0,9.0,404234.46
58,4693.4,33.0,Bachelor,Busan,Office,,60483.05,Full-time,229702.95,5.0,16.0,503578.96
28,5460.48,,Master,Busan,Service,,35413.04,Self-employed,239670.09,2.0,29.0,481033.36
41,4575.44,,Bachelor,Gwangju,Engineer,816.3,28026.72,Part-time,103017.91,5.0,17.0,362218.4
62,5413.67,44.0,Master,Daegu,Service,754.3,53233.94,Full-time,212849.12,6.0,6.0,509281.22
65,3605.78,38.0,Bachelor,Daegu,Manager,747.9,27285.96,Full-time,376864.45,5.0,12.0,623842.09
23,3048.73,5.0,Bachelor,Daegu,Manager,596.8,70505.14,Full-time,232094.12,5.0,21.0,506508.75
45,5345.55,25.0,High School,Seoul,Service,,47966.69,Full-time,183379.94,,24.0,528662.81
48,5891.06,26.0,Bachelor,,Service,,27746.03,Self-employed,293749.2,6.0,12.0,585070.07
64,2828.58,41.0,,Daegu,Teacher,674.9,34151.37,Full-time,422056.65,2.0,21.0,618733.16
53,,,Bachelor,Gwangju,Engineer,612.0,29522.86,Full-time,237650.44,5.0,1.0,519831.99
42,3955.16,18.0,Bachelor,Busan,Teacher,527.9,37048.61,Full-time,169572.98,3.0,7.0,405141.88
56,6629.74,32.0,High School,Incheon,Office,619.8,21044.84,Self-employed,229980.34,1.0,24.0,485802.72
30,5044.7,11.0,Master,Busan,Office,450.3,53161.46,Full-time,337575.93,5.0,20.0,559399.42
25,2213.87,6.0,Bachelor,Busan,Manager,647.0,20167.33,Self-employed,213681.92,5.0,21.0,427667.6
37,4060.53,18.0,High School,Incheon,,,31056.38,Full-time,222847.44,1.0,19.0,406234.66
40,3831.18,21.0,Master,Daegu,Engineer,586.6,32408.11,Full-time,340522.2,5.0,10.0,570573.57
61,2440.1,35.0,PhD,Busan,Manager,712.1,24214.99,Full-time,,6.0,1.0,449308.87
55,4042.81,33.0,Master,Incheon,Office,652.5,12530.35,Full-time,366221.43,5.0,11.0,535049.34
60,3764.94,35.0,Master,Gwangju,Engineer,658.3,30892.28,Full-time,101234.69,3.0,4.0,348830.59
57,3657.55,35.0,High School,Gwangju,Office,791.3,30973.05,Full-time,258911.03,6.0,20.0,545414.31
53,3588.93,31.0,PhD,Gwangju,Service,654.3,24053.83,Full-time,387870.02,4.0,29.0,616864.55
36,6407.09,18.0,Bachelor,Daegu,Service,716.3,24527.01,Full-time,429061.26,2.0,15.0,558579.16
56,3654.45,33.0,High School,Busan,Engineer,593.4,29850.23,Self-employed,185045.48,2.0,29.0,457879.57
44,4274.51,23.0,Master,Busan,Teacher,700.4,42946.02,Full-time,197456.86,1.0,0.0,407160.82
57,4111.85,37.0,Bachelor,Seoul,Manager,671.8,42095.52,Full-time,385113.37,3.0,11.0,608105.46
31,3442.47,8.0,Bachelor,Gwangju,Engineer,,33778.95,Full-time,190725.44,2.0,4.0,405563.11
42,4319.26,23.0,,Daegu,Manager,582.0,22854.47,Full-time,176133.7,1.0,0.0,361845.54
61,4298.03,36.0,Bachelor,Incheon,Office,589.6,23919.8,Self-employed,177829.69,1.0,2.0,367371.48
41,4319.63,23.0,Bachelor,Daegu,Teacher,652.3,25075.27,Full-time,144973.23,1.0,26.0,363972.03
40,2911.15,14.0,Bachelor,Busan,Manager,786.5,22597.01,Full-time,129286.94,2.0,24.0,379427.97
46,3890.81,21.0,High School,Gwangju,Service,564.8,14778.92,Full-time,204023.79,4.0,3.0,378749.87
50,5340.48,32.0,Bachelor,Seoul,Service,814.4,18645.86,Full-time,81618.59,1.0,8.0,387802.83
25,3930.28,0.0,Bachelor,Daegu,Office,623.5,35228.31,Full-time,168820.8,5.0,21.0,392251.13
46,4442.67,20.0,Bachelor,Seoul,Engineer,686.6,20295.8,Full-time,353911.48,4.0,16.0,537767.39
59,4450.56,40.0,Master,Busan,Manager,760.2,28432.46,Full-time,295659.52,4.0,11.0,612165.2
53,4826.09,33.0,Bachelor,Incheon,Office,651.5,28013.09,Self-employed,172467.67,5.0,18.0,460171.6
31,5037.98,12.0,Master,Daegu,Service,660.5,33507.52,Full-time,242378.53,2.0,28.0,378354.34
64,3938.77,39.0,High School,Busan,Service,795.7,20076.88,Self-employed,212295.89,2.0,,466259.23
26,2833.0,7.0,Bachelor,Gwangju,Service,767.7,5000.0,Full-time,156266.08,3.0,29.0,382365.24
29,2371.93,,,Daegu,Teacher,,20601.95,Full-time,50000.0,2.0,,272985.64
64,5726.53,45.0,Bachelor,Seoul,Teacher,668.3,16911.04,Part-time,144418.67,3.0,30.0,538424.22
36,5355.38,18.0,High School,Daegu,Service,673.9,5000.0,Full-time,194465.12,1.0,9.0,339827.75
45,5174.05,21.0,,Busan,,594.2,21360.19,Full-time,432733.55,2.0,19.0,596767.1
40,5416.81,21.0,Bachelor,Busan,Teacher,657.3,19784.97,Full-time,273454.82,2.0,7.0,497115.25
47,3957.67,20.0,Bachelor,Seoul,Manager,685.4,27670.76,Full-time,211878.04,5.0,2.0,521910.09
65,3262.69,43.0,Bachelor,Busan,Teacher,677.3,34292.27,Full-time,263352.65,1.0,10.0,453420.75
21,2729.39,0.0,PhD,Daegu,Manager,703.7,50494.72,Full-time,241747.65,6.0,14.0,456382.73
62,2565.98,42.0,Bachelor,Seoul,Teacher,768.9,29118.12,Part-time,161041.32,6.0,19.0,547533.36
20,6018.24,0.0,Master,Busan,Service,559.1,28361.36,Self-employed,215382.2,3.0,27.0,370733.38
55,3460.28,35.0,,Busan,Manager,629.3,51974.58,Full-time,190349.2,1.0,11.0,427502.19
45,5782.29,22.0,Bachelor,Daegu,Engineer,771.6,12771.6,Full-time,91501.03,,2.0,413825.76
48,3919.67,27.0,Master,,Teacher,850.0,13563.6,Part-time,172645.93,4.0,6.0,415140.07
40,3185.64,20.0,PhD,Daegu,Teacher,594.1,35227.3,Full-time,212038.37,5.0,21.0,462418.17
30,2558.45,11.0,Bachelor,Gwangju,Service,630.0,43785.18,Full-time,258271.02,4.0,0.0,447297.04
59,3317.77,39.0,Master,Daegu,Manager,575.3,45184.42,Full-time,223157.51,,9.0,440608.57
30,6327.36,9.0,Master,Incheon,Service,517.1,6345.25,Full-time,302478.36,3.0,16.0,473849.2
55,2573.68,32.0,Bachelor,Busan,Manager,,6692.83,Part-time,203224.25,2.0,5.0,440249.68
58,7375.12,37.0,Bachelor,Gwangju,Teacher,727.5,26594.68,Self-employed,330631.81,2.0,18.0,529382.81
59,2939.09,34.0,Master,,Teacher,656.0,36507.56,Self-employed,237509.99,2.0,24.0,503286.77
54,5324.92,34.0,Master,Incheon,Teacher,656.8,23423.9,Self-employed,260203.48,3.0,,509319.67
53,3982.12,33.0,High School,Seoul,Teacher,671.1,13874.43,Full-time,244821.67,4.0,28.0,574549.4
43,3719.16,23.0,High School,Incheon,Office,634.5,12720.61,Full-time,179864.29,3.0,27.0,433724.0
41,2292.87,16.0,Master,Gwangju,Teacher,,40433.75,Full-time,275945.86,3.0,1.0,520439.3
24,4052.41,3.0,High School,Gwangju,Teacher,791.0,40798.62,Full-time,170635.82,4.0,,336286.87
52,2462.57,34.0,Master,Gwangju,Manager,613.8,35567.03,Full-time,139529.58,6.0,28.0,449611.72
55,1677.63,36.0,Bachelor,Incheon,Teacher,657.4,27398.55,Full-time,243504.07,2.0,18.0,475683.92
39,,12.0,High School,Daegu,Teacher,669.8,17587.38,Self-employed,,5.0,8.0,454505.83
38,3246.87,19.0,High School,Seoul,Manager,634.6,5102.19,Full-time,154380.22,3.0,27.0,459772.23
54,6726.52,34.0,Bachelor,Daegu,Teacher,685.4,9972.35,Full-time,228763.95,3.0,5.0,426111.26
62,5700.03,39.0,High School,Daegu,Teacher,480.0,5000.0,Full-time,279241.14,4.0,16.0,534609.03
36,6746.15,11.0,Bachelor,Busan,Service,725.8,24397.74,Self-employed,203957.73,6.0,1.0,497792.84
64,3178.68,46.0,,Seoul,Office,602.2,33588.5,Full-time,356165.91,5.0,6.0,624644.44
62,4404.21,36.0,Bachelor,Incheon,,612.7,28789.54,Self-employed,318420.01,3.0,5.0,599172.02
53,1000.0,35.0,Master,Busan,Service,666.6,44993.88,Self-employed,,1.0,13.0,400559.03
28,3777.3,1.0,Bachelor,Busan,Engineer,568.8,,Full-time,123200.49,5.0,16.0,325747.96
45,4347.75,26.0,Bachelor,Gwangju,Engineer,786.5,8273.01,Self-employed,210112.73,3.0,25.0,464905.52
21,4431.07,1.0,Bachelor,Incheon,Office,,26359.26,Full-time,258945.32,5.0,17.0,505709.53
28,4136.45,4.0,,Daegu,Engineer,850.0,26724.67,Full-time,76942.25,6.0,5.0,368303.57
28,4299.89,2.0,PhD,Daegu,Office,730.4,33994.31,Full-time,75508.66,1.0,11.0,233225.99
59,1000.0,39.0,Master,Daegu,Engineer,634.5,38170.17,Self-employed,114640.62,1.0,5.0,303127.99
36,4584.33,11.0,Bachelor,Gwangju,Engineer,655.5,33665.35,Full-time,317610.8,5.0,21.0,490508.67
20,,0.0,Master,Daegu,Service,691.9,22159.65,Full-time,340841.86,2.0,13.0,487104.08
44,6207.04,17.0,Bachelor,Seoul,Engineer,815.9,44563.23,Full-time,130456.18,5.0,12.0,497197.32
62,4753.11,38.0,High School,Daegu,Office,756.0,38040.39,Full-time,101536.53,4.0,,397436.43
59,4003.89,38.0,Bachelor,Daegu,Teacher,750.0,5000.0,Full-time,239728.56,2.0,17.0,551140.7
61,5857.41,40.0,Master,Seoul,Teacher,655.6,37158.79,Self-employed,231804.07,6.0,9.0,579466.51
44,1000.0,23.0,Bachelor,Gwangju,Teacher,634.6,17375.12,Full-time,118794.85,1.0,,301231.85
58,3427.58,,Master,Busan,Office,731.0,6943.3,Full-time,134519.67,2.0,26.0,384900.71
54,3051.29,33.0,Bachelor,Incheon,Office,786.7,31021.89,Full-time,164128.07,1.0,13.0,409249.95
22,4148.22,0.0,Bachelor,Gwangju,Teacher,669.0,55881.12,Self-employed,183418.38,1.0,8.0,320228.86
56,1000.0,30.0,PhD,Daegu,Engineer,625.2,27362.98,Full-time,245950.24,1.0,8.0,428808.4
63,6179.45,39.0,Bachelor,Busan,Teacher,597.3,24531.54,Full-time,50000.0,4.0,25.0,371070.13
63,3825.29,38.0,Master,Incheon,Manager,546.1,,Self-employed,382031.78,4.0,24.0,638011.24
49,4678.2,27.0,Master,,Office,,56685.53,Full-time,251750.86,3.0,,437022.6
57,4534.64,35.0,Master,Incheon,Manager,659.6,24783.77,Full-time,227371.94,6.0,2.0,525518.58
53,6093.73,29.0,High School,Seoul,Manager,678.4,39800.66,Self-employed,166285.16,4.0,25.0,471178.39
31,1407.07,6.0,Bachelor,Seoul,Office,,23222.73,Full-time,148344.62,6.0,8.0,427370.19
38,,12.0,Master,Busan,Teacher,642.5,21031.62,Full-time,152702.41,1.0,12.0,273699.32
56,5919.27,37.0,Bachelor,Daegu,Service,823.6,44946.53,Full-time,178424.03,6.0,9.0,542973.5
63,4053.02,43.0,Bachelor,Busan,Manager,,14770.14,Full-time,254761.46,5.0,24.0,495193.87
36,2773.1,17.0,High School,Daegu,Teacher,734.6,36959.35,Full-time,316768.2,6.0,2.0,522887.59
29,3294.16,2.0,Bachelor,Gwangju,Service,582.4,23898.76,Full-time,99846.93,2.0,29.0,265666.59
31,3610.59,7.0,Bachelor,Incheon,Manager,612.0,18913.86,Full-time,182512.58,5.0,28.0,495245.91
35,3118.42,,Bachelor,Incheon,Teacher,702.5,22983.97,Full-time,231851.76,1.0,19.0,415124.45
43,3970.78,24.0,Bachelor,Seoul,Manager,763.5,5000.0,Full-time,237875.7,5.0,3.0,558374.0
38,6462.37,19.0,High School,Gwangju,Teacher,657.6,15398.89,Full-time,170819.72,2.0,13.0,330201.21
27,3303.95,6.0,,Gwangju,,686.8,29608.14,Full-time,189130.52,3.0,12.0,343754.01
50,3468.49,32.0,Master,Daegu,Engineer,781.0,25028.7,Full-time,200141.59,3.0,19.0,421219.37
40,4889.67,21.0,Master,Gwangju,Office,582.2,16649.93,Part-time,118921.65,6.0,6.0,384029.51
36,3937.77,16.0,High School,Seoul,,741.6,45779.9,Full-time,141104.98,6.0,20.0,503299.08
42,2206.22,18.0,Bachelor,Daegu,Manager,624.9,16079.32,Self-employed,59916.01,4.0,6.0,283351.27
56,4108.22,29.0,Bachelor,Busan,Manager,699.4,45246.19,Full-time,313692.72,5.0,,594841.35
35,4051.66,17.0,Bachelor,Daegu,Teacher,723.2,29763.01,Full-time,268338.28,4.0,22.0,450721.52
25,5663.52,2.0,Master,Busan,Service,585.9,24839.44,Self-employed,104691.53,4.0,7.0,323765.09
27,2741.77,7.0,,Daegu,Manager,620.3,29123.33,Full-time,124413.7,5.0,5.0,262887.23
44,,24.0,Master,Incheon,Service,733.3,31523.99,Full-time,104447.07,5.0,24.0,425013.26
37,4053.25,16.0,Bachelor,Busan,Service,659.2,16532.39,Full-time,139763.3,2.0,3.0,354908.55
44,2538.09,23.0,Bachelor,Seoul,Engineer,622.9,16858.41,,240688.65,5.0,27.0,511764.24
31,2236.83,7.0,,Busan,Manager,695.6,25595.35,,464148.03,5.0,4.0,696953.76
34,7101.58,14.0,High School,Busan,Manager,593.6,33243.98,Full-time,182584.16,6.0,24.0,460200.86
45,3960.13,20.0,High School,Daegu,Office,585.4,35964.34,,260245.27,4.0,24.0,365943.88
60,5604.76,35.0,High School,Incheon,Service,488.9,42945.76,Full-time,,3.0,17.0,422388.2
64,1637.82,40.0,Bachelor,Daegu,Teacher,708.8,13256.75,Full-time,240702.14,1.0,1.0,438261.49
45,8156.54,26.0,Bachelor,Daegu,Engineer,682.6,32280.79,Part-time,195762.98,3.0,24.0,437927.36
51,5539.87,29.0,High School,Incheon,Office,723.2,27844.51,Full-time,318083.0,5.0,21.0,568398.97
29,3816.84,6.0,Bachelor,Daegu,Engineer,777.7,21606.47,Full-time,270615.46,1.0,23.0,370831.55
35,3740.75,8.0,PhD,Incheon,Teacher,660.7,52043.89,Self-employed,219531.05,5.0,13.0,508734.29
26,5301.9,5.0,High School,Seoul,Office,674.4,33185.12,Full-time,274901.23,6.0,23.0,577259.83
36,5215.77,9.0,Bachelor,Incheon,Engineer,707.5,45147.18,Part-time,300739.03,2.0,23.0,521709.15
42,4473.79,20.0,High School,Gwangju,Teacher,634.4,5000.0,Full-time,158857.64,5.0,13.0,394651.66
45,4216.32,19.0,Master,,Office,563.4,40564.82,Full-time,259942.69,1.0,4.0,457951.53
40,5041.6,16.0,,Incheon,Teacher,587.9,34433.02,Full-time,293893.61,6.0,10.0,459517.75
41,1587.44,22.0,Master,Gwangju,Office,676.8,36421.83,Full-time,259590.51,2.0,26.0,418704.36
26,3643.09,8.0,Bachelor,Incheon,Manager,760.0,24483.57,Full-time,279989.21,6.0,25.0,515705.96
33,1729.7,14.0,Master,Busan,Manager,805.4,53328.21,Self-employed,227207.36,1.0,19.0,395704.53
34,5106.89,14.0,Bachelor,Daegu,Engineer,657.2,25637.51,Full-time,266648.62,2.0,2.0,435225.65
26,,7.0,Bachelor,Daegu,Service,693.4,27775.61,Full-time,349679.1,4.0,15.0,502809.98
28,1842.63,8.0,High School,Seoul,Service,,16259.81,Full-time,134136.61,1.0,19.0,315510.98
27,3009.32,,Bachelor,Seoul,Teacher,,,Full-time,219755.12,4.0,7.0,422370.97
42,4424.03,16.0,Master,Gwangju,Office,691.0,,Part-time,154432.8,6.0,19.0,447200.09
48,3892.16,27.0,Bachelor,Busan,Manager,696.8,40864.54,Full-time,168836.85,4.0,14.0,453516.11
37,2440.27,11.0,Bachelor,Seoul,Service,,35616.44,Full-time,262255.3,5.0,13.0,576027.65
50,1642.7,30.0,PhD,Daegu,Manager,582.4,42079.72,Full-time,76860.56,3.0,13.0,326677.72
49,4310.9,31.0,Bachelor,Seoul,Teacher,740.8,26706.83,Full-time,124780.18,2.0,7.0,470320.89
58,3328.85,36.0,PhD,Seoul,Teacher,715.1,23927.84,Full-time,322855.15,1.0,23.0,501133.96
54,3812.88,27.0,High School,Incheon,Office,767.1,38609.45,Self-employed,107308.85,6.0,29.0,469667.72
37,3960.47,10.0,Master,Seoul,Service,719.5,29895.39,Full-time,342558.39,4.0,0.0,593578.82
61,4845.1,42.0,High School,Gwangju,Teacher,761.7,5000.0,Full-time,,6.0,15.0,562225.96
58,5470.42,37.0,Bachelor,Daegu,Teacher,606.2,22568.02,Full-time,213956.84,5.0,26.0,449937.41
36,4419.76,17.0,Bachelor,Gwangju,Manager,632.3,5000.0,Full-time,162027.76,1.0,26.0,351004.61
33,3719.31,14.0,Bachelor,Gwangju,Engineer,692.2,18213.59,,192321.4,6.0,27.0,437066.45
50,,30.0,Bachelor,Busan,Service,619.9,40312.71,Self-employed,239347.72,5.0,11.0,531331.01
43,3691.14,21.0,Bachelor,Incheon,Office,748.4,23962.29,Self-employed,201253.17,1.0,13.0,410367.27
54,1736.17,33.0,PhD,Gwangju,Office,566.8,24766.27,Full-time,144979.52,5.0,8.0,393113.04
63,5837.92,44.0,PhD,Busan,Manager,667.2,25670.05,,272529.34,5.0,13.0,660311.44
64,,37.0,PhD,Daegu,Office,634.7,28132.01,Self-employed,325399.63,3.0,12.0,517370.77
53,7182.5,34.0,PhD,Daegu,Teacher,620.6,23982.69,Self-employed,83492.72,4.0,18.0,389583.89
22,7620.75,0.0,Master,Busan,Service,570.3,49800.0,,406245.34,2.0,21.0,546540.8
56,2435.97,32.0,PhD,Gwangju,Office,683.3,7559.64,Full-time,244671.65,2.0,29.0,438818.62
62,3696.9,35.0,Master,Gwangju,Service,673.4,30746.97,Full-time,261166.8,1.0,15.0,495032.83
59,7967.31,36.0,,Incheon,Office,832.4,34674.24,Full-time,347901.0,1.0,18.0,618057.13
45,4139.17,21.0,Master,Incheon,Engineer,850.0,17262.37,Full-time,50000.0,6.0,24.0,345360.7
42,4566.32,24.0,Master,,Engineer,594.6,35747.83,Full-time,85141.14,6.0,16.0,400497.44
63,1918.31,40.0,Master,Incheon,Service,527.8,19985.49,Self-employed,50000.0,3.0,22.0,404473.57
58,4425.43,38.0,Bachelor,Busan,Engineer,583.9,33757.97,Full-time,115031.41,1.0,4.0,333403.42
34,7097.91,16.0,High School,Daegu,Engineer,675.1,12858.02,Full-time,269651.37,2.0,27.0,401725.47
23,6129.94,0.0,Master,Gwangju,Teacher,770.0,29049.98,Full-time,115678.19,4.0,2.0,336234.47
48,3285.02,27.0,PhD,Daegu,Office,641.5,54757.58,Full-time,141198.71,3.0,27.0,371576.85
41,3605.53,14.0,Bachelor,Seoul,Engineer,726.3,17139.59,Full-time,156042.93,1.0,26.0,382112.31
44,2503.65,19.0,High School,Daegu,Service,616.1,23014.68,Full-time,207039.26,3.0,22.0,434179.29
32,2923.26,5.0,Bachelor,Incheon,Teacher,641.0,47796.41,Full-time,202821.11,3.0,0.0,374365.74
37,1334.68,16.0,Bachelor,Busan,Engineer,693.3,42837.51,,,3.0,21.0,390506.44
52,4072.77,31.0,Bachelor,Gwangju,Service,679.1,48982.37,Full-time,130209.62,1.0,6.0,377687.34
35,6465.17,8.0,,Gwangju,Office,677.1,23568.71,Full-time,193351.55,5.0,24.0,434778.75
64,4733.15,43.0,PhD,Incheon,Engineer,593.5,32162.87,Full-time,220052.08,1.0,30.0,440678.23
61,6249.36,38.0,Master,Incheon,,778.1,33534.04,Part-time,,1.0,24.0,529739.11
63,5809.87,37.0,Bachelor,Incheon,Service,777.5,18676.13,Full-time,134778.96,6.0,6.0,449070.5
21,3379.79,0.0,Master,Seoul,Manager,778.8,14588.55,Full-time,207981.73,1.0,20.0,342895.36
54,3060.74,27.0,Bachelor,Busan,Service,625.8,13109.61,Self-employed,50000.0,1.0,22.0,228966.93
61,3118.22,36.0,,Seoul,Manager,689.6,21982.02,Full-time,,1.0,26.0,593372.6
53,1624.41,28.0,Bachelor,,Office,638.0,12665.89,Full-time,207229.16,3.0,30.0,439363.25
49,4248.5,28.0,Master,Busan,Office,602.0,19877.14,Self-employed,286094.48,3.0,16.0,575149.08
32,1000.0,5.0,Master,Incheon,Teacher,702.8,,Self-employed,322212.14,1.0,,462891.34
32,5087.12,6.0,Master,Busan,Manager,510.2,34146.34,Full-time,257565.43,6.0,6.0,427259.76
37,4307.82,11.0,,Gwangju,Service,747.7,32740.04,Self-employed,229863.86,4.0,12.0,437932.98
51,,29.0,High School,Seoul,Teacher,587.0,21142.95,Full-time,56446.76,6.0,27.0,441017.11
51,5785.52,28.0,High School,Incheon,Teacher,655.0,23900.04,Part-time,204820.49,4.0,28.0,495622.32
54,4498.19,32.0,Master,Incheon,Office,,35146.21,Full-time,134414.76,5.0,12.0,418238.46
58,6647.36,38.0,Master,Daegu,Service,824.6,23740.98,Full-time,124903.31,4.0,9.0,472567.07
65,5132.92,40.0,Bachelor,Gwangju,Manager,732.7,20855.25,Full-time,55554.54,2.0,19.0,307395.18
48,3064.31,22.0,,Incheon,Office,686.9,12049.56,Self-employed,200508.59,2.0,1.0,428528.15
48,3843.43,,PhD,Seoul,Teacher,624.9,43664.74,Part-time,144683.29,4.0,5.0,471730.68
63,1000.0,37.0,Master,Gwangju,Engineer,594.7,8547.55,Self-employed,152121.19,1.0,6.0,341709.3
35,2846.71,9.0,Bachelor,Incheon,,664.0,24213.8,Full-time,132123.54,4.0,26.0,392055.73
63,,39.0,Master,Seoul,Engineer,,17376.09,Full-time,331270.62,2.0,12.0,578332.38
29,5019.41,4.0,,Daegu,Office,661.6,29745.48,Full-time,126899.95,4.0,28.0,347318.67
49,3074.46,,High School,Daegu,Manager,722.5,22631.67,Full-time,183833.62,3.0,22.0,432224.5
44,2330.6,22.0,Bachelor,Seoul,Service,828.5,29005.32,Full-time,202300.58,5.0,7.0,500741.28
58,1368.7,,High School,Gwangju,Engineer,594.1,17912.24,Part-time,198848.34,3.0,20.0,478375.85
39,3305.37,15.0,Bachelor,Seoul,Service,698.9,22556.69,Part-time,366932.2,6.0,12.0,635488.6
24,7126.28,1.0,Bachelor,Seoul,Office,819.3,11833.57,Full-time,50000.0,3.0,25.0,356911.47
20,,0.0,Bachelor,Daegu,Office,655.1,15900.85,Full-time,239102.65,5.0,10.0,470628.76
49,5609.37,,Bachelor,Daegu,Office,,22442.55,Part-time,294170.18,1.0,9.0,478136.35
22,2849.92,4.0,Bachelor,Daegu,Manager,716.9,29971.49,Full-time,241455.86,5.0,28.0,406831.52
64,1839.83,37.0,High School,Incheon,Engineer,734.1,26236.45,Full-time,402234.88,1.0,26.0,613598.35
33,2368.38,13.0,Master,Incheon,Service,764.0,44363.56,Full-time,331941.13,2.0,23.0,515917.98
49,4054.3,22.0,,,,688.7,9840.11,Self-employed,159837.76,4.0,3.0,398584.64
23,1208.81,0.0,,Incheon,Office,616.4,24860.86,Full-time,201774.5,2.0,9.0,397259.71
37,2690.11,17.0,PhD,Gwangju,,724.9,5000.0,Full-time,284799.03,2.0,30.0,416397.35
56,3320.46,,Bachelor,Gwangju,Service,602.6,26005.38,Full-time,209095.58,,16.0,406604.76
44,2218.61,25.0,Bachelor,Daegu,Manager,706.6,19949.58,Self-employed,210700.66,4.0,27.0,426192.24
20,1014.48,0.0,Bachelor,Seoul,Engineer,686.2,21807.57,Full-time,391354.14,1.0,7.0,464280.07
65,4634.48,44.0,Master,Daegu,Manager,684.2,19818.35,Full-time,304945.5,5.0,19.0,580152.7
34,4268.81,7.0,Master,Seoul,Manager,673.4,33218.96,Part-time,395419.39,1.0,4.0,518893.62
28,5368.54,5.0,Bachelor,Daegu,Service,760.2,31359.28,Full-time,211873.49,1.0,28.0,373889.78
34,2534.36,15.0,Master,Daegu,Engineer,729.4,13528.46,Full-time,232136.05,3.0,19.0,481736.47
43,5339.88,17.0,,Gwangju,Engineer,735.6,25293.62,Full-time,248365.41,4.0,14.0,474266.86
23,6493.96,0.0,PhD,Seoul,Engineer,642.9,9751.02,Full-time,278498.42,1.0,22.0,463361.63
31,4593.32,4.0,Bachelor,Busan,Office,548.6,7507.51,Self-employed,192953.37,1.0,9.0,339639.68
56,3285.1,34.0,Master,Busan,Engineer,648.2,32807.41,Full-time,141400.66,2.0,18.0,380017.41
56,4417.62,32.0,Bachelor,Daegu,Service,714.9,14353.1,Part-time,150744.88,6.0,17.0,484898.19
62,3213.32,41.0,Bachelor,,Office,682.6,20632.68,Full-time,209422.24,3.0,25.0,426384.58
25,2963.57,0.0,PhD,Gwangju,Teacher,645.4,30631.23,Full-time,80593.19,5.0,11.0,342599.03
58,5224.89,34.0,Master,Seoul,Manager,697.7,27788.52,Full-time,251399.03,6.0,1.0,564114.6
65,3991.42,46.0,,Daegu,Engineer,658.6,44845.78,Full-time,,3.0,6.0,398881.9
43,6007.64,19.0,Bachelor,,Teacher,683.9,12916.72,Part-time,87446.28,2.0,10.0,322632.58
30,3536.37,9.0,Bachelor,Seoul,Engineer,520.9,42634.04,Full-time,322591.48,2.0,14.0,459062.84
32,3688.24,11.0,Bachelor,Daegu,Manager,741.4,34941.75,Full-time,226422.7,2.0,11.0,400986.02
53,3350.23,35.0,Bachelor,Seoul,Service,729.0,37119.54,Self-employed,255569.56,4.0,9.0,499864.34
44,2519.72,24.0,Bachelor,Gwangju,Service,849.0,23300.66,Full-time,246773.5,6.0,12.0,487768.29
26,5421.64,4.0,Bachelor,Busan,Manager,623.0,16577.17,Self-employed,384256.84,,,531459.03
23,7478.57,1.0,High School,Seoul,Teacher,639.7,29141.49,Full-time,,1.0,1.0,527525.85
27,3626.66,8.0,Bachelor,Busan,Office,693.9,,Self-employed,363449.47,4.0,23.0,523024.11
39,3179.26,18.0,Bachelor,Daegu,Office,677.3,16135.66,Part-time,174093.9,2.0,29.0,407968.95
48,3082.01,30.0,Bachelor,Incheon,Engineer,806.4,29806.73,Full-time,209690.34,4.0,14.0,482989.7
64,3180.4,38.0,Master,Seoul,Manager,647.3,40625.73,Full-time,,1.0,21.0,384608.66
65,6674.68,47.0,,Busan,Manager,667.7,8753.39,Self-employed,300144.81,2.0,7.0,564678.8
29,3122.28,6.0,Bachelor,Seoul,Office,635.0,43683.29,Full-time,281771.03,6.0,5.0,587918.51
62,3322.1,38.0,Bachelor,Daegu,Teacher,801.9,13100.34,Full-time,159215.19,2.0,3.0,442800.46
53,2339.47,33.0,,Daegu,Manager,719.0,24321.7,Self-employed,171889.58,1.0,7.0,370376.43
45,4640.47,27.0,Master,Busan,Service,,24509.24,Full-time,257531.29,2.0,19.0,573667.91
60,4099.16,36.0,Bachelor,Gwangju,Service,850.0,22189.75,Full-time,201110.36,1.0,21.0,433545.22
22,2494.23,2.0,Bachelor,Seoul,Manager,619.0,25157.14,Full-time,160781.38,2.0,4.0,358270.48
25,2860.76,0.0,Master,Seoul,Teacher,766.3,29611.56,Full-time,186567.08,2.0,19.0,403815.86
24,6499.4,1.0,PhD,Daegu,Service,659.5,43269.56,Part-time,185511.84,3.0,22.0,352240.9
24,4249.06,1.0,High School,Seoul,Teacher,625.0,25575.59,Full-time,253862.52,4.0,7.0,519285.14
42,4352.53,21.0,Bachelor,Busan,Office,562.7,17049.49,Self-employed,200707.75,5.0,13.0,452671.1
28,4358.48,5.0,,Incheon,Engineer,850.0,15173.09,Full-time,50000.0,3.0,21.0,338953.83
54,6291.94,27.0,Bachelor,Daegu,Office,760.2,31829.51,Self-employed,212280.5,3.0,,359304.73
39,,18.0,Bachelor,,Engineer,662.0,37808.6,Full-time,160336.93,4.0,22.0,419050.28
61,3605.41,36.0,Bachelor,Seoul,Service,729.8,,Full-time,276830.17,3.0,19.0,544651.87
54,3946.55,28.0,High School,Gwangju,Engineer,535.3,38998.56,Full-time,233727.95,1.0,1.0,406361.58
37,1618.24,18.0,Master,Busan,Engineer,672.4,54024.12,,160726.68,3.0,18.0,342402.76
36,,12.0,Bachelor,Seoul,Manager,619.0,43833.16,Full-time,164079.52,5.0,25.0,431477.53
43,5770.01,17.0,Bachelor,Busan,Engineer,795.6,19306.35,Part-time,234601.54,1.0,3.0,442105.62
22,5340.32,0.0,Master,Seoul,Manager,801.0,,Full-time,,6.0,13.0,490836.92
51,5605.6,29.0,High School,Seoul,Engineer,751.2,39099.83,Full-time,191740.55,4.0,6.0,528677.77
54,3316.36,36.0,Bachelor,Seoul,Manager,755.8,28757.77,Full-time,209853.39,,24.0,528115.51
57,3501.46,34.0,Bachelor,Daegu,Service,628.0,38767.33,Full-time,255003.93,4.0,15.0,513211.17
32,1517.9,7.0,Bachelor,Incheon,Service,737.4,37128.68,Part-time,79276.53,1.0,9.0,313112.68
44,5597.9,26.0,Bachelor,Gwangju,Engineer,569.6,42968.27,Full-time,340358.32,4.0,10.0,582794.88
28,,9.0,High School,Incheon,Teacher,558.9,34945.99,Self-employed,181614.86,4.0,21.0,400925.09
23,5825.88,5.0,High School,Incheon,Service,,37057.72,Full-time,317696.58,5.0,25.0,525092.5
33,6606.14,11.0,High School,Busan,Office,722.4,15756.07,,,2.0,4.0,613273.98
56,4833.16,37.0,PhD,Daegu,Office,727.9,27974.49,Full-time,267720.92,6.0,24.0,529570.93
53,6535.32,26.0,High School,Daegu,Manager,579.4,19001.34,Self-employed,57077.39,2.0,11.0,283513.5
30,3899.29,3.0,High School,Seoul,Teacher,555.9,42345.51,Full-time,121051.29,2.0,23.0,323949.98
60,1549.48,39.0,PhD,Incheon,Manager,643.9,11703.11,Full-time,255653.75,4.0,23.0,494560.05
22,5491.09,4.0,Bachelor,Gwangju,Engineer,609.9,5000.0,Full-time,163015.87,1.0,23.0,318651.81
47,1494.17,23.0,Bachelor,Busan,Service,729.0,11009.42,Self-employed,345535.66,4.0,14.0,599226.57
48,4455.3,23.0,High School,Daegu,Teacher,599.0,25266.79,Full-time,156965.15,2.0,23.0,291535.35
28,5632.99,6.0,Master,Seoul,Manager,835.5,5000.0,Full-time,267385.4,5.0,23.0,524097.76
22,4686.39,3.0,High School,Gwangju,Manager,709.0,5284.38,Full-time,210679.89,4.0,9.0,414299.78
44,7617.36,19.0,Master,Incheon,Office,668.2,35979.1,Full-time,223083.36,4.0,25.0,544151.0
53,1251.11,35.0,PhD,Gwangju,Engineer,588.2,11283.66,Full-time,274206.09,4.0,22.0,444214.75
31,4075.71,7.0,Bachelor,Daegu,Manager,574.3,40059.53,Full-time,50000.0,1.0,1.0,250610.57
61,4226.18,43.0,,Busan,Office,654.3,12136.99,Full-time,217165.7,5.0,17.0,521409.01
28,2183.85,5.0,Bachelor,Incheon,Teacher,,,,296672.73,5.0,10.0,506151.52
34,2469.4,11.0,Bachelor,Busan,Manager,541.5,15654.9,Full-time,,,4.0,404560.29
59,2932.31,37.0,Bachelor,Gwangju,Office,789.7,12542.56,,275547.22,5.0,5.0,547880.48
44,2550.53,25.0,Bachelor,Gwangju,,,12481.49,Full-time,200507.74,2.0,12.0,388980.98
24,4038.01,5.0,Master,,Service,708.2,,Part-time,164383.34,4.0,24.0,426187.29
30,3295.55,4.0,,Incheon,Teacher,715.4,30042.83,Full-time,198942.48,6.0,16.0,465376.98
53,4676.86,31.0,PhD,Gwangju,Manager,550.5,44586.22,Part-time,,,26.0,528268.29
43,5174.15,21.0,Master,Daegu,Office,649.2,23648.29,Full-time,234492.46,3.0,15.0,445514.07
34,5072.67,10.0,Bachelor,Daegu,Manager,567.2,31438.81,Full-time,113358.55,,22.0,329643.31
57,3584.81,34.0,Master,Busan,Service,,12049.51,Full-time,244889.07,6.0,22.0,493427.54
27,4626.71,8.0,Bachelor,Daegu,Manager,685.0,17106.88,Full-time,223989.4,2.0,23.0,417179.3
24,5752.69,6.0,Master,Gwangju,Manager,673.8,,Full-time,316119.6,3.0,28.0,510942.0
45,4868.35,23.0,High School,Daegu,Office,614.4,44855.73,,213918.32,3.0,0.0,431961.36
37,6988.47,16.0,Bachelor,,Service,774.5,47049.46,Full-time,310154.28,3.0,27.0,492637.13
25,5673.27,5.0,Master,Busan,,649.8,26491.13,Part-time,225849.2,2.0,12.0,380017.46
56,6777.61,37.0,Bachelor,Incheon,Office,561.8,12108.08,Full-time,253757.66,4.0,9.0,453625.85
32,1000.0,5.0,Master,Gwangju,Service,604.5,18624.5,Full-time,157433.43,2.0,12.0,295090.79
47,4345.01,28.0,,Gwangju,Service,519.4,24066.17,Full-time,268318.5,1.0,19.0,397924.01
24,3714.1,3.0,Bachelor,Daegu,Manager,627.7,21218.11,Full-time,391805.57,1.0,25.0,469964.56
32,4012.53,13.0,Bachelor,Seoul,Engineer,607.3,29359.87,Full-time,366349.64,3.0,20.0,595350.02
36,2992.56,15.0,Master,Seoul,Engineer,735.6,37015.38,Full-time,125568.53,3.0,17.0,376825.73
59,4794.3,39.0,Bachelor,Gwangju,Teacher,725.8,15651.9,Full-time,74858.03,4.0,17.0,404397.41
64,1487.47,38.0,Master,Gwangju,Manager,697.0,,Full-time,251975.87,6.0,26.0,533595.38
51,4805.16,27.0,Master,Busan,Engineer,755.8,28893.65,Full-time,199298.26,3.0,3.0,425954.91
48,3042.43,28.0,,Gwangju,Office,585.7,44294.61,Part-time,147789.58,1.0,2.0,390262.67
22,3449.42,0.0,Master,Gwangju,Teacher,705.5,33081.09,Full-time,399730.52,3.0,15.0,549661.95
59,4857.75,33.0,Bachelor,Busan,Manager,565.0,53874.34,Full-time,482484.01,4.0,28.0,639747.97
53,4318.17,29.0,Master,Incheon,Office,641.9,14042.33,Full-time,65599.41,1.0,6.0,335309.23
59,5780.88,36.0,Master,Incheon,Engineer,707.3,21835.38,Full-time,153446.48,3.0,29.0,444800.74
46,2745.74,25.0,Master,Busan,Engineer,,21874.9,Self-employed,110160.07,4.0,6.0,397783.2
32,,10.0,High School,Busan,Engineer,810.7,30193.93,Full-time,149868.08,4.0,30.0,357135.96
64,5533.16,39.0,Bachelor,Incheon,Engineer,652.2,29508.96,Full-time,315433.08,1.0,1.0,524107.43
52,4741.8,32.0,Bachelor,Incheon,Service,744.1,32666.19,Full-time,241795.27,1.0,15.0,485123.18
25,,6.0,Bachelor,Incheon,Teacher,658.8,29679.51,Full-time,290736.02,6.0,4.0,494435.01
43,5862.06,23.0,Bachelor,Incheon,Teacher,690.5,34688.29,Self-employed,332116.95,1.0,20.0,528925.92
38,3590.64,14.0,High School,Daegu,Engineer,,22193.55,Full-time,248716.11,4.0,29.0,433665.13
35,3274.75,10.0,Bachelor,Busan,Teacher,694.2,,Full-time,139751.88,1.0,7.0,326025.17
59,5063.86,41.0,Bachelor,Seoul,Office,818.1,61780.12,Self-employed,,1.0,7.0,575355.71
47,3975.85,23.0,Bachelor,Daegu,Office,803.5,28054.07,Full-time,210997.68,4.0,10.0,551869.36
52,5883.31,26.0,Bachelor,Seoul,Teacher,641.0,10668.57,Part-time,205763.99,6.0,28.0,538591.75
60,4754.66,40.0,Master,Seoul,Engineer,661.7,20474.75,Full-time,149627.61,4.0,19.0,478809.08
32,3264.97,12.0,Bachelor,Gwangju,Manager,684.1,22485.62,Full-time,301668.09,1.0,9.0,501655.64
62,4707.58,37.0,Bachelor,,Engineer,731.4,17369.58,Full-time,262711.15,1.0,0.0,527409.63
64,,43.0,High School,Daegu,,828.4,29466.64,Part-time,291625.62,1.0,5.0,567124.28
44,5620.39,19.0,,Busan,Manager,782.9,37588.06,Full-time,140633.43,6.0,27.0,465660.67
61,2104.27,39.0,Master,Incheon,Service,658.7,12398.08,Part-time,309616.06,4.0,6.0,598146.72
55,6033.1,35.0,Master,Busan,Teacher,712.2,7668.13,Full-time,249705.29,5.0,16.0,551605.3
46,4681.31,25.0,Bachelor,Seoul,Service,,57687.87,Full-time,300940.54,2.0,23.0,535855.64
57,3953.16,36.0,Bachelor,Incheon,Teacher,631.5,16747.76,Self-employed,153301.69,3.0,15.0,437594.32
26,,1.0,Master,Busan,Service,761.1,44961.16,Full-time,233635.4,,13.0,426055.76
24,4966.99,1.0,High School,Busan,Manager,478.9,37133.69,Full-time,318119.73,6.0,24.0,513694.97
62,6195.57,38.0,Bachelor,Seoul,Service,760.5,20757.19,Self-employed,270147.22,4.0,23.0,639048.34
64,6181.59,38.0,Bachelor,Incheon,,712.9,18546.38,Full-time,210363.52,5.0,2.0,557978.58
50,4728.44,27.0,High School,Seoul,Teacher,535.5,20745.54,Full-time,266384.47,6.0,8.0,572139.38
42,2892.34,22.0,High School,Busan,Office,,22696.21,Full-time,138873.87,4.0,9.0,396262.16
61,3387.74,41.0,Bachelor,Daegu,Service,514.7,35431.05,Full-time,278171.79,1.0,2.0,440654.36
29,4092.53,9.0,High School,Daegu,Teacher,815.7,11287.59,Full-time,297520.14,6.0,11.0,491327.81
51,5822.58,24.0,High School,Gwangju,Office,600.7,43382.3,Self-employed,258420.36,3.0,3.0,501838.41
62,3515.42,43.0,Bachelor,Daegu,Teacher,752.8,20329.97,Full-time,213415.46,2.0,11.0,493434.8
49,3640.59,31.0,High School,Incheon,Teacher,755.7,10440.8,Full-time,249950.85,4.0,21.0,487801.77
58,6972.53,31.0,Bachelor,Gwangju,Office,670.3,30220.74,Full-time,216534.0,5.0,,462918.19
50,4043.55,32.0,High School,Incheon,Office,,56842.16,Full-time,205500.31,1.0,12.0,452463.24
37,3247.9,16.0,Bachelor,Daegu,Manager,721.0,17924.11,Full-time,285290.24,5.0,23.0,490722.09
55,5364.97,35.0,Master,Daegu,,697.2,29546.41,Self-employed,354463.24,3.0,6.0,532691.14
21,,0.0,Bachelor,Busan,Service,754.9,29696.91,Full-time,236079.39,5.0,18.0,402068.64
33,2115.6,7.0,Bachelor,Incheon,Teacher,,50624.09,Full-time,174651.46,5.0,26.0,391124.15
32,5761.37,,High School,Seoul,Engineer,761.8,16736.63,Part-time,139187.85,1.0,,372584.11
48,3079.44,22.0,Bachelor,Busan,Engineer,787.8,39235.0,Full-time,164340.36,5.0,17.0,441698.8
31,4265.38,9.0,High School,Incheon,Teacher,659.5,10920.25,Full-time,405663.52,1.0,,486087.26
58,4097.79,33.0,High School,Gwangju,Manager,603.5,30667.86,Full-time,358438.18,3.0,17.0,532748.47
21,4545.15,0.0,Master,Incheon,Office,641.3,36842.51,Full-time,301530.09,4.0,29.0,507261.49
51,1000.0,29.0,Master,Gwangju,Teacher,628.8,40047.09,Full-time,328529.22,1.0,27.0,529057.66
32,3697.35,12.0,Bachelor,Gwangju,Service,665.5,11581.59,Full-time,174721.7,6.0,28.0,430421.39
65,5887.26,43.0,High School,Daegu,Engineer,620.9,5000.0,Full-time,308883.89,6.0,8.0,634361.59
46,6098.17,26.0,Master,,Engineer,716.5,25630.62,Full-time,316140.38,4.0,6.0,618013.29
60,2713.06,38.0,High School,Incheon,,730.9,21161.86,Full-time,212600.99,2.0,6.0,449999.64
36,5580.9,14.0,Master,Seoul,Manager,,10966.92,,119338.76,5.0,20.0,459178.99
59,3057.86,36.0,Bachelor,Gwangju,Service,,,,97056.92,4.0,12.0,406469.78
50,3638.2,24.0,Bachelor,Daegu,Manager,715.4,22262.95,Part-time,254676.16,5.0,5.0,480905.41
53,3717.02,,Bachelor,Seoul,Office,562.0,48510.3,Full-time,178787.23,1.0,6.0,425734.13
43,,16.0,PhD,Busan,Teacher,700.0,13219.09,Full-time,248122.78,5.0,12.0,477321.61
64,5702.05,41.0,Master,Gwangju,Teacher,685.7,38697.96,Part-time,196656.26,3.0,24.0,423496.77
54,4596.88,36.0,Bachelor,Busan,Engineer,653.7,10344.83,Full-time,125704.1,6.0,25.0,498713.7
25,4010.8,2.0,,Seoul,Engineer,731.6,18956.35,Part-time,370427.93,4.0,19.0,628162.5
38,5650.97,19.0,,Seoul,Office,709.1,9613.45,Full-time,130283.19,5.0,5.0,450705.87
49,2996.01,24.0,Master,Seoul,Manager,711.0,54072.62,,163580.45,4.0,16.0,439080.56
26,4084.17,6.0,Master,Incheon,Service,745.7,,Part-time,219387.49,4.0,22.0,487022.57
29,,2.0,High School,Gwangju,,,36416.49,Self-employed,232144.51,3.0,19.0,444777.62
60,4993.96,37.0,Bachelor,Gwangju,Teacher,645.9,35804.02,Full-time,86560.17,1.0,17.0,301478.09
51,3500.54,,PhD,Gwangju,Teacher,766.2,18312.18,,289779.54,5.0,19.0,548284.94
53,1930.56,32.0,,Incheon,Manager,731.4,28427.07,Full-time,276526.18,2.0,7.0,570489.73
47,4666.29,,High School,Seoul,Office,642.4,15456.19,Self-employed,406251.53,4.0,17.0,705857.75
34,1831.99,15.0,Bachelor,Seoul,Service,519.7,60329.84,Full-time,244686.73,1.0,14.0,383695.35
49,3881.25,22.0,PhD,Busan,Office,711.4,14503.63,Full-time,211747.16,2.0,0.0,379279.22
56,5968.42,29.0,Bachelor,Incheon,Office,718.9,17672.89,Full-time,141500.44,4.0,0.0,460317.75
48,5095.14,23.0,Bachelor,Daegu,Manager,583.0,47243.64,Full-time,111813.09,2.0,6.0,350851.52
41,,14.0,High School,Incheon,Service,612.1,26742.86,Full-time,204312.24,5.0,15.0,468487.53
23,4500.68,0.0,Master,Busan,Teacher,647.4,35247.42,Full-time,108137.87,5.0,22.0,370373.63
39,3721.25,12.0,Bachelor,Busan,Engineer,,27021.63,Full-time,289884.63,6.0,19.0,546288.85
51,2289.42,28.0,High School,Busan,Service,850.0,19727.73,Full-time,183624.01,4.0,13.0,449909.52
55,4702.53,31.0,Bachelor,Seoul,Teacher,769.4,19738.44,Full-time,324461.97,4.0,27.0,587227.59
23,3462.39,5.0,Master,Daegu,Manager,559.3,38351.24,Full-time,244782.33,6.0,20.0,475160.39
46,3471.7,24.0,Master,Busan,Service,645.1,30728.45,Full-time,248088.34,5.0,28.0,478951.38
36,4386.07,12.0,,Gwangju,Service,672.4,42436.13,Full-time,136821.44,1.0,11.0,256281.35
31,3261.17,13.0,Bachelor,Seoul,Teacher,720.2,42284.8,Full-time,,2.0,4.0,488628.24
41,4343.6,,Master,Daegu,Teacher,615.0,34923.85,Full-time,257025.42,4.0,6.0,478683.51
36,3310.01,10.0,Master,Gwangju,Office,726.8,40572.22,Full-time,55793.91,4.0,11.0,371936.16
29,3392.31,9.0,Master,Daegu,,639.0,34445.2,Full-time,328718.76,3.0,18.0,475148.05
20,5689.39,0.0,PhD,Daegu,Service,726.6,32565.48,Full-time,294354.9,2.0,4.0,385985.33
41,5842.01,17.0,Bachelor,Gwangju,Engineer,686.1,24112.73,Full-time,152597.36,6.0,6.0,479063.27
45,1637.02,19.0,Bachelor,Incheon,Manager,843.6,7694.24,Full-time,299640.89,5.0,27.0,554226.23
37,5320.61,15.0,Master,Daegu,Teacher,758.3,20385.19,Self-employed,184389.45,6.0,26.0,451297.54
33,6297.89,12.0,Master,Incheon,Office,785.1,45366.44,Self-employed,165028.76,4.0,6.0,397157.72
48,6536.07,29.0,Bachelor,Daegu,Manager,595.4,31460.05,Full-time,249859.32,4.0,12.0,505156.71
31,4980.57,11.0,,Gwangju,Service,637.4,23176.47,Self-employed,303909.94,5.0,24.0,513996.55
55,,33.0,Master,,Teacher,706.2,42420.43,Full-time,349794.59,2.0,19.0,531538.64
54,5144.97,35.0,Bachelor,Busan,Teacher,581.3,22626.64,Full-time,369338.98,1.0,16.0,580308.16
31,2896.12,10.0,High School,Busan,Office,,36493.2,Full-time,84811.93,5.0,29.0,398783.02
26,3685.55,8.0,Master,Daegu,Engineer,,43956.78,Full-time,,1.0,,261478.06
48,4774.62,27.0,,Gwangju,Teacher,,35287.87,Self-employed,183484.24,4.0,13.0,468894.42
30,2992.86,,Bachelor,Gwangju,Engineer,718.6,40741.18,Full-time,143281.38,1.0,10.0,316999.04
52,2480.4,32.0,Master,Seoul,Manager,683.6,33671.4,Full-time,429931.82,1.0,19.0,673800.45
25,4898.66,0.0,Bachelor,Gwangju,Teacher,670.2,5142.85,Full-time,243825.54,5.0,,411050.08
34,7000.84,9.0,High School,Incheon,Teacher,618.5,43729.73,Self-employed,202122.17,6.0,22.0,440615.09
51,6064.85,28.0,Bachelor,Daegu,Engineer,613.7,37628.57,Full-time,,4.0,24.0,386415.58
30,5260.78,7.0,High School,Busan,Office,751.1,24347.99,Full-time,236896.21,2.0,3.0,443613.38
42,5668.78,24.0,High School,Gwangju,,733.4,20949.66,,50000.0,,,321688.5
45,5156.58,23.0,High School,Busan,Manager,778.7,29483.2,Self-employed,296663.29,1.0,16.0,451608.41
53,4874.85,33.0,High School,Seoul,Teacher,636.3,13608.65,Full-time,339068.4,4.0,16.0,602865.59
65,5547.93,38.0,Bachelor,Daegu,Office,769.8,39314.68,Full-time,74278.29,3.0,2.0,448933.64
53,2147.46,35.0,Bachelor,Gwangju,Teacher,665.9,26187.66,Full-time,269522.71,2.0,13.0,485745.9
48,4499.23,23.0,Master,Busan,Manager,726.4,17209.81,Part-time,258037.94,3.0,20.0,539415.17
23,4078.58,0.0,Bachelor,Gwangju,Service,783.3,35973.87,Full-time,265206.25,,5.0,368680.94
36,4318.35,12.0,Master,Seoul,Teacher,845.7,33697.01,Full-time,264272.07,6.0,24.0,575898.66
54,,27.0,Bachelor,Busan,Engineer,765.8,37802.22,,129708.16,3.0,30.0,418061.25
32,4980.73,5.0,Master,Busan,Office,696.2,12586.19,Full-time,208280.4,2.0,24.0,415881.02
60,2973.11,,Bachelor,Daegu,Service,724.9,36841.45,Full-time,294005.04,6.0,9.0,554096.77
58,3399.22,,Bachelor,Daegu,Teacher,779.9,49438.48,Full-time,76436.44,1.0,26.0,361845.98
34,3219.18,11.0,High School,Busan,Service,736.8,27485.72,Full-time,229565.8,3.0,16.0,452099.26
48,5495.92,22.0,Bachelor,Daegu,Engineer,648.1,26723.72,Full-time,268522.4,2.0,29.0,454122.93
48,4182.41,28.0,Bachelor,Busan,Teacher,729.2,11316.35,Self-employed,189432.45,4.0,1.0,449094.5
30,3508.75,4.0,,Incheon,Service,784.3,28984.92,Full-time,260266.13,5.0,30.0,443671.67
51,3639.86,30.0,Master,Gwangju,Teacher,825.0,15721.09,Full-time,223394.0,6.0,26.0,456659.92
21,4205.82,0.0,Bachelor,Incheon,Teacher,685.0,42010.89,Full-time,201540.75,3.0,11.0,374821.06
33,6633.26,9.0,High School,Incheon,Service,590.7,57116.98,Part-time,183642.58,6.0,23.0,454175.44
39,2345.22,16.0,Bachelor,Gwangju,Teacher,537.6,57421.02,Full-time,,3.0,20.0,453063.34
41,5213.26,14.0,Master,Busan,Engineer,743.7,17727.37,Full-time,209999.67,3.0,15.0,449659.59
30,4907.79,5.0,Bachelor,Busan,Service,557.3,19147.74,Self-employed,147253.48,3.0,15.0,375661.6
46,,21.0,Bachelor,Daegu,Service,705.6,35261.93,Full-time,112447.29,5.0,2.0,335814.59
22,6400.31,0.0,Bachelor,Seoul,Engineer,766.2,25240.45,Full-time,91489.22,3.0,24.0,375785.24
36,5008.92,16.0,Bachelor,Busan,Engineer,666.9,28168.23,Full-time,96679.0,6.0,17.0,399852.72
63,3438.4,36.0,Master,Gwangju,Engineer,560.3,57452.11,Self-employed,,1.0,6.0,322222.52
47,1410.88,24.0,Master,Seoul,Teacher,579.2,14994.61,Full-time,208995.17,1.0,9.0,445901.8
48,4543.72,24.0,High School,Gwangju,Teacher,,31199.99,Full-time,193689.59,4.0,7.0,397811.35
40,4132.88,14.0,Bachelor,Gwangju,Manager,670.1,,Full-time,149016.42,5.0,27.0,488593.51
35,2653.93,8.0,Bachelor,Gwangju,,776.3,40600.73,Full-time,173687.11,6.0,17.0,468162.78
56,2634.58,29.0,High School,Seoul,Engineer,680.9,17648.46,Self-employed,277010.96,4.0,16.0,543458.07
39,5502.76,18.0,Master,Incheon,Manager,850.0,,Part-time,307346.15,1.0,2.0,507565.74
25,1266.46,3.0,Bachelor,Gwangju,Engineer,763.3,31149.21,Part-time,364390.05,3.0,7.0,448119.79
38,4671.42,13.0,Bachelor,Daegu,Office,703.6,18054.73,Self-employed,223382.9,3.0,19.0,479419.6
24,3918.84,6.0,Master,Busan,Service,674.3,25832.34,Part-time,332164.47,2.0,28.0,449108.55
22,4945.73,0.0,Bachelor,Busan,Office,640.2,40030.35,Full-time,232530.99,5.0,,447419.08
20,3758.54,0.0,PhD,Busan,Engineer,691.9,52991.41,Full-time,342220.66,,4.0,452017.1
57,4639.91,35.0,Master,Seoul,Teacher,723.4,23783.42,Full-time,270002.75,5.0,,605646.45
34,3085.84,12.0,Master,Daegu,Service,705.7,53392.78,Full-time,223740.11,5.0,19.0,443586.65
53,4126.19,34.0,High School,Daegu,Teacher,640.1,42908.16,Full-time,50829.11,3.0,11.0,302447.64
54,4933.63,29.0,Master,Daegu,Teacher,597.4,21872.22,Full-time,,,24.0,445926.83
44,4426.31,25.0,Master,Daegu,Service,829.0,35229.24,Full-time,151087.31,4.0,5.0,474564.54
43,4770.46,22.0,,Daegu,Service,730.7,38464.86,Self-employed,188870.95,1.0,27.0,381303.69
31,2808.12,9.0,Bachelor,Incheon,Office,708.4,25123.7,Part-time,326613.45,1.0,22.0,395135.12
37,3313.99,19.0,Bachelor,Daegu,Engineer,720.5,20267.45,Full-time,256105.7,3.0,23.0,464057.43
34,3339.99,11.0,PhD,Daegu,Teacher,,26396.91,Full-time,305364.93,1.0,9.0,388414.84
63,3785.27,44.0,,Seoul,Engineer,642.6,23351.81,,268624.87,5.0,9.0,546372.09
35,6237.87,13.0,Master,Seoul,,669.6,31312.38,Full-time,138100.89,1.0,0.0,320153.36
46,3668.73,23.0,,Daegu,Manager,619.8,54191.57,Self-employed,384026.48,6.0,8.0,624058.01
27,2484.66,2.0,Bachelor,Incheon,Office,,33504.27,Full-time,205361.02,4.0,17.0,363544.03
65,5012.47,39.0,Bachelor,Daegu,Teacher,625.9,49705.78,Full-time,308342.7,1.0,2.0,529784.62
44,6219.97,21.0,Bachelor,Daegu,Service,599.5,34821.17,Self-employed,358570.71,1.0,0.0,524548.86
36,2308.18,14.0,High School,Daegu,,550.4,62720.24,Part-time,104374.13,4.0,9.0,288470.12
48,7159.22,27.0,Bachelor,Gwangju,Engineer,812.6,18237.17,Full-time,212170.14,4.0,26.0,505610.05
27,4822.76,8.0,Master,Incheon,Office,653.2,5000.0,Self-employed,279327.2,3.0,2.0,514832.06
34,5750.84,15.0,,Busan,Office,718.9,31278.28,Part-time,196197.47,4.0,29.0,426792.99
46,6400.61,22.0,Bachelor,Daegu,Teacher,687.7,32791.91,Self-employed,452660.79,6.0,17.0,713547.44
65,5658.93,43.0,,Busan,Teacher,719.8,46914.52,Full-time,242712.56,3.0,6.0,531211.48
26,4034.2,2.0,Bachelor,Incheon,Engineer,519.7,50853.52,Full-time,272652.59,5.0,6.0,447302.97
22,6026.55,4.0,Bachelor,Daegu,Engineer,642.4,9290.66,Part-time,375999.29,2.0,21.0,522927.77
48,4581.9,30.0,Master,Busan,Engineer,772.8,25933.3,Full-time,102659.59,1.0,9.0,331214.56
63,5835.73,41.0,Bachelor,Busan,Manager,835.4,,,182549.28,4.0,,557052.87
43,5999.81,24.0,Master,Incheon,Office,650.8,14156.46,Self-employed,138504.7,1.0,26.0,332449.46
22,2563.66,0.0,Master,Daegu,Engineer,660.1,26321.47,Full-time,256748.41,5.0,12.0,480414.99
39,5391.45,19.0,Master,Gwangju,Office,765.3,41090.31,Full-time,359104.16,2.0,3.0,538554.08
65,3927.16,47.0,Bachelor,Incheon,Service,715.3,41948.55,Full-time,131079.86,4.0,11.0,494107.94
34,4407.29,15.0,High School,Gwangju,Service,682.4,32494.02,Full-time,100068.0,3.0,2.0,317199.21
44,4390.64,17.0,Bachelor,Daegu,Office,674.8,48352.27,Full-time,235250.42,3.0,22.0,444483.97
49,4330.46,22.0,Master,Busan,Service,634.4,32181.9,Full-time,335556.96,4.0,15.0,461301.7
33,6485.29,9.0,Master,Incheon,Service,631.6,43349.89,Self-employed,152958.36,4.0,10.0,412380.87
26,2150.33,3.0,Bachelor,Incheon,Service,690.6,17939.41,Self-employed,133802.48,5.0,2.0,334604.97
36,1616.48,11.0,Master,Incheon,Teacher,705.3,18732.84,Full-time,354537.62,2.0,24.0,535007.48
63,1300.06,39.0,,Seoul,Teacher,709.5,52925.75,Part-time,203560.66,4.0,25.0,493391.67
39,5803.72,12.0,Bachelor,Daegu,,,22145.93,Full-time,273980.98,3.0,,430875.88
55,3039.84,30.0,,Seoul,Office,786.6,40163.71,Full-time,337397.85,2.0,6.0,533898.94
28,4398.28,,Master,Incheon,Manager,550.3,21676.22,Self-employed,263974.49,4.0,13.0,472049.55
57,4027.92,34.0,Bachelor,Incheon,Teacher,722.4,32682.25,Full-time,222940.67,2.0,1.0,445182.92
41,2870.44,17.0,Bachelor,Gwangju,Office,636.8,26370.56,Self-employed,137652.38,5.0,9.0,384561.03
21,5477.22,0.0,Bachelor,Seoul,Teacher,610.7,36593.61,Full-time,174814.74,6.0,2.0,438343.76
43,4008.81,25.0,High School,Busan,Manager,654.0,36530.03,Full-time,249744.33,4.0,23.0,456973.11
27,3843.4,9.0,Master,Daegu,Office,552.7,20061.56,Part-time,325703.0,4.0,27.0,468014.19
30,4549.31,6.0,Bachelor,Busan,,708.3,36998.72,Full-time,179271.28,2.0,10.0,350732.46
32,5281.16,12.0,High School,Busan,Office,809.2,14290.07,Self-employed,169806.34,4.0,18.0,463221.18
36,2761.54,16.0,High School,Daegu,Office,628.5,48709.27,Full-time,261171.26,2.0,7.0,456088.84
27,5509.38,5.0,PhD,Incheon,Engineer,850.0,32310.87,Self-employed,155103.18,6.0,19.0,408700.94
40,6374.78,17.0,Master,Gwangju,Teacher,611.1,5000.0,Full-time,257422.89,2.0,4.0,443449.67
37,2060.82,18.0,Master,Incheon,Teacher,646.1,12298.07,Full-time,147228.47,4.0,29.0,390057.58
49,4617.45,29.0,High School,Incheon,,788.8,36212.69,Part-time,242100.89,3.0,8.0,476346.02
37,3742.62,14.0,Master,Seoul,Manager,584.2,39527.57,Full-time,,5.0,12.0,469330.63
65,5248.85,45.0,Bachelor,Busan,Engineer,661.9,23311.35,Part-time,229687.07,2.0,10.0,509350.9
50,2375.01,28.0,Master,Busan,Teacher,817.5,29884.33,Part-time,288512.84,3.0,25.0,428797.21
57,6643.41,31.0,PhD,Busan,Teacher,585.7,36707.67,Full-time,211919.7,2.0,1.0,481804.68
51,1788.16,31.0,High School,Gwangju,Office,727.2,43733.58,Self-employed,254363.41,3.0,11.0,499064.31
30,3833.58,7.0,Bachelor,,Office,720.8,38894.24,Full-time,161180.04,4.0,2.0,378033.52
64,4851.44,42.0,High School,Gwangju,Office,526.2,21275.33,Full-time,173448.02,5.0,14.0,434160.44
44,3170.49,,Bachelor,Daegu,Teacher,630.8,44371.42,Full-time,126804.93,3.0,27.0,366176.64
52,,29.0,Bachelor,Gwangju,Office,850.0,5000.0,Part-time,214690.6,1.0,27.0,401571.21
57,4533.35,34.0,Master,Seoul,,697.9,24642.25,Full-time,244874.47,2.0,0.0,555318.85
60,4316.64,42.0,Bachelor,Seoul,,710.7,35440.52,Part-time,252825.58,3.0,23.0,584313.21
27,4208.91,1.0,Bachelor,Incheon,Manager,,13527.3,Full-time,364234.89,5.0,27.0,560989.57
30,5488.03,8.0,,Incheon,Service,843.4,28659.61,Full-time,260456.61,5.0,10.0,493409.08
41,3608.29,23.0,PhD,Incheon,Engineer,602.1,34639.69,Full-time,183239.99,5.0,24.0,475691.1
43,4679.39,18.0,Bachelor,Incheon,Office,625.7,18690.66,Full-time,417765.38,6.0,9.0,677134.1
60,3440.1,,Bachelor,Seoul,Office,671.1,30285.38,Full-time,153170.65,3.0,24.0,444117.23
36,2926.01,12.0,High School,Incheon,Engineer,724.5,13325.54,Part-time,237010.61,3.0,2.0,464121.76
31,3772.86,9.0,High School,Seoul,Engineer,692.3,40067.55,Full-time,314448.47,4.0,13.0,522775.47
65,3451.85,,Bachelor,Gwangju,Service,694.6,34400.06,Full-time,267415.37,,20.0,426597.5
51,3526.79,25.0,High School,Gwangju,Engineer,635.8,36864.89,Full-time,50000.0,6.0,15.0,301229.15
34,5947.99,8.0,Bachelor,Daegu,Teacher,728.6,27167.53,Self-employed,277592.69,3.0,8.0,462424.61
35,3818.84,10.0,High School,Incheon,Office,528.6,8008.52,Part-time,173326.15,6.0,,485835.83
41,,19.0,Bachelor,Gwangju,Engineer,636.2,26407.26,Full-time,155283.35,4.0,20.0,353783.2
47,4242.12,27.0,Bachelor,Gwangju,,614.3,48713.78,Self-employed,77235.86,2.0,0.0,285087.07
39,4356.34,14.0,High School,Busan,Engineer,591.9,40196.47,Full-time,233157.95,1.0,0.0,406990.97
52,2419.68,34.0,Bachelor,Busan,Teacher,537.5,48943.64,Full-time,181526.93,6.0,3.0,476840.63
29,3752.39,9.0,Bachelor,Seoul,Manager,,28663.85,Full-time,,5.0,,519169.38
59,3691.97,35.0,,Daegu,Teacher,714.4,19697.13,,145382.54,1.0,22.0,386346.46
51,3941.78,30.0,Bachelor,Busan,Service,714.9,35039.44,Full-time,,2.0,22.0,679725.5
52,5288.29,,Master,Daegu,Teacher,755.3,25694.72,Self-employed,185353.21,3.0,28.0,436481.67
21,4405.01,0.0,High School,Gwangju,Engineer,769.2,21304.53,Full-time,318667.91,3.0,21.0,432896.5
52,6041.91,29.0,High School,Seoul,Manager,516.9,7182.87,Full-time,317002.19,6.0,28.0,597145.9
52,4182.51,28.0,High School,Daegu,Manager,730.5,32011.13,Full-time,302815.77,4.0,0.0,573454.45
60,6864.13,33.0,Bachelor,Busan,Teacher,694.6,39244.29,,147104.21,3.0,26.0,451098.61
32,3508.84,8.0,Master,Gwangju,Engineer,693.7,14022.23,Self-employed,383192.21,3.0,18.0,534550.12
49,3045.66,25.0,High School,Incheon,Manager,670.1,45870.53,Full-time,,1.0,20.0,410993.3
52,5020.95,28.0,Bachelor,Gwangju,Teacher,636.0,30995.91,Full-time,,2.0,11.0,426240.86
32,6246.12,8.0,Bachelor,Busan,Teacher,722.2,29324.06,Full-time,213258.98,5.0,19.0,427839.96
45,2131.8,25.0,PhD,Busan,Teacher,,13367.29,Full-time,220569.43,5.0,26.0,409043.39
41,3904.51,21.0,Master,Incheon,Manager,768.2,34330.03,Full-time,224169.06,4.0,3.0,478617.64
58,3283.83,34.0,Master,Gwangju,Office,640.2,14167.34,Full-time,89328.44,2.0,8.0,322403.83
21,4414.28,2.0,Bachelor,Daegu,Engineer,516.7,16540.8,Part-time,241908.37,1.0,6.0,354374.36
57,4215.03,38.0,PhD,Daegu,Service,689.0,7931.1,Full-time,287950.72,5.0,24.0,589571.63
58,6218.07,38.0,,Gwangju,Service,585.8,60404.84,Self-employed,171380.88,4.0,28.0,428597.65
45,4037.39,24.0,Bachelor,Daegu,Engineer,584.1,27421.68,Full-time,211166.63,3.0,13.0,459177.75
65,6262.18,42.0,Bachelor,Gwangju,Office,734.7,20683.83,Full-time,75323.59,3.0,22.0,405377.16
34,3727.35,9.0,Bachelor,Gwangju,Engineer,754.8,27497.84,Full-time,314300.57,6.0,25.0,587503.97
53,5589.72,26.0,Bachelor,Busan,Teacher,671.3,21975.63,Self-employed,352529.08,1.0,2.0,488223.9
61,4542.99,34.0,Bachelor,Seoul,Engineer,519.0,25849.95,Full-time,238591.18,5.0,14.0,579786.65
63,6794.83,39.0,Bachelor,Busan,Engineer,722.5,32462.16,Full-time,249995.18,6.0,10.0,558357.95
59,1984.48,38.0,Master,Daegu,Manager,654.4,23124.54,Full-time,245010.41,6.0,9.0,495973.68
30,2454.21,11.0,Bachelor,Seoul,Service,790.3,29488.05,Full-time,283637.44,6.0,19.0,559964.15
22,6947.43,3.0,Master,Gwangju,Service,837.4,55995.45,Full-time,,3.0,14.0,412131.53
25,,4.0,Bachelor,Daegu,Teacher,559.7,5999.1,Full-time,306988.55,4.0,24.0,468724.23
28,3195.29,5.0,Master,Incheon,,850.0,14339.49,Part-time,278406.59,4.0,16.0,529219.09
25,2886.41,5.0,Bachelor,Daegu,Manager,,33922.44,Part-time,285430.51,5.0,18.0,473431.57
28,5922.67,5.0,Bachelor,Seoul,Teacher,636.9,44421.21,Full-time,252636.13,6.0,30.0,522550.88
58,2319.81,36.0,,Seoul,Office,762.1,,Full-time,280948.45,1.0,10.0,562245.37
50,4233.68,28.0,Bachelor,Gwangju,,,,Part-time,155012.42,4.0,19.0,425693.23
51,3801.57,32.0,Master,Incheon,Manager,614.9,13371.48,Full-time,57386.36,2.0,30.0,327158.3
60,5754.77,35.0,High School,Gwangju,Engineer,543.5,46064.04,Self-employed,213180.56,4.0,15.0,463410.55
31,3354.48,9.0,Bachelor,Incheon,Engineer,573.1,29495.22,Part-time,378075.55,1.0,3.0,465958.57
27,,8.0,High School,Incheon,Office,614.9,29031.46,Full-time,276350.43,6.0,6.0,487017.21
27,2443.18,3.0,Master,Gwangju,Manager,742.0,5000.0,Full-time,282612.95,4.0,10.0,440887.26
47,,21.0,Bachelor,Daegu,Manager,814.3,42022.4,Full-time,134364.82,6.0,19.0,413895.02
39,3840.61,13.0,Bachelor,Busan,Engineer,619.3,16945.35,Full-time,258108.65,3.0,25.0,409448.19
26,4213.15,8.0,High School,Incheon,Service,647.9,34802.82,Full-time,127015.85,1.0,,287585.7
30,6682.13,6.0,Bachelor,Seoul,Service,600.5,28807.18,Full-time,218624.23,3.0,16.0,484254.2
39,3319.99,13.0,Master,Gwangju,Engineer,557.7,30394.0,Full-time,197714.88,3.0,18.0,351115.35
35,6701.07,12.0,High School,Daegu,,558.0,28622.53,Part-time,259534.1,5.0,25.0,500380.79
23,3582.79,5.0,Master,Incheon,Manager,578.0,18951.3,Full-time,222787.47,6.0,,440948.58
25,5207.55,6.0,,Daegu,Office,676.0,17907.72,Full-time,295983.33,6.0,14.0,516973.03
41,3340.98,20.0,Bachelor,Gwangju,Service,629.7,39372.78,Full-time,307510.36,6.0,5.0,511418.85
45,2165.95,24.0,Bachelor,Seoul,Teacher,649.8,27810.33,,324430.27,6.0,12.0,609796.1
22,4821.89,3.0,Bachelor,Incheon,Manager,711.7,20141.76,Full-time,476832.0,1.0,2.0,661458.4
60,5159.86,35.0,Bachelor,Incheon,Teacher,672.6,,Full-time,155670.84,3.0,7.0,419840.98
61,2226.17,42.0,,Daegu,Manager,586.8,36255.93,Full-time,185431.35,5.0,6.0,452745.74
33,3739.41,13.0,Bachelor,Gwangju,Manager,756.6,19862.87,Full-time,187612.82,5.0,4.0,392232.17
30,6001.14,9.0,Bachelor,Busan,Engineer,518.3,47150.6,Full-time,55280.62,3.0,17.0,325943.24
37,5100.18,11.0,High School,Incheon,Engineer,618.1,26132.74,Full-time,244038.61,3.0,26.0,494967.12
31,3607.18,4.0,Master,Seoul,Office,817.8,23805.47,Full-time,211788.02,2.0,20.0,397187.5
42,3303.71,24.0,Master,,Office,707.2,35414.4,Full-time,318086.11,1.0,15.0,495251.28
31,7122.37,,,Incheon,Teacher,536.1,24590.26,Full-time,297674.04,5.0,8.0,531129.66
32,2029.6,10.0,Bachelor,Busan,Engineer,,32580.6,Full-time,257975.69,1.0,10.0,392381.05
44,,20.0,High School,Busan,Manager,652.8,27332.3,Part-time,243047.58,6.0,20.0,480798.68
64,2002.95,39.0,PhD,Gwangju,Engineer,641.1,7168.7,Part-time,172440.56,5.0,27.0,423242.72
38,6172.22,16.0,Master,Incheon,Manager,736.7,15192.61,Self-employed,236752.15,4.0,18.0,450920.54
65,4189.31,40.0,Bachelor,Incheon,Engineer,770.5,31513.92,Full-time,252482.04,4.0,13.0,588618.94
55,4467.26,28.0,Bachelor,Daegu,Manager,638.8,22587.73,Self-employed,217746.29,5.0,6.0,497117.99
64,8353.34,39.0,Bachelor,Daegu,Teacher,671.6,52705.13,Full-time,218348.04,2.0,11.0,526309.44
27,3309.79,1.0,Bachelor,Seoul,Engineer,,,Self-employed,232051.99,4.0,18.0,411193.35
48,6822.86,29.0,Master,Seoul,Service,667.4,12289.47,Self-employed,237921.51,6.0,7.0,584925.86
51,3613.9,31.0,Bachelor,Daegu,Service,598.0,28475.8,Full-time,296572.74,6.0,20.0,553222.6
63,3849.73,45.0,Master,Seoul,Manager,682.0,31011.39,Full-time,50000.0,,4.0,378580.13
37,8157.26,16.0,Bachelor,Incheon,Teacher,629.9,38602.46,Full-time,243813.69,3.0,5.0,499768.78
25,3958.36,3.0,High School,Busan,Manager,730.1,5000.0,Full-time,242294.37,1.0,10.0,505620.4
37,2138.44,19.0,Bachelor,Incheon,Teacher,764.0,46089.83,Full-time,292174.78,6.0,25.0,671835.78
38,4622.88,13.0,,Daegu,Office,783.5,12294.16,Full-time,211354.62,1.0,28.0,394824.12
41,3940.89,22.0,Master,Gwangju,Engineer,682.9,41070.67,Full-time,50000.0,6.0,21.0,417071.33
56,4750.64,,Bachelor,Gwangju,Teacher,728.6,51490.06,Full-time,65554.24,1.0,2.0,296791.25
51,3999.6,32.0,Bachelor,Daegu,Manager,640.0,36960.64,Part-time,50000.0,6.0,10.0,369223.54
60,7523.32,38.0,Master,,Office,612.7,14238.91,Full-time,306238.97,5.0,22.0,576516.27
22,5035.1,0.0,Bachelor,Seoul,Manager,570.6,25684.0,Full-time,97806.04,5.0,24.0,375826.55
47,2587.55,21.0,Bachelor,Seoul,Service,,37067.1,Full-time,332183.08,1.0,11.0,539720.26
29,4386.82,10.0,PhD,Gwangju,Service,,28398.7,Self-employed,188453.93,3.0,0.0,446665.47
54,,35.0,Bachelor,,Engineer,749.8,15409.62,Full-time,,2.0,3.0,396753.58
48,3828.43,28.0,Bachelor,Daegu,Engineer,651.3,29198.07,Full-time,368187.28,6.0,19.0,649453.46
34,2834.34,10.0,Master,Busan,,656.6,,Full-time,243957.26,2.0,30.0,399460.68
52,,32.0,High School,Gwangju,Service,733.9,35223.48,Full-time,103975.68,4.0,0.0,390720.8
26,3162.92,8.0,Bachelor,Daegu,Teacher,533.3,15259.26,Part-time,230297.64,4.0,5.0,393890.73
31,,8.0,Bachelor,Busan,Service,662.2,5000.0,Full-time,301585.6,3.0,1.0,552738.61
49,3714.78,29.0,High School,,Engineer,806.3,15801.03,Full-time,174693.13,1.0,26.0,369510.42
40,2462.38,22.0,PhD,Gwangju,Manager,657.3,,Full-time,374960.91,6.0,12.0,609635.22
50,4496.47,29.0,Bachelor,Gwangju,Office,574.1,20460.25,Full-time,,5.0,15.0,434984.78
43,4801.04,25.0,Bachelor,Daegu,Service,652.3,36053.21,Full-time,50000.0,4.0,10.0,292927.89
39,5037.94,21.0,High School,Daegu,Teacher,784.7,,Full-time,368157.24,1.0,13.0,538334.92
56,1000.0,37.0,Bachelor,Incheon,Teacher,618.8,27708.66,Part-time,147773.03,2.0,5.0,372166.89
23,2347.73,0.0,Bachelor,Seoul,Teacher,556.8,15939.97,Self-employed,137184.17,3.0,15.0,414142.85
47,5636.33,22.0,Bachelor,Seoul,Office,642.6,28238.09,Full-time,177351.55,5.0,16.0,441602.08
63,2814.59,44.0,Master,Busan,Teacher,567.6,16527.72,Full-time,137271.82,5.0,9.0,472213.87
39,4504.42,20.0,Bachelor,,Teacher,499.5,13734.61,Self-employed,296437.53,4.0,28.0,485660.79
43,2312.96,16.0,Master,Incheon,Service,740.3,25290.1,Self-employed,180486.73,1.0,20.0,374078.58
51,5297.4,24.0,Bachelor,Seoul,Office,763.8,19883.02,Part-time,118886.45,5.0,21.0,450000.91
60,5596.9,35.0,Bachelor,Busan,Manager,713.5,5000.0,Self-employed,196727.38,2.0,25.0,493006.25
55,5297.86,32.0,Bachelor,Seoul,Manager,751.5,27047.93,Self-employed,142935.25,2.0,30.0,447090.74
53,5748.84,32.0,High School,Seoul,Teacher,,16308.56,Full-time,216631.86,3.0,12.0,454110.36
55,6545.85,35.0,Bachelor,Busan,Engineer,788.1,15486.2,Full-time,138877.57,,30.0,455815.15
21,,3.0,High School,Daegu,Office,629.7,44750.91,Full-time,203448.68,2.0,12.0,352810.95
34,3016.99,14.0,Bachelor,Daegu,Engineer,680.0,38245.79,Self-employed,205514.14,2.0,1.0,414447.32
53,,,Master,Busan,Office,612.5,,Full-time,378524.2,1.0,0.0,554721.22
55,5895.33,,High School,Incheon,,567.8,28723.02,Full-time,320130.03,5.0,22.0,537531.99
25,3188.49,2.0,Master,Gwangju,Service,629.1,35270.51,Self-employed,234681.22,1.0,0.0,396462.45
58,3084.17,36.0,Bachelor,Seoul,Teacher,850.0,23290.56,Self-employed,194036.18,3.0,29.0,546556.15
61,3221.68,43.0,Master,Gwangju,Service,802.7,28949.6,Full-time,192936.62,3.0,,489496.03
31,1792.36,4.0,,Busan,Engineer,742.0,23155.72,Full-time,230910.37,3.0,12.0,424607.49
22,2292.88,4.0,Master,Seoul,Engineer,,29347.08,Full-time,148645.55,5.0,16.0,422799.87
64,,43.0,High School,Gwangju,Manager,643.9,31425.77,,188063.57,4.0,8.0,502475.22
37,,17.0,Bachelor,Daegu,Service,817.1,30677.89,Self-employed,198741.38,3.0,12.0,465430.46
59,4606.25,34.0,Master,Incheon,Service,681.8,23590.47,Part-time,218230.06,3.0,15.0,506469.26
40,4850.21,16.0,Bachelor,Gwangju,Service,743.3,36288.95,Self-employed,233475.66,1.0,4.0,429478.3
34,3437.16,10.0,High School,Incheon,Manager,,25571.22,Full-time,281807.92,1.0,21.0,442308.05
52,3474.02,27.0,Master,Daegu,Service,656.2,25262.12,,298432.59,4.0,29.0,596006.13
54,4385.49,27.0,Bachelor,Gwangju,Service,742.5,6144.02,Full-time,266154.06,6.0,6.0,472160.74
45,1955.98,21.0,Bachelor,Busan,Service,621.2,17783.86,Part-time,368266.06,4.0,0.0,536093.82
27,5639.16,0.0,High School,Seoul,,707.9,38390.88,Full-time,275902.4,4.0,7.0,474727.85
55,6128.08,36.0,,Daegu,Engineer,624.0,37403.83,Full-time,215304.6,4.0,5.0,552324.92
49,3261.63,28.0,High School,Incheon,Teacher,720.8,27735.88,Self-employed,,1.0,11.0,425048.32
42,3602.35,19.0,Master,Incheon,Engineer,621.6,21301.11,Part-time,297398.26,3.0,1.0,432010.51
61,6064.97,41.0,Master,Daegu,Service,820.2,29817.71,Self-employed,199137.76,1.0,0.0,418498.23
63,4015.42,43.0,Master,Busan,Office,674.9,5000.0,Full-time,254579.89,2.0,14.0,522718.88
33,5082.37,10.0,Bachelor,Busan,Office,742.0,29676.48,Full-time,262980.27,2.0,16.0,451442.35
33,4061.54,15.0,Master,Incheon,Manager,678.3,13036.07,Full-time,50000.0,6.0,19.0,367292.77
21,6534.46,,Bachelor,Daegu,Engineer,639.9,,Self-employed,93115.53,3.0,2.0,307731.13
56,4935.12,34.0,Master,Daegu,Manager,725.9,30549.16,Full-time,294195.24,4.0,30.0,579874.27
24,5021.48,6.0,Bachelor,Seoul,Manager,772.3,23804.51,Self-employed,257915.69,3.0,29.0,521413.24
57,5049.46,30.0,,,Office,564.1,36958.91,Full-time,50000.0,2.0,26.0,294588.78
64,3367.33,39.0,Bachelor,Busan,,690.5,20415.56,Full-time,50000.0,6.0,5.0,422037.08
60,3505.14,41.0,High School,Gwangju,Teacher,,19256.69,Self-employed,343466.57,3.0,15.0,619850.95
33,,10.0,Bachelor,Busan,Engineer,696.8,35491.79,Full-time,275154.77,4.0,9.0,498991.15
58,4389.62,31.0,High School,,Manager,788.3,23678.11,Full-time,,6.0,12.0,605665.63
44,2433.58,17.0,Bachelor,,Service,745.3,44160.72,Full-time,,6.0,7.0,375934.37
39,7009.66,17.0,Bachelor,Incheon,Manager,,28162.41,Full-time,167921.78,1.0,16.0,408013.9
21,5667.11,0.0,Bachelor,Seoul,Engineer,701.0,34615.39,Full-time,374695.5,4.0,27.0,568654.21
58,4256.44,37.0,Bachelor,Busan,Office,645.3,39175.11,Full-time,255043.17,1.0,6.0,461948.51
25,3789.75,7.0,Bachelor,Busan,,,27140.61,Self-employed,227163.44,2.0,23.0,387121.52
36,4498.01,16.0,High School,Incheon,Teacher,793.2,9674.84,Full-time,206396.1,5.0,,464061.06
44,4976.28,23.0,Master,Incheon,,480.0,35529.96,Full-time,73121.33,3.0,7.0,377151.54
47,1150.5,28.0,Master,Daegu,Service,807.0,42313.94,Full-time,316090.69,5.0,28.0,548785.06
21,7368.52,2.0,Bachelor,Incheon,Manager,739.3,24813.22,Full-time,51993.78,4.0,26.0,400461.15
54,3015.17,35.0,High School,Incheon,Engineer,837.5,39912.17,Full-time,275812.27,1.0,0.0,543598.64
56,,38.0,Bachelor,Busan,Office,701.3,13983.7,Full-time,227070.92,4.0,1.0,508381.89
24,4252.3,0.0,Master,Seoul,Teacher,720.0,29795.41,Full-time,245171.45,4.0,3.0,428780.21
20,7195.28,1.0,,Busan,Manager,665.2,24569.68,Full-time,169883.1,2.0,0.0,384612.91
59,,36.0,,Incheon,Engineer,,9077.39,Full-time,344077.33,4.0,28.0,618477.55
31,6582.76,11.0,High School,Daegu,Office,622.0,,Self-employed,170835.64,,20.0,349372.03
55,4810.09,28.0,Master,Seoul,Engineer,670.6,17342.98,Full-time,218051.4,2.0,9.0,435536.72
64,2757.17,42.0,Bachelor,Daegu,Office,612.3,32517.09,Full-time,221145.83,5.0,2.0,495056.06
42,4402.06,24.0,Bachelor,Gwangju,Engineer,683.7,16024.69,Full-time,191809.7,4.0,1.0,445904.15
50,4022.24,,High School,Daegu,Engineer,677.9,7914.29,Full-time,254560.31,5.0,6.0,502988.85
30,,9.0,Bachelor,Daegu,Manager,678.4,19429.39,Full-time,281351.39,3.0,1.0,439203.33
29,4736.58,3.0,Bachelor,Incheon,Engineer,672.8,40421.76,Full-time,210650.3,3.0,24.0,454834.14
22,4233.15,1.0,Master,Incheon,Engineer,630.6,26080.86,Full-time,273411.69,3.0,5.0,425847.18
33,5034.63,14.0,PhD,Incheon,Manager,724.8,28427.94,Full-time,274587.69,5.0,,595228.27
35,4490.03,15.0,High School,Incheon,Manager,705.2,29675.58,Self-employed,253786.04,5.0,2.0,452078.36
29,3223.35,7.0,PhD,Incheon,Service,702.1,29220.73,Full-time,348132.33,1.0,20.0,459369.4
48,5352.5,21.0,Master,Daegu,,604.7,50490.59,Full-time,357511.35,2.0,18.0,467883.56
29,3263.4,6.0,Bachelor,Gwangju,Manager,733.9,27501.47,Full-time,186147.75,6.0,8.0,437918.62
31,1000.0,7.0,Master,Incheon,Teacher,618.9,5132.83,Full-time,194499.19,4.0,0.0,416506.26
49,4392.98,28.0,Master,Gwangju,Office,638.2,23537.07,Full-time,278905.42,2.0,7.0,531694.74
60,3368.89,36.0,Bachelor,Gwangju,Manager,687.3,28819.98,Full-time,214543.56,3.0,,465922.79
20,4773.2,0.0,Master,Busan,Service,772.0,12869.62,Part-time,246397.03,4.0,22.0,482944.01
24,7198.31,4.0,Master,Busan,Engineer,583.4,25144.23,Full-time,120383.27,1.0,1.0,264989.45
39,7241.61,15.0,Master,Seoul,Manager,600.9,25296.38,Full-time,196846.21,2.0,22.0,386606.03
27,3952.32,6.0,Master,Busan,Manager,523.0,49310.64,Self-employed,227047.8,3.0,13.0,445794.82
62,2960.23,37.0,Bachelor,Incheon,Service,720.5,19868.16,Self-employed,142309.93,4.0,0.0,484345.53
31,5077.02,5.0,Master,Gwangju,Service,653.0,39395.37,Full-time,79540.83,4.0,6.0,319769.47
20,3644.66,0.0,Master,Seoul,Teacher,714.0,26248.5,Full-time,328455.19,3.0,10.0,483575.3
39,4787.66,14.0,Bachelor,Busan,Service,707.1,38321.14,Full-time,88851.25,5.0,15.0,461300.77
47,3208.71,22.0,High School,Daegu,Service,743.0,44748.28,,352742.84,2.0,23.0,543173.95
62,4576.04,43.0,,Seoul,Service,680.1,32574.57,Self-employed,316037.74,4.0,1.0,593925.21
56,2982.04,30.0,High School,Incheon,Engineer,623.3,27310.07,Full-time,246246.3,5.0,30.0,522233.69
56,5976.38,,Master,Gwangju,Manager,,41782.55,Full-time,258365.34,1.0,25.0,412032.73
31,3315.03,10.0,Master,Incheon,Manager,713.2,10440.76,Self-employed,283488.22,4.0,17.0,503033.62
56,5191.65,34.0,Bachelor,Incheon,Service,652.1,30079.04,Full-time,184600.97,4.0,18.0,463207.82
63,2302.85,36.0,High School,Daegu,Teacher,687.3,13042.9,Part-time,188403.25,1.0,9.0,476045.79
47,5371.76,25.0,Bachelor,Daegu,Service,572.4,37598.33,Part-time,203559.61,1.0,3.0,407883.77
34,2750.42,10.0,Bachelor,Gwangju,Teacher,578.2,29180.56,Self-employed,249354.41,6.0,23.0,376637.65
25,4591.77,0.0,Master,Busan,Manager,547.2,27131.55,Full-time,163211.62,6.0,27.0,463449.44
63,5734.8,39.0,Bachelor,Incheon,Teacher,703.1,,Self-employed,176853.25,4.0,2.0,507613.88
39,3900.03,13.0,High School,Busan,Teacher,739.2,36120.61,Full-time,390209.57,3.0,12.0,617362.42
33,2656.25,12.0,Bachelor,Gwangju,Office,,6553.3,Full-time,246401.17,1.0,5.0,385118.27
21,4945.22,0.0,Master,Incheon,Teacher,692.9,50831.54,Full-time,,5.0,28.0,384093.9
28,2938.53,1.0,Bachelor,Busan,Teacher,715.8,26292.35,Full-time,292838.03,1.0,9.0,391201.06
56,3593.63,35.0,Master,Incheon,,648.1,12401.35,Full-time,,4.0,26.0,504584.09
39,4598.19,16.0,Bachelor,Daegu,Manager,808.1,5000.0,Part-time,,4.0,7.0,451809.73
45,6241.01,20.0,Master,Daegu,Service,563.4,25980.81,,427534.51,2.0,9.0,498106.61
48,4239.83,22.0,Bachelor,Seoul,Office,649.8,30762.66,Self-employed,226339.7,5.0,1.0,488634.58
20,4234.29,2.0,Bachelor,Gwangju,Teacher,447.0,31664.14,Full-time,151777.72,2.0,19.0,250942.18
54,,36.0,Master,Busan,Engineer,707.7,10595.5,Full-time,170605.71,1.0,14.0,479076.26
25,4275.56,0.0,Bachelor,Incheon,Engineer,621.4,13241.23,Self-employed,,2.0,0.0,435648.09
56,5153.3,32.0,Bachelor,Seoul,Service,521.9,44273.38,Self-employed,232049.62,4.0,10.0,502255.67
24,5817.8,0.0,Master,Gwangju,Service,727.5,9369.18,Self-employed,259687.64,3.0,23.0,467802.96
52,3708.39,32.0,Master,Gwangju,Manager,667.5,29335.73,Full-time,74722.95,1.0,0.0,260192.59
33,1000.0,6.0,Bachelor,Gwangju,Teacher,655.4,23376.83,Part-time,125155.25,4.0,27.0,338380.67
31,2973.11,9.0,,Busan,Engineer,770.2,21568.94,Self-employed,204059.72,1.0,24.0,410828.07
61,,41.0,Master,Daegu,Office,,24712.17,Full-time,174741.52,2.0,21.0,402497.64
39,4149.35,17.0,Master,Seoul,Manager,731.5,21524.91,Full-time,128441.66,2.0,15.0,387966.24
43,3691.3,16.0,Bachelor,Busan,Teacher,743.1,21124.78,Self-employed,251421.11,6.0,11.0,537006.15
62,,44.0,Bachelor,Incheon,Service,,39984.07,Full-time,258802.24,1.0,29.0,545237.32
53,4048.01,32.0,Bachelor,Busan,Teacher,680.7,23154.43,Full-time,366221.23,6.0,28.0,581591.08
44,1061.2,21.0,Master,Incheon,Service,814.3,13376.39,Full-time,279894.82,1.0,11.0,461166.59
48,1942.05,29.0,High School,Incheon,Teacher,599.2,26993.42,Full-time,260863.45,2.0,18.0,434885.4
58,4827.97,34.0,Master,Gwangju,Office,724.4,15294.17,Full-time,205243.39,1.0,12.0,441956.25
50,4099.66,25.0,High School,Busan,Manager,,14953.93,Full-time,450741.27,6.0,7.0,672994.14
62,6381.98,44.0,Master,,Service,781.7,,Full-time,191545.43,2.0,1.0,490680.75
42,3100.1,21.0,PhD,Incheon,Office,677.3,25801.88,Self-employed,190835.01,6.0,26.0,437096.14
63,3735.75,42.0,High School,Gwangju,Engineer,734.9,12670.88,Full-time,302333.36,1.0,18.0,492424.19
57,2873.25,35.0,Bachelor,Daegu,Office,,,Full-time,83873.42,,13.0,404633.21
39,3419.11,18.0,Bachelor,Busan,Office,508.5,28765.81,Full-time,213242.47,1.0,22.0,368517.16
42,1362.14,16.0,Master,Daegu,Office,596.1,25515.13,Part-time,,1.0,26.0,400905.67
64,3621.47,40.0,,Busan,Service,644.7,22138.37,Full-time,185668.19,4.0,0.0,437719.74
35,4122.2,16.0,Master,Incheon,Engineer,651.7,11352.8,Full-time,309176.86,3.0,24.0,457843.34
61,,43.0,Master,Seoul,Manager,767.4,23012.37,Full-time,261915.43,2.0,25.0,598282.99
27,7424.33,1.0,Master,Seoul,Office,648.6,18472.3,Self-employed,245140.07,2.0,8.0,475209.86
40,6950.23,22.0,Master,,Service,681.9,26535.86,Full-time,225708.78,5.0,18.0,499648.7
20,3073.65,0.0,Bachelor,Daegu,Service,691.2,33072.0,Full-time,189547.16,3.0,13.0,411663.03
27,1134.09,8.0,Master,,Manager,629.5,49017.01,Self-employed,50000.0,3.0,3.0,248567.99
48,4051.2,27.0,Bachelor,Seoul,Teacher,678.5,37297.85,Full-time,266100.31,1.0,1.0,458680.69
51,,28.0,Bachelor,Busan,Engineer,764.1,5000.0,Full-time,301520.69,,9.0,555796.66
57,2909.27,35.0,Bachelor,Incheon,Engineer,703.9,30668.56,Full-time,219407.88,2.0,26.0,457106.73
24,2983.54,,Master,Daegu,Office,727.5,46189.24,Full-time,92916.86,2.0,28.0,229506.7
41,6573.83,21.0,Master,Busan,Teacher,,26290.45,Full-time,177959.96,4.0,14.0,445229.3
53,3813.67,31.0,High School,Daegu,Engineer,811.8,46667.02,Full-time,179537.7,6.0,30.0,496162.45
20,5193.38,1.0,Master,Seoul,Office,595.8,14744.15,,180985.51,4.0,0.0,446450.93
45,2804.54,21.0,Master,Busan,Teacher,850.0,17469.92,Full-time,262550.35,6.0,28.0,640177.7
62,4114.59,42.0,Bachelor,Gwangju,Service,759.7,25971.81,Full-time,108721.64,6.0,10.0,501537.57
29,3695.49,11.0,Master,,Office,774.3,26245.64,Part-time,203543.74,3.0,15.0,415167.35
49,3186.94,24.0,High School,Daegu,Teacher,784.8,38040.54,Self-employed,206452.3,6.0,,581047.49
37,5932.95,12.0,High School,Incheon,Manager,762.9,28023.27,Full-time,348516.39,4.0,7.0,572781.03
36,2116.68,16.0,Master,Gwangju,Engineer,576.8,26692.51,Full-time,253681.74,4.0,26.0,453875.56
45,4650.09,21.0,Bachelor,Busan,Office,589.4,57715.39,Full-time,182580.59,1.0,8.0,351334.47
27,3667.32,1.0,Bachelor,Seoul,Service,735.9,18668.9,Part-time,338086.65,3.0,14.0,526104.6
59,4822.24,34.0,Master,Busan,Office,726.2,43463.95,Full-time,,6.0,24.0,461274.41
31,,11.0,Master,Busan,Engineer,750.9,32987.3,Full-time,162902.64,5.0,25.0,448742.17
46,5500.79,27.0,Bachelor,Gwangju,Engineer,683.7,23601.45,Part-time,65431.76,5.0,28.0,404803.79
27,2790.45,0.0,,Gwangju,Teacher,574.6,31105.81,Full-time,354467.06,2.0,30.0,436479.41
44,5936.33,20.0,Bachelor,Gwangju,Service,,18189.6,Full-time,238204.19,4.0,4.0,511607.03
65,4156.8,41.0,Master,Gwangju,Teacher,,29034.86,Full-time,,1.0,20.0,415179.52
23,2207.25,0.0,High School,Incheon,Service,659.7,27952.36,Part-time,325334.8,4.0,30.0,535284.08
52,5220.32,30.0,Bachelor,Daegu,Office,679.6,33715.92,Part-time,170711.46,2.0,20.0,374676.96
20,3901.73,0.0,Bachelor,Gwangju,Office,682.4,26599.05,Full-time,182009.42,4.0,21.0,335234.2
38,1638.24,13.0,Bachelor,Seoul,Teacher,638.2,47994.04,Full-time,312933.59,5.0,19.0,537663.37
50,4698.7,29.0,Bachelor,Busan,Manager,614.9,17412.15,Part-time,170958.64,3.0,17.0,414667.54
35,5709.89,14.0,Bachelor,Gwangju,Engineer,848.7,19736.19,Part-time,178684.72,4.0,1.0,397736.91
33,6123.2,14.0,High School,Seoul,Teacher,804.7,30870.74,Full-time,225693.96,6.0,27.0,531974.38
24,3632.47,6.0,High School,Incheon,Teacher,765.6,18332.72,Full-time,248957.12,5.0,21.0,470983.29
60,4417.98,39.0,,Seoul,Office,713.2,36075.6,Part-time,282598.53,5.0,4.0,605518.17
45,4275.8,21.0,Bachelor,Seoul,Engineer,599.6,43772.45,Full-time,201900.08,2.0,19.0,456119.82
47,6434.7,21.0,Bachelor,Incheon,Teacher,751.0,21764.87,Full-time,77609.39,3.0,15.0,367825.73
21,2984.27,0.0,Bachelor,Incheon,Office,769.2,29057.46,Full-time,250071.19,2.0,15.0,388081.86
25,3503.01,0.0,Bachelor,Busan,Office,652.4,35856.43,Part-time,237305.3,1.0,21.0,359049.0
28,2947.92,10.0,Bachelor,Gwangju,Teacher,594.6,38599.87,Full-time,234988.04,6.0,28.0,492023.12
52,2026.27,30.0,Bachelor,Seoul,Teacher,714.2,69733.87,Full-time,155758.97,3.0,3.0,419447.14
60,4571.68,36.0,High School,Daegu,Office,765.4,11709.1,Self-employed,60418.09,1.0,25.0,283577.96
44,6601.95,20.0,High School,Daegu,Teacher,,45930.15,Full-time,217299.55,3.0,19.0,375625.38
32,3902.27,5.0,,Busan,Engineer,722.3,20290.09,Full-time,139452.7,5.0,21.0,367827.94
28,2877.16,5.0,PhD,Daegu,Office,607.4,20798.06,Full-time,267346.47,1.0,10.0,405668.43
32,4480.29,5.0,Bachelor,Busan,Office,589.1,29715.94,Full-time,283623.3,3.0,28.0,425230.71
50,5083.68,29.0,Master,Gwangju,Teacher,696.4,28745.32,Full-time,89099.21,3.0,19.0,357338.45
60,3965.46,40.0,Bachelor,Busan,Teacher,614.8,43010.04,Full-time,160375.34,1.0,28.0,382743.71
30,6305.3,4.0,,Incheon,Teacher,714.4,10353.78,Full-time,364898.86,3.0,15.0,524494.78
23,2981.46,0.0,Master,Incheon,Engineer,550.8,5000.0,Full-time,182214.71,2.0,24.0,389630.53
53,3769.55,32.0,High School,Incheon,Office,611.4,51205.91,Part-time,236758.4,2.0,30.0,460973.21
57,4643.98,32.0,High School,Incheon,Manager,762.3,10719.83,Self-employed,294700.41,1.0,28.0,470213.8
65,4789.45,47.0,PhD,Incheon,Engineer,735.4,40060.66,Full-time,238945.15,5.0,22.0,521348.8
23,4270.84,0.0,Bachelor,Incheon,Engineer,713.5,44736.98,Self-employed,312611.08,4.0,11.0,466408.3
57,2282.37,34.0,High School,Incheon,Office,644.4,41615.48,Self-employed,299554.4,1.0,28.0,455154.71
38,7707.02,20.0,High School,Incheon,Manager,681.1,34137.17,Full-time,,,,642236.63
25,3846.05,4.0,Master,Incheon,Office,662.0,36949.9,Self-employed,234752.34,1.0,15.0,384253.89
53,4365.4,31.0,Master,Gwangju,Engineer,850.0,21728.8,Full-time,185786.48,1.0,30.0,416665.9
37,5125.14,12.0,Bachelor,Incheon,Teacher,705.3,5027.82,Self-employed,108095.62,6.0,,406958.29
32,3245.24,11.0,High School,Busan,Office,618.7,23829.31,Self-employed,255694.83,6.0,10.0,487376.28
60,4285.39,40.0,Master,Gwangju,Office,673.5,21476.52,Self-employed,325885.33,6.0,11.0,640632.2
42,3184.21,23.0,Bachelor,Daegu,Teacher,545.6,16665.01,Full-time,157053.66,1.0,3.0,363339.33
38,4823.33,17.0,Bachelor,Seoul,Manager,527.7,28594.66,Full-time,166507.03,2.0,12.0,458331.46
64,3785.97,37.0,Master,Gwangju,Manager,,5000.0,Full-time,,1.0,1.0,390311.32
30,4603.08,9.0,Bachelor,Incheon,Office,701.9,43053.28,Full-time,143298.5,5.0,18.0,400837.03
20,2630.19,0.0,Bachelor,Gwangju,Teacher,643.9,27164.61,Full-time,232692.98,4.0,10.0,408759.42
43,2956.63,21.0,Master,Seoul,Office,677.9,22071.11,Full-time,177162.33,4.0,0.0,512264.21
26,2152.29,2.0,Master,Seoul,Teacher,671.7,24285.7,Part-time,118795.89,5.0,8.0,360548.01
44,3134.2,18.0,Bachelor,Incheon,Engineer,685.4,26122.7,Self-employed,149532.71,1.0,9.0,390766.37
40,1000.0,21.0,Bachelor,Incheon,Teacher,771.8,15564.34,Self-employed,342534.11,4.0,2.0,541378.39
34,3739.35,12.0,Bachelor,Busan,,722.8,15520.53,Full-time,229584.27,2.0,7.0,454102.86
20,3398.64,0.0,Bachelor,Seoul,Service,,12308.15,Full-time,343224.21,4.0,15.0,537337.96
31,4426.37,5.0,,Incheon,Manager,540.1,10968.27,Full-time,174011.55,6.0,3.0,389956.07
26,4266.91,6.0,Bachelor,Seoul,Office,599.8,17727.13,Full-time,96907.42,5.0,10.0,375061.76
34,6085.62,16.0,High School,Busan,Teacher,740.7,26231.93,Full-time,196773.27,4.0,7.0,475578.32
40,8091.47,21.0,High School,Daegu,Teacher,805.0,41212.78,Full-time,359763.13,5.0,6.0,502262.81
38,5906.31,15.0,Bachelor,Seoul,Manager,609.8,9083.78,Self-employed,50000.0,1.0,19.0,333052.11
48,3520.34,26.0,Bachelor,Busan,Office,,38984.7,Self-employed,71873.72,4.0,14.0,301133.46
44,3459.91,26.0,Bachelor,Busan,Service,645.4,8698.6,Part-time,194781.94,5.0,22.0,460391.59
52,5502.99,34.0,Bachelor,,Engineer,822.8,29157.34,Full-time,309785.1,2.0,27.0,545567.13
51,1674.98,30.0,Master,Gwangju,Service,691.8,9795.19,Full-time,131463.45,2.0,7.0,261514.68
54,3727.2,33.0,Master,Incheon,Engineer,619.0,12824.84,Self-employed,234561.27,3.0,9.0,463928.96
63,3842.77,40.0,Bachelor,Seoul,Engineer,651.1,31795.55,Full-time,215060.73,4.0,18.0,543266.17
57,5076.2,34.0,High School,Gwangju,Office,637.7,,Full-time,321576.12,1.0,4.0,566094.84
45,5120.8,18.0,Bachelor,Seoul,Engineer,,36987.66,Full-time,416726.69,6.0,30.0,712897.8
30,3083.16,7.0,Bachelor,Gwangju,Teacher,836.3,16821.02,Self-employed,153088.01,3.0,26.0,396673.6
54,3578.44,36.0,High School,,Engineer,690.5,39960.1,Full-time,189721.17,4.0,30.0,408694.32
27,4867.66,0.0,PhD,Busan,Engineer,767.5,46759.84,Full-time,,2.0,2.0,382606.89
65,3001.62,39.0,Bachelor,Seoul,Manager,572.3,30797.76,Part-time,150396.8,1.0,6.0,473969.86
33,6009.18,,Bachelor,Busan,Manager,850.0,6559.07,Full-time,370596.93,2.0,5.0,580734.62
29,5113.76,5.0,Bachelor,Incheon,Office,572.9,5000.0,Self-employed,125173.67,4.0,16.0,343260.94
21,4457.26,0.0,High School,Seoul,Office,776.9,29836.15,Full-time,326810.46,6.0,9.0,582628.59
65,4786.41,46.0,High School,Daegu,Teacher,,21133.33,Self-employed,183612.65,1.0,20.0,459984.34
28,3499.66,9.0,Bachelor,Daegu,Manager,579.4,16052.31,Full-time,214759.84,1.0,,379292.39
22,3260.56,0.0,Bachelor,Daegu,Service,746.8,25994.46,Full-time,230343.82,3.0,28.0,388247.13
40,3562.92,16.0,Bachelor,Incheon,Office,677.7,23703.6,Self-employed,179074.75,1.0,19.0,368074.5
45,4949.95,25.0,PhD,Daegu,Office,607.1,26076.24,Full-time,286192.84,4.0,14.0,514704.64
27,4501.52,6.0,Bachelor,Seoul,Manager,680.9,17435.08,,256384.47,6.0,1.0,561823.6
21,3565.93,1.0,High School,Daegu,Manager,548.0,51754.09,Full-time,350187.47,6.0,0.0,502698.58
25,5324.37,1.0,Bachelor,Seoul,Teacher,641.4,14951.8,Full-time,274248.95,5.0,11.0,446728.2
47,3939.08,23.0,Bachelor,Incheon,Manager,602.8,24769.36,Part-time,118122.69,5.0,,408426.08
48,,27.0,Bachelor,,Engineer,665.4,,Full-time,207031.55,1.0,11.0,364114.78
45,4581.51,21.0,High School,Gwangju,Service,541.5,14122.56,Full-time,354399.83,,11.0,622560.61
44,2680.46,22.0,Bachelor,Daegu,Engineer,536.7,12382.82,Full-time,171589.63,6.0,6.0,389537.01
31,1669.16,13.0,High School,Gwangju,Engineer,612.1,21543.14,Full-time,346293.39,4.0,6.0,502990.88
24,4192.34,0.0,Bachelor,Busan,Engineer,676.9,25013.27,Full-time,281356.15,3.0,5.0,422351.47
53,3213.88,32.0,Bachelor,Incheon,Office,602.1,22937.96,Part-time,,2.0,12.0,482821.68
56,3818.77,32.0,High School,Incheon,Engineer,716.9,21435.59,Full-time,50000.0,2.0,20.0,368218.79
34,2749.9,15.0,Bachelor,Busan,Office,736.2,30571.04,Part-time,255755.53,4.0,8.0,515759.71
63,6013.4,44.0,Bachelor,Gwangju,Manager,612.5,,Self-employed,396717.42,3.0,15.0,639855.78
55,3207.76,37.0,Bachelor,Daegu,,791.2,,Full-time,145976.09,4.0,1.0,467749.19
34,3552.0,15.0,Bachelor,Seoul,Service,655.8,40691.65,Part-time,355234.02,1.0,26.0,505459.76
62,4766.82,35.0,Bachelor,Incheon,Engineer,826.5,31134.85,,235692.82,3.0,10.0,482425.66
42,2135.08,17.0,PhD,Busan,Service,659.2,5000.0,Self-employed,,6.0,29.0,402675.41
25,2024.18,0.0,High School,Gwangju,Office,590.3,38783.8,Full-time,195743.4,5.0,,397847.59
65,4771.43,40.0,PhD,Daegu,Manager,778.2,40236.46,Full-time,74831.81,1.0,8.0,381964.14
63,3532.58,45.0,High School,Gwangju,Engineer,596.7,5000.0,Self-employed,223370.51,5.0,11.0,467582.29
62,2847.76,44.0,Bachelor,Daegu,Teacher,771.0,24252.76,Part-time,255024.24,1.0,,460391.82
64,5105.06,37.0,Bachelor,Seoul,Service,689.7,31165.15,Full-time,421012.49,1.0,1.0,623886.92
40,2982.12,19.0,High School,Seoul,Service,635.5,40837.43,Self-employed,252823.85,1.0,18.0,423535.31
42,3788.23,19.0,High School,Busan,Engineer,618.5,33896.8,Self-employed,341626.22,1.0,5.0,510074.14
62,2855.8,37.0,Bachelor,Busan,Service,673.1,21242.74,Full-time,135091.33,3.0,25.0,446720.13
35,4655.16,16.0,PhD,Daegu,Service,734.4,15009.62,Full-time,204534.51,3.0,22.0,499856.42
34,6198.11,14.0,Bachelor,Daegu,Teacher,676.8,10256.91,Full-time,247052.99,1.0,17.0,475417.92
44,1408.44,21.0,Bachelor,Daegu,Office,798.4,16861.2,Self-employed,146781.35,4.0,12.0,418783.33
55,4368.99,28.0,Master,Daegu,Engineer,585.9,34453.19,Full-time,201509.91,1.0,13.0,366799.31
30,5484.88,9.0,Master,Seoul,Engineer,672.3,39051.7,Full-time,302619.03,1.0,7.0,507604.98
34,3567.78,15.0,Master,Busan,Teacher,768.1,23473.03,Part-time,426740.32,4.0,,546637.97
23,,0.0,Bachelor,Busan,Teacher,583.7,41156.99,Full-time,289786.21,4.0,12.0,475044.18
40,4831.45,19.0,High School,Incheon,Office,763.2,32893.78,Full-time,159851.99,1.0,29.0,398230.8
32,5702.48,7.0,Bachelor,Busan,,681.6,58337.13,,,2.0,16.0,407069.55
41,5535.78,16.0,Bachelor,Busan,Engineer,688.8,6010.14,Full-time,130911.98,2.0,5.0,332364.64
38,4748.86,14.0,High School,Gwangju,Service,652.8,,Full-time,241882.88,4.0,19.0,479082.91
53,4346.87,26.0,High School,Gwangju,,583.3,30546.43,Full-time,346488.41,1.0,9.0,457156.78
33,2851.48,7.0,Master,Incheon,Engineer,,50171.23,,245632.33,6.0,10.0,529657.97
23,5497.87,2.0,Master,Daegu,Office,635.5,10542.91,Full-time,219190.17,5.0,9.0,443579.32
65,5414.94,41.0,High School,Incheon,Manager,801.9,16407.79,Full-time,214239.32,5.0,20.0,569218.47
46,2492.91,19.0,High School,Incheon,Engineer,720.8,28660.46,Part-time,236454.45,1.0,5.0,391665.83
48,4746.72,21.0,High School,Seoul,Service,,13321.36,Full-time,361669.06,1.0,5.0,528287.17
47,5179.24,29.0,Bachelor,Busan,Engineer,785.4,25017.99,Full-time,285476.55,1.0,14.0,444007.49
54,5523.17,33.0,Bachelor,Seoul,Office,675.5,8374.74,Full-time,132277.04,5.0,6.0,509892.6
27,4087.52,8.0,Master,Busan,Manager,736.2,42342.65,Full-time,169585.18,5.0,24.0,424844.6
35,2913.65,9.0,High School,Incheon,Office,773.1,48149.92,Part-time,323955.14,4.0,11.0,513299.6
61,3446.83,39.0,Bachelor,Busan,Office,658.2,48583.68,Part-time,254663.12,3.0,19.0,502245.92
55,2689.13,35.0,High School,,Teacher,714.8,29839.1,Self-employed,64417.05,4.0,8.0,393276.23
49,4123.41,28.0,PhD,Daegu,Office,645.1,30103.09,,309724.37,4.0,0.0,484038.45
37,3829.67,14.0,Master,Incheon,Manager,771.7,27853.45,Full-time,184056.25,2.0,24.0,391248.77
21,7417.55,0.0,Master,Gwangju,Service,677.8,38332.32,,160209.2,6.0,27.0,356293.04
32,5542.02,14.0,,Daegu,Teacher,789.6,43136.43,,308695.14,4.0,23.0,479962.99
23,5654.32,0.0,High School,Incheon,Office,695.9,,Full-time,303416.89,4.0,15.0,492563.67
45,4907.03,20.0,Bachelor,Seoul,Engineer,850.0,30910.98,Full-time,210786.07,4.0,30.0,548573.43
44,3649.02,20.0,Bachelor,Gwangju,,623.4,36465.07,Full-time,257188.64,4.0,17.0,489410.94
49,,25.0,Master,Daegu,Manager,748.8,27873.9,Full-time,168418.85,3.0,30.0,438736.1
30,3924.2,4.0,Bachelor,Incheon,Engineer,676.5,11903.55,Full-time,,2.0,22.0,376617.66
26,4482.35,5.0,Bachelor,Incheon,Manager,662.0,20901.62,Full-time,189699.75,5.0,6.0,401498.46
50,4783.75,26.0,Bachelor,Seoul,Engineer,528.2,30555.45,Full-time,190329.16,6.0,17.0,564560.58
63,4201.06,37.0,Bachelor,Seoul,Service,685.8,17555.4,Full-time,169200.2,1.0,7.0,465573.23
29,3764.1,7.0,Bachelor,Gwangju,Manager,602.1,16723.21,Full-time,294880.28,5.0,21.0,545513.2
58,3308.83,39.0,Bachelor,Daegu,Engineer,655.2,35418.03,Full-time,228826.43,2.0,14.0,507175.36
32,2111.03,10.0,High School,Incheon,Manager,605.2,36165.92,Full-time,138336.45,4.0,5.0,367733.5
50,6125.07,29.0,Bachelor,Gwangju,Teacher,615.9,31548.17,Full-time,166510.55,5.0,27.0,431101.11
26,7508.29,1.0,Master,Gwangju,Manager,594.2,22027.18,Full-time,116254.23,4.0,26.0,257020.94
61,5999.01,39.0,,Seoul,Manager,595.0,23948.27,Full-time,213550.84,6.0,30.0,571177.91
61,2311.4,35.0,Bachelor,Incheon,Engineer,552.7,36400.52,Self-employed,343010.42,3.0,20.0,554763.99
55,5380.52,29.0,High School,Busan,Manager,710.1,17180.14,Full-time,245151.74,3.0,11.0,471410.25
39,5735.66,19.0,Bachelor,Seoul,Service,681.4,10541.23,Self-employed,228746.78,6.0,26.0,524349.51
23,3594.84,0.0,Master,Incheon,Office,736.6,34086.35,Full-time,94392.83,6.0,14.0,393333.8
26,4933.39,3.0,Bachelor,Gwangju,Teacher,648.6,26567.2,Full-time,336343.72,2.0,23.0,396419.29
20,3515.55,0.0,Bachelor,Gwangju,Engineer,627.2,43686.59,Part-time,223917.85,6.0,14.0,478609.81
63,6493.39,42.0,PhD,Daegu,Manager,673.0,15216.85,Full-time,228810.59,5.0,28.0,557850.77
64,4748.06,37.0,Master,Busan,Manager,736.1,40896.23,Full-time,122389.83,3.0,9.0,406787.6
61,2824.27,41.0,Bachelor,Seoul,Manager,704.0,20994.54,Full-time,209746.07,6.0,8.0,561449.06
32,5204.71,,Bachelor,Daegu,Teacher,681.0,37385.08,Part-time,142213.18,2.0,13.0,352321.65
41,5788.17,17.0,,Daegu,Office,733.2,12539.28,Full-time,162402.65,2.0,20.0,400643.35
40,4497.2,18.0,Master,Busan,Service,680.4,8738.31,Full-time,75315.27,2.0,13.0,387228.18
41,4919.16,14.0,Bachelor,Seoul,Service,632.7,32210.98,Self-employed,54728.5,5.0,16.0,353948.58
47,4095.37,23.0,Bachelor,Seoul,Engineer,752.6,24697.83,Full-time,403493.66,6.0,10.0,729747.63
28,2498.58,10.0,High School,Gwangju,Office,580.1,29912.08,Full-time,237005.76,5.0,5.0,429107.73
45,3972.4,20.0,Bachelor,Seoul,Office,566.4,16293.17,Full-time,317342.79,2.0,11.0,501905.13
28,4984.56,8.0,Master,Daegu,Teacher,678.0,31936.95,Full-time,195535.94,1.0,27.0,339505.69
34,4007.96,10.0,Master,Gwangju,Manager,686.9,43287.02,Full-time,204934.02,6.0,16.0,489067.06
29,5401.15,9.0,High School,Seoul,Office,698.6,41159.98,Full-time,130049.64,6.0,28.0,426156.95
43,3611.73,23.0,,Busan,Manager,653.8,19903.33,Full-time,271782.65,5.0,4.0,524685.73
61,3710.11,34.0,Bachelor,Daegu,Teacher,788.2,12924.68,Full-time,283459.5,5.0,5.0,532578.27
27,5446.68,1.0,Master,Incheon,Engineer,560.1,27963.2,Full-time,264510.3,1.0,2.0,388033.32
43,4532.78,24.0,Master,Busan,Engineer,690.8,38169.79,Self-employed,220218.76,5.0,27.0,540798.85
35,3582.42,,PhD,,Manager,740.7,7742.6,Full-time,245373.95,5.0,0.0,491252.63
45,5750.71,22.0,PhD,Seoul,Manager,790.7,35312.85,Full-time,183187.52,6.0,17.0,504121.12
46,3166.9,26.0,Bachelor,Gwangju,Office,786.7,52123.39,Full-time,308290.03,3.0,13.0,502470.05
56,3109.58,29.0,Master,Gwangju,Teacher,592.3,35675.74,Full-time,104073.94,1.0,11.0,321257.03
23,1000.0,0.0,Bachelor,Daegu,Engineer,709.0,9333.89,Self-employed,,3.0,11.0,316443.15
43,3369.05,19.0,Bachelor,Seoul,Office,662.9,14407.09,Full-time,201023.68,6.0,10.0,507043.7
38,6163.08,14.0,High School,Gwangju,Service,678.5,19720.66,Full-time,112747.43,1.0,27.0,300133.91
55,1091.56,33.0,High School,Incheon,Office,770.7,,Full-time,89597.58,1.0,18.0,382283.45
58,2772.12,38.0,Master,Seoul,Manager,832.0,32188.14,Full-time,201307.13,1.0,2.0,496458.25
29,4858.6,10.0,Bachelor,Seoul,Service,700.9,36645.45,Self-employed,182920.97,5.0,1.0,459726.3
44,1000.0,23.0,Master,Gwangju,Office,521.1,24418.3,Full-time,206423.95,2.0,21.0,378503.2
37,3433.95,16.0,Bachelor,Busan,Teacher,546.5,31072.34,Full-time,221106.92,4.0,6.0,407268.23
38,5911.29,13.0,Master,Seoul,Engineer,676.3,15023.22,Full-time,271497.98,2.0,20.0,486352.51
55,7264.54,30.0,Bachelor,Busan,Service,759.8,,Full-time,228452.97,5.0,22.0,510678.7
29,4635.37,,Bachelor,Daegu,Teacher,617.2,38619.53,,368171.58,5.0,11.0,545611.6
52,2810.3,29.0,Bachelor,Daegu,Office,664.7,33425.71,Self-employed,236586.94,4.0,18.0,463434.96
24,,0.0,Bachelor,Gwangju,Manager,,34923.39,Full-time,351466.25,5.0,30.0,521099.54
54,4417.36,36.0,Master,Daegu,Manager,648.3,15528.33,Part-time,309253.92,,26.0,494022.04
63,4621.44,41.0,Bachelor,Gwangju,Teacher,,27545.14,Full-time,317340.66,3.0,20.0,579190.72
53,6986.89,32.0,High School,Gwangju,Manager,645.6,29024.13,Full-time,88172.68,3.0,12.0,406096.44
52,5656.21,31.0,Master,Busan,,752.3,31875.48,Full-time,236422.81,1.0,18.0,489329.1
40,4326.16,21.0,High School,Busan,,686.1,40207.15,Self-employed,252115.57,2.0,3.0,488543.26
36,3697.19,9.0,Bachelor,Daegu,Teacher,742.1,28541.5,Full-time,195276.39,3.0,21.0,375478.19
41,8722.07,23.0,Bachelor,Busan,Manager,840.7,47083.99,Full-time,233483.66,1.0,11.0,478275.81
56,5139.89,33.0,High School,,Teacher,713.6,5000.0,Full-time,133666.72,2.0,29.0,490899.34
34,3196.87,10.0,Master,Incheon,Office,780.9,24300.57,Part-time,342128.12,6.0,3.0,582896.74
54,3863.07,32.0,Master,Seoul,Service,608.4,,Self-employed,221037.53,3.0,12.0,497031.58
47,2883.82,22.0,Master,Seoul,Service,605.5,19043.09,Full-time,254625.24,1.0,19.0,459441.18
26,1000.0,0.0,High School,Gwangju,Manager,,38004.77,Part-time,152596.16,3.0,6.0,300737.22
51,4668.98,32.0,Bachelor,Incheon,Engineer,595.5,29174.57,Full-time,353565.43,3.0,5.0,619470.19
30,6873.68,9.0,Bachelor,Gwangju,Engineer,801.4,50778.66,Full-time,290269.87,3.0,11.0,471562.64
29,1754.16,3.0,PhD,Busan,Manager,706.5,26186.0,Full-time,308839.16,4.0,11.0,521580.22
28,4282.89,6.0,High School,Busan,Manager,658.6,26330.02,Full-time,392182.86,2.0,15.0,550717.27
33,3139.64,13.0,Bachelor,Incheon,Teacher,696.3,49614.29,Self-employed,201997.33,3.0,12.0,421229.28
32,4982.25,9.0,Master,Daegu,Engineer,734.4,23662.55,Full-time,270705.98,1.0,16.0,399483.58
44,3941.5,24.0,Master,Busan,Service,742.3,40675.02,Full-time,264412.99,4.0,7.0,510746.28
21,2159.92,0.0,,Seoul,Manager,697.5,31690.97,Part-time,,5.0,0.0,464516.13
54,2728.34,34.0,PhD,Incheon,Service,790.6,41046.02,Full-time,252736.66,5.0,11.0,590559.12
26,2954.55,3.0,Bachelor,Incheon,Service,,23811.12,Full-time,152547.92,2.0,24.0,362063.01
40,6216.48,13.0,Bachelor,Busan,Engineer,651.9,,Full-time,217836.74,1.0,19.0,396268.58
37,6139.89,15.0,High School,Busan,Service,773.6,23589.7,Full-time,82614.03,4.0,6.0,372019.46
22,3732.98,0.0,High School,Gwangju,Teacher,756.5,5000.0,Full-time,153184.17,1.0,20.0,329255.31
61,6041.71,41.0,Bachelor,Gwangju,Teacher,709.7,24819.25,Self-employed,64371.28,4.0,11.0,382557.09
58,3940.22,35.0,High School,Seoul,Engineer,636.6,66424.02,Full-time,348838.23,6.0,25.0,682033.19
60,3710.01,35.0,Master,Incheon,Teacher,743.0,19211.96,Self-employed,276525.17,6.0,18.0,595414.87
30,4285.68,6.0,High School,Daegu,Manager,607.3,29751.6,Full-time,180187.9,6.0,,446130.1
58,4627.24,35.0,Bachelor,Daegu,Engineer,774.6,42293.98,Full-time,156034.24,4.0,23.0,392605.1
43,3366.83,24.0,Master,Incheon,Service,801.7,34258.3,Full-time,317967.29,5.0,29.0,563067.43
65,4232.8,41.0,Bachelor,Seoul,Manager,633.9,27069.18,Full-time,371192.93,6.0,9.0,672174.24
38,5380.98,,Master,Gwangju,Engineer,850.0,,Part-time,286985.6,2.0,1.0,488182.21
23,4394.31,5.0,PhD,Gwangju,Service,600.2,45308.16,Full-time,332913.14,2.0,30.0,442527.63
45,4264.17,,Master,Gwangju,Service,664.9,41303.44,Full-time,219205.27,1.0,,466616.66
57,4941.27,36.0,Bachelor,Daegu,Service,662.9,45022.48,Full-time,50000.0,4.0,25.0,310300.71
61,5200.06,36.0,Master,Daegu,Service,671.7,43822.44,Part-time,211062.58,6.0,2.0,547788.91
51,4106.08,24.0,High School,Seoul,,794.0,10869.75,Self-employed,230954.08,4.0,11.0,566880.59
58,3488.73,34.0,Master,Daegu,Engineer,715.0,23778.37,Full-time,310383.24,3.0,4.0,542273.12
64,4483.8,37.0,,Busan,Teacher,613.5,31731.65,Full-time,187400.45,2.0,4.0,422943.08
65,1809.05,41.0,High School,Daegu,Service,688.7,16585.79,Full-time,121955.96,4.0,4.0,404687.63
55,3884.52,36.0,PhD,Gwangju,Manager,733.1,20438.05,Part-time,68305.7,1.0,6.0,349415.77
59,1000.0,41.0,Bachelor,Seoul,Engineer,,35686.91,Self-employed,276100.75,6.0,7.0,550925.5
56,1686.31,35.0,Master,Incheon,Office,777.8,35192.17,,194615.55,5.0,23.0,482525.66
52,1460.72,33.0,Bachelor,Incheon,,687.2,49130.54,Part-time,125785.73,6.0,26.0,435885.59
55,5771.03,30.0,Master,Seoul,Manager,744.0,19345.16,Full-time,272843.28,5.0,18.0,607825.4
22,4220.97,0.0,PhD,Busan,Service,668.6,16839.74,Part-time,287561.51,2.0,23.0,471123.81
28,2306.93,4.0,Bachelor,Incheon,Engineer,628.3,53177.74,Self-employed,202920.17,6.0,15.0,515250.24
27,4936.6,2.0,Bachelor,Gwangju,Engineer,588.7,25051.27,Self-employed,305503.07,2.0,9.0,364603.3
52,5682.98,29.0,Bachelor,Incheon,Service,805.3,5198.0,Full-time,275364.98,3.0,12.0,503405.21
25,4962.73,7.0,Master,Incheon,Manager,559.3,32795.8,Full-time,207987.92,2.0,1.0,377345.09
60,3916.93,34.0,Bachelor,Gwangju,Engineer,700.3,15099.96,Self-employed,201652.78,4.0,3.0,486127.64
58,4548.73,35.0,Bachelor,Daegu,Teacher,712.8,23364.68,Full-time,,4.0,1.0,487655.06
23,5552.24,0.0,Bachelor,Busan,Manager,601.5,10988.28,,219999.66,4.0,20.0,375688.34
32,3496.13,14.0,Bachelor,Gwangju,Service,752.1,41337.69,Self-employed,347325.54,4.0,2.0,549197.01
21,4244.8,3.0,High School,Gwangju,Manager,572.0,32898.53,Full-time,320890.19,3.0,9.0,366531.4
24,3814.21,0.0,Bachelor,Seoul,Manager,633.6,12523.76,Full-time,263901.53,2.0,25.0,449249.49
63,1779.88,40.0,Master,Busan,Office,757.2,30380.18,Full-time,374767.49,2.0,10.0,583921.22
46,5574.85,21.0,Bachelor,Daegu,Service,575.9,36053.15,Full-time,317094.51,2.0,2.0,473520.37
51,,26.0,Bachelor,Gwangju,Teacher,745.4,25460.13,Full-time,206995.55,3.0,4.0,443604.93
40,2889.31,15.0,Bachelor,Daegu,Service,769.3,47864.57,Full-time,268617.17,3.0,19.0,452082.08
27,5644.02,0.0,Bachelor,Gwangju,Office,765.8,40497.89,Full-time,335674.11,,5.0,520134.12
57,2937.01,33.0,Master,Gwangju,Service,710.0,22218.26,Full-time,227536.74,6.0,20.0,574255.89
27,4399.18,3.0,Bachelor,Seoul,Service,612.9,25279.56,Full-time,202356.54,3.0,25.0,372929.54
22,6462.02,0.0,High School,Incheon,Teacher,600.8,13160.56,Part-time,374974.93,3.0,12.0,520084.36
63,3419.34,42.0,High School,Busan,Office,639.7,7640.46,Full-time,266583.96,1.0,4.0,503132.34
22,4177.97,0.0,Master,Seoul,Service,434.8,17555.78,Self-employed,308895.45,4.0,2.0,484621.05
41,1497.75,22.0,PhD,Daegu,Service,681.9,19566.95,Full-time,159474.04,4.0,19.0,393662.34
25,3203.69,0.0,Bachelor,Gwangju,Engineer,670.8,43917.69,,297332.16,1.0,29.0,381980.72
21,1340.59,0.0,High School,Gwangju,Service,686.1,11502.94,Full-time,203912.3,2.0,11.0,371853.64
42,4843.77,22.0,Bachelor,Busan,Teacher,660.8,29168.2,Full-time,216804.36,6.0,28.0,426483.57
63,5447.46,44.0,Master,Seoul,Engineer,694.1,30574.15,,138098.42,1.0,2.0,404163.37
21,3867.55,,,Seoul,Office,686.3,19514.5,Part-time,200894.33,1.0,18.0,448810.72
57,4628.83,35.0,PhD,Daegu,Manager,563.2,40233.97,Self-employed,99173.43,6.0,14.0,367097.41
36,3711.4,17.0,Master,Seoul,Teacher,702.4,24249.17,Self-employed,316251.1,6.0,9.0,564911.51
54,,36.0,Master,Seoul,Office,,20888.11,Full-time,173613.15,1.0,24.0,417793.08
53,4394.19,26.0,Bachelor,Incheon,Engineer,541.9,47707.88,Full-time,249197.71,,25.0,456161.92
42,1221.5,20.0,Bachelor,Busan,,751.6,17896.43,Full-time,121558.68,1.0,5.0,328791.42
49,5609.97,,Master,Seoul,Office,656.1,37341.75,Full-time,261542.56,5.0,15.0,591307.85
27,3615.69,5.0,Bachelor,Daegu,Teacher,730.9,21186.93,Full-time,50000.0,1.0,14.0,248990.29
41,2294.43,14.0,Bachelor,Gwangju,Engineer,676.5,13417.71,Full-time,143232.9,2.0,25.0,323608.05
63,3541.6,37.0,High School,Seoul,Teacher,,24034.85,Full-time,335180.34,2.0,1.0,622222.66
55,1346.9,28.0,Bachelor,Seoul,Teacher,700.0,56269.04,Part-time,163885.21,6.0,16.0,478650.36
24,2325.17,,,Gwangju,Engineer,719.7,10674.51,Full-time,202371.59,2.0,15.0,354985.35
32,4414.42,12.0,Bachelor,Incheon,Service,773.6,19595.12,Full-time,50000.0,1.0,2.0,290983.61
48,4540.07,27.0,High School,Busan,Teacher,753.5,42749.07,Full-time,335041.32,4.0,18.0,605448.32
50,4659.66,29.0,Bachelor,Incheon,Engineer,,16722.2,Self-employed,198177.77,2.0,3.0,414546.93
35,4204.81,17.0,High School,Daegu,Teacher,738.9,20776.93,Self-employed,332204.76,1.0,19.0,438413.36
61,3160.7,41.0,Master,Seoul,Service,640.7,29616.02,Full-time,161590.73,2.0,28.0,483071.26
49,4118.31,29.0,Bachelor,Incheon,,642.6,25301.72,Full-time,94121.4,3.0,29.0,438557.3
35,3544.19,17.0,Master,Busan,Office,759.1,34106.32,Full-time,340084.04,3.0,4.0,522534.55
31,1761.33,5.0,Master,Daegu,Office,,24847.08,Full-time,253521.12,,,321659.74
36,3041.38,18.0,Master,Incheon,Office,722.4,28069.32,Full-time,228889.43,2.0,19.0,397507.17
35,5534.31,9.0,Master,Seoul,Manager,816.7,26431.22,Full-time,168812.57,2.0,27.0,454357.98
31,6582.44,13.0,Bachelor,Busan,Teacher,630.6,18188.72,Full-time,321525.66,5.0,1.0,489294.74
27,5176.91,8.0,High School,Seoul,Teacher,738.3,5798.08,Full-time,63384.12,6.0,26.0,399848.32
39,6515.55,20.0,Master,Seoul,Engineer,615.8,51062.67,Full-time,288160.28,6.0,11.0,578420.88
22,4328.08,0.0,Bachelor,Daegu,Manager,726.9,18058.12,Full-time,118429.12,2.0,16.0,270052.06
35,,11.0,Bachelor,Busan,Teacher,809.1,18775.97,Full-time,259047.78,4.0,9.0,471602.54
49,7281.73,31.0,Bachelor,Gwangju,Engineer,787.1,30380.75,Part-time,389347.75,3.0,22.0,634437.17
64,1599.8,44.0,Master,Seoul,Service,649.2,15587.02,Full-time,216591.56,2.0,8.0,518354.89
42,4532.24,23.0,Bachelor,Busan,Teacher,805.9,38988.89,Full-time,212659.9,4.0,,522320.32
47,4329.65,22.0,Bachelor,Seoul,Teacher,662.0,31055.32,Self-employed,176189.4,6.0,26.0,516584.55
59,3563.84,33.0,PhD,Incheon,Service,850.0,24745.18,Full-time,206628.11,1.0,16.0,455655.32
24,4937.87,5.0,Master,Incheon,Service,682.6,22003.89,Full-time,182346.95,3.0,8.0,404074.95
39,4261.69,20.0,High School,Busan,Teacher,733.0,13594.5,Full-time,,1.0,13.0,452354.56
59,3096.83,32.0,Master,Daegu,Service,730.6,31759.98,Part-time,195681.18,6.0,16.0,428552.7
63,4160.09,37.0,Bachelor,Gwangju,Engineer,,29634.37,,205633.56,6.0,16.0,516062.67
20,6006.89,0.0,Master,Incheon,Teacher,790.1,20247.88,Full-time,172201.47,2.0,1.0,359758.64
49,4473.81,27.0,Bachelor,Daegu,Teacher,697.6,34289.06,Full-time,209298.88,1.0,25.0,413616.02
40,5140.43,,Bachelor,Gwangju,Office,635.5,46966.35,Full-time,216697.45,6.0,26.0,432218.95
39,3784.42,16.0,Master,Incheon,Teacher,619.9,28176.39,Full-time,361300.31,3.0,14.0,573237.27
25,4878.1,0.0,Bachelor,Gwangju,Office,631.8,25033.16,Full-time,355343.2,1.0,,470277.04
41,2386.18,15.0,High School,Seoul,Service,673.8,16472.38,Full-time,247780.11,1.0,,414938.42
37,3450.42,11.0,Master,Busan,Service,594.6,26090.85,Full-time,182228.52,1.0,24.0,331130.93
27,4046.0,3.0,Bachelor,Incheon,Engineer,614.7,22967.21,Full-time,249538.6,4.0,4.0,430181.86
58,2285.5,31.0,PhD,Incheon,Office,541.7,15441.55,Full-time,150480.47,4.0,8.0,421500.55
51,2954.67,25.0,Bachelor,Seoul,Teacher,615.3,33414.94,Full-time,172903.91,2.0,8.0,490324.11
52,4669.67,30.0,,Incheon,,789.2,31280.78,Part-time,224744.82,1.0,13.0,396985.47
35,4394.75,13.0,Master,Incheon,Service,776.1,28916.75,Full-time,163599.27,4.0,7.0,439804.4
31,5409.55,6.0,Bachelor,Incheon,Service,701.6,23653.45,Full-time,165272.5,3.0,10.0,407471.99
57,3299.23,30.0,High School,Incheon,Engineer,848.5,39057.25,Full-time,180427.48,3.0,11.0,445053.95
53,4286.4,32.0,Bachelor,Incheon,Service,777.2,6996.35,Full-time,414299.55,6.0,6.0,635244.13
33,3192.2,7.0,PhD,Daegu,Office,714.8,7562.73,Part-time,234711.85,1.0,2.0,364132.27
55,5259.19,31.0,Bachelor,Incheon,Teacher,723.5,30705.79,Part-time,72969.85,2.0,25.0,319426.16
52,5986.12,28.0,Bachelor,Seoul,,687.1,,Full-time,236591.42,6.0,2.0,588902.12
42,4924.99,22.0,Bachelor,Incheon,Office,579.3,29446.25,Part-time,258854.72,4.0,13.0,450307.04
64,,43.0,High School,Gwangju,Engineer,658.7,29525.19,Self-employed,214862.02,6.0,3.0,534994.54
21,4248.75,0.0,High School,Gwangju,Teacher,472.4,,Self-employed,271812.57,4.0,24.0,391816.51
60,5408.39,38.0,Master,Seoul,Office,592.4,5000.0,Self-employed,,4.0,27.0,531502.18
40,4313.13,20.0,PhD,Daegu,Office,791.0,16304.39,Self-employed,207664.79,6.0,13.0,539182.33
21,2662.61,3.0,High School,Seoul,Service,686.2,35731.37,Full-time,212537.34,2.0,13.0,395091.65
46,,22.0,Bachelor,Daegu,Service,594.7,9129.87,Full-time,161517.63,5.0,2.0,376965.93
28,2707.05,5.0,PhD,Busan,Engineer,722.2,17777.77,Part-time,139293.07,4.0,12.0,426203.18
20,7708.69,0.0,High School,Gwangju,Engineer,728.3,,Full-time,226574.74,1.0,7.0,374103.85
30,3698.87,6.0,High School,Gwangju,Engineer,803.4,17137.46,Full-time,239504.35,4.0,23.0,455721.8
22,5167.56,3.0,Master,Gwangju,Office,822.3,41679.46,Full-time,50000.0,4.0,5.0,301363.95
42,4181.38,,Master,Daegu,Office,742.5,20728.89,Full-time,176200.93,,1.0,431160.9
45,2349.58,,,Seoul,Service,558.8,38972.33,Full-time,195868.17,6.0,,483658.91
23,1352.22,0.0,Bachelor,Daegu,Teacher,,21027.64,Full-time,235449.24,1.0,19.0,297232.74
37,5323.52,13.0,High School,Gwangju,Engineer,788.3,45294.51,Full-time,289769.31,1.0,13.0,511999.36
25,6524.01,7.0,Bachelor,Gwangju,Manager,747.9,32188.63,Self-employed,193471.9,1.0,30.0,372805.44
54,3097.79,35.0,Master,Gwangju,Engineer,678.7,22471.1,,269394.09,4.0,6.0,510121.84
41,1714.96,22.0,Bachelor,Gwangju,Service,556.0,,Full-time,,4.0,26.0,370404.75
62,3712.26,41.0,Bachelor,Busan,Office,635.2,10701.47,Full-time,333983.17,3.0,16.0,549889.97
34,2794.32,14.0,Bachelor,Gwangju,,675.9,21867.72,Full-time,215682.86,5.0,2.0,455584.09
41,3224.53,23.0,High School,Daegu,Service,647.9,45046.81,Full-time,92007.99,6.0,29.0,354544.16
56,5115.56,37.0,High School,Gwangju,Service,767.5,32311.7,Self-employed,270643.83,1.0,13.0,472982.41
61,4124.31,35.0,Master,Incheon,Manager,673.9,5000.0,Self-employed,197462.61,1.0,23.0,455038.48
31,2955.74,13.0,Bachelor,Busan,Manager,617.9,,Full-time,376090.7,3.0,0.0,543211.81
61,5082.75,35.0,Bachelor,Gwangju,Engineer,720.1,30016.72,Full-time,355700.79,4.0,28.0,581184.5
57,5200.31,33.0,Bachelor,,Office,613.7,37006.81,Part-time,295483.49,3.0,25.0,563435.97
37,3694.41,18.0,Master,Daegu,Service,549.5,23501.78,Full-time,50000.0,3.0,11.0,248304.37
64,4406.87,45.0,Bachelor,,Teacher,720.8,26559.42,Full-time,,4.0,2.0,478054.46
54,4980.75,32.0,Bachelor,Gwangju,Engineer,674.2,40392.93,Part-time,327885.48,2.0,18.0,507279.31
49,4839.15,27.0,Bachelor,Daegu,Engineer,692.5,25080.98,Part-time,291455.53,6.0,11.0,545227.92
43,4260.92,22.0,Bachelor,Incheon,Service,790.1,19255.62,Self-employed,141600.06,5.0,23.0,439081.13
61,6348.88,34.0,Master,Busan,Engineer,700.1,38028.88,Full-time,,2.0,13.0,449954.93
49,5074.02,22.0,Bachelor,Gwangju,Service,725.5,38253.08,Self-employed,270515.1,2.0,0.0,496348.73
33,3523.98,13.0,Master,Daegu,Engineer,681.4,5000.0,Full-time,84521.57,5.0,25.0,394003.68
25,3533.0,4.0,Master,Busan,Office,744.8,31107.24,Full-time,91879.98,2.0,4.0,296181.8
22,3362.87,0.0,PhD,Incheon,Engineer,509.4,15911.49,Part-time,427134.96,4.0,6.0,581010.64
35,5148.18,14.0,Bachelor,Gwangju,Engineer,,32798.94,Full-time,193840.36,2.0,19.0,351357.83
26,3265.88,7.0,High School,Busan,,649.1,39431.03,Full-time,57668.66,2.0,30.0,265560.2
33,3562.65,11.0,Bachelor,Incheon,Office,641.6,35430.94,Part-time,161127.45,6.0,25.0,454076.94
28,5787.03,6.0,High School,Incheon,Office,616.7,36615.34,Part-time,,2.0,18.0,398421.38
34,4487.45,12.0,Master,Daegu,Office,,20075.7,Full-time,287595.96,4.0,25.0,503594.34
40,5997.8,13.0,Master,Incheon,Engineer,669.1,22509.09,Full-time,164011.45,3.0,5.0,380446.69
54,5397.09,36.0,Master,Incheon,Manager,673.4,,Part-time,118265.26,1.0,20.0,419438.94
21,2434.99,0.0,Bachelor,Seoul,Engineer,696.0,28851.22,Part-time,294043.42,5.0,17.0,545966.89
46,4046.8,27.0,High School,Incheon,Service,719.8,9478.78,Self-employed,139698.18,5.0,5.0,489832.09
21,5684.92,0.0,Bachelor,Gwangju,Teacher,617.9,38697.0,Full-time,198491.28,4.0,10.0,424278.07
54,2366.74,33.0,Master,Busan,Office,638.2,10439.12,Full-time,277071.42,1.0,28.0,534465.41
37,4829.57,15.0,Bachelor,Gwangju,Service,753.8,31897.16,Full-time,,2.0,28.0,400392.36
33,4141.15,11.0,High School,Gwangju,,,30487.22,,390541.49,6.0,28.0,532735.07
39,1567.82,17.0,Bachelor,Daegu,Manager,615.4,42178.93,Full-time,147562.54,5.0,2.0,384264.84
37,4379.49,,PhD,Seoul,Office,618.2,25170.71,Full-time,188722.39,2.0,,407200.41
29,2943.8,7.0,Master,Seoul,Engineer,664.0,5000.0,Full-time,186395.12,6.0,2.0,419828.85
44,2448.52,24.0,Master,Gwangju,Office,759.9,29719.53,,165877.11,4.0,24.0,462389.69
21,4213.71,0.0,Master,Busan,Teacher,721.9,31991.23,Full-time,312210.36,6.0,5.0,519138.02
44,1303.72,25.0,Bachelor,Seoul,Office,610.2,40883.49,Full-time,190384.22,4.0,23.0,407352.89
52,3188.56,31.0,High School,Seoul,Service,825.1,21665.14,Full-time,462666.44,6.0,8.0,725582.86
55,8026.76,29.0,Bachelor,Gwangju,Service,624.3,36438.34,Full-time,228623.58,4.0,30.0,566600.05
50,5175.33,25.0,Bachelor,Seoul,Engineer,550.3,38764.4,Full-time,238645.11,3.0,7.0,537754.97
33,2877.86,13.0,Master,Daegu,Engineer,825.9,19214.13,Full-time,86880.6,4.0,26.0,364794.12
20,6306.25,2.0,Bachelor,Gwangju,Engineer,613.1,,Full-time,,2.0,29.0,360693.79
65,2711.93,47.0,,Seoul,Teacher,671.1,10336.34,Full-time,278149.9,3.0,1.0,538488.26
35,3369.46,12.0,Bachelor,Seoul,Office,669.3,34769.24,Self-employed,,2.0,18.0,435061.42
65,2476.72,45.0,High School,Seoul,Manager,726.5,30668.64,Full-time,129764.27,6.0,23.0,533422.41
22,4584.12,1.0,Bachelor,Gwangju,Office,,13135.65,Part-time,180818.85,4.0,15.0,417295.85
54,6252.94,36.0,,Busan,Engineer,655.9,23236.79,Full-time,50000.0,3.0,4.0,325102.63
60,2701.49,35.0,Bachelor,,Teacher,650.7,41019.27,Full-time,152780.59,6.0,9.0,477792.47
25,1109.34,7.0,Bachelor,Seoul,Office,793.1,30398.18,Self-employed,366875.16,1.0,19.0,527473.46
44,5836.45,22.0,Bachelor,Incheon,Service,636.5,19806.45,Full-time,239828.21,4.0,21.0,478984.07
32,6530.7,9.0,Bachelor,Incheon,Office,654.3,18786.59,Full-time,315402.92,3.0,11.0,505370.93
53,1207.38,34.0,Bachelor,Seoul,Service,740.8,40037.98,Full-time,76839.83,6.0,11.0,409364.61
27,4890.08,3.0,Master,Seoul,Office,720.9,22107.53,Self-employed,228145.13,3.0,28.0,463474.96
40,4539.76,16.0,High School,Incheon,Office,622.1,30647.38,Self-employed,210051.24,,30.0,440115.82
53,3018.79,35.0,High School,Busan,,714.3,23044.31,Self-employed,167115.17,5.0,5.0,494712.5
23,2108.47,2.0,,Incheon,Engineer,621.0,5000.0,Full-time,200395.96,3.0,13.0,376615.48
44,5687.63,23.0,High School,Busan,Service,744.3,20161.16,Full-time,175193.1,,6.0,422691.71
34,4468.61,,Bachelor,Daegu,Teacher,667.2,41655.58,,120897.25,4.0,20.0,363333.19
23,4581.64,5.0,PhD,Busan,Manager,579.5,53727.37,Full-time,231434.99,4.0,0.0,472257.15
64,3267.35,46.0,Master,Gwangju,Service,508.5,18719.55,Full-time,294297.97,4.0,13.0,527010.83
31,2997.14,,Bachelor,Seoul,Engineer,649.9,31999.91,Part-time,153545.21,3.0,14.0,420532.48
51,1000.0,25.0,Bachelor,Daegu,Service,617.3,55944.96,Full-time,157456.02,,12.0,376321.84
51,3857.96,33.0,High School,Incheon,Teacher,660.8,42411.44,Full-time,288518.62,1.0,30.0,518032.7
47,6358.24,28.0,Bachelor,Busan,Service,676.1,13452.81,Full-time,224148.32,5.0,23.0,559131.03
32,2864.62,9.0,,Daegu,Engineer,526.9,,Full-time,190353.79,1.0,29.0,359237.75
50,1916.38,27.0,PhD,Gwangju,Engineer,621.6,31092.19,Part-time,228378.38,5.0,0.0,462723.49
33,4853.5,14.0,Bachelor,Busan,Manager,669.7,43272.55,Full-time,395235.39,4.0,19.0,565454.56
39,5130.12,13.0,Bachelor,Incheon,,688.0,13561.02,Full-time,317725.95,6.0,,607095.24
37,3321.14,16.0,Master,Incheon,Manager,743.9,37290.6,Full-time,366527.49,2.0,18.0,526091.79
48,3676.85,24.0,Master,Busan,Office,,36442.8,Full-time,282540.79,5.0,5.0,578652.18
25,4595.85,2.0,PhD,Gwangju,Engineer,660.9,24352.22,Full-time,155187.4,1.0,23.0,264252.21
51,3966.68,31.0,Bachelor,Seoul,Manager,668.2,53729.77,Full-time,182432.34,1.0,4.0,449619.28
48,5700.19,23.0,Bachelor,Seoul,Engineer,,17063.43,Full-time,155723.15,6.0,21.0,477990.68
62,7855.86,38.0,,Incheon,,732.5,32369.16,Full-time,272931.01,2.0,27.0,483164.79
21,1636.25,0.0,Bachelor,Gwangju,,649.2,30392.83,,194174.29,5.0,21.0,359627.5
42,6044.63,22.0,High School,Incheon,Engineer,602.7,32512.08,Full-time,,5.0,27.0,429251.44
38,4357.89,20.0,Master,,Manager,547.0,41865.74,Full-time,210333.11,1.0,16.0,484542.72
50,6282.3,31.0,Bachelor,Incheon,Teacher,604.2,11887.94,Full-time,,5.0,30.0,323053.32
24,5286.53,6.0,Master,Busan,Service,658.7,29902.28,Full-time,305744.02,2.0,14.0,452335.16
38,4291.73,16.0,PhD,Busan,Manager,758.4,51634.38,Full-time,137856.54,,6.0,408843.24
53,5340.03,26.0,Master,Gwangju,Office,683.6,37578.87,Self-employed,297561.13,5.0,16.0,510155.47
29,3608.77,10.0,High School,Seoul,Service,689.2,20069.53,Full-time,259605.79,2.0,11.0,449863.37
44,3038.55,24.0,Master,Gwangju,Engineer,680.3,18399.84,Full-time,268961.44,4.0,29.0,483169.15
21,5416.29,0.0,Master,,,782.4,34213.3,Full-time,122629.7,5.0,30.0,344491.85
30,2933.51,3.0,,Seoul,Service,720.6,22128.24,Part-time,,6.0,6.0,507481.79
50,5163.56,28.0,Bachelor,Daegu,Manager,678.8,26286.2,,175904.89,1.0,28.0,434166.23
34,4246.12,13.0,High School,Daegu,Engineer,632.1,19078.49,Full-time,71068.97,3.0,12.0,291250.3
28,1000.0,6.0,Master,,Manager,579.2,52887.48,Full-time,342065.02,1.0,7.0,428217.6
42,,15.0,Bachelor,Daegu,Office,812.2,32157.45,Self-employed,,6.0,3.0,470236.31
38,4702.26,15.0,Bachelor,Busan,Service,744.3,28633.24,,181702.26,1.0,7.0,367925.03
28,3591.0,4.0,Bachelor,Gwangju,Service,,8411.13,Full-time,336788.13,4.0,21.0,534476.25
54,1000.0,28.0,Bachelor,Incheon,Service,823.5,18093.82,Full-time,302198.44,4.0,15.0,537822.34
40,6181.13,22.0,Master,Gwangju,Manager,679.4,27268.65,Self-employed,500808.04,1.0,15.0,636498.34
28,4454.06,7.0,Bachelor,Seoul,Engineer,614.7,27283.0,Full-time,139112.33,5.0,21.0,425875.9
47,4865.61,21.0,Master,Daegu,Manager,777.7,47930.7,Full-time,171588.5,1.0,10.0,374282.29
65,3490.09,43.0,High School,Seoul,Manager,577.5,29485.33,Full-time,384887.84,6.0,26.0,648253.86
26,4997.23,1.0,Bachelor,Incheon,Service,647.9,40459.58,Self-employed,147225.85,5.0,8.0,373856.38
35,6952.23,17.0,Bachelor,Busan,Engineer,583.9,30151.6,Full-time,157876.8,2.0,21.0,369982.02
35,3097.39,14.0,Master,Daegu,Teacher,616.1,38332.08,Full-time,213097.42,2.0,27.0,334364.17
52,6700.52,26.0,Bachelor,Seoul,Engineer,696.0,7984.34,Full-time,360117.04,4.0,10.0,592018.16
23,4797.85,5.0,Bachelor,Daegu,Manager,,12922.02,Self-employed,174919.16,3.0,4.0,348222.8
23,2895.85,5.0,,Gwangju,Office,591.8,,Full-time,413599.37,3.0,9.0,537660.91
58,7518.59,37.0,Master,Busan,Engineer,824.7,45958.49,Full-time,218872.59,6.0,25.0,619402.57
59,4787.46,39.0,Bachelor,Daegu,,512.9,7522.5,Full-time,334018.42,4.0,,563148.35
36,5214.72,12.0,Bachelor,Busan,Office,690.4,28146.37,Full-time,191018.39,2.0,15.0,399023.71
56,,36.0,Bachelor,Gwangju,Teacher,692.4,,Part-time,137121.91,4.0,11.0,423551.96
58,3005.51,40.0,Bachelor,Gwangju,Teacher,701.1,20029.97,Full-time,268747.05,2.0,7.0,477781.74
48,4451.72,21.0,High School,Seoul,Office,,5189.87,Full-time,96468.42,5.0,24.0,427516.1
55,6572.2,36.0,Master,Incheon,Teacher,436.0,26578.72,Full-time,80443.12,6.0,,442435.02
57,3735.51,30.0,Master,Seoul,Office,618.1,25786.15,Full-time,280077.28,2.0,28.0,548021.72
58,4159.87,37.0,Bachelor,Busan,Manager,692.1,25640.72,,171331.37,2.0,12.0,344336.42
56,6384.49,38.0,Bachelor,Seoul,Office,816.2,24488.14,Full-time,102869.03,2.0,12.0,461877.43
54,3749.51,36.0,Master,Daegu,Manager,633.5,,Full-time,169000.05,3.0,15.0,404401.75
26,4965.41,1.0,Bachelor,Seoul,Service,664.6,48573.53,Part-time,267746.55,2.0,25.0,470898.95
46,5516.03,22.0,Master,Incheon,Service,738.0,13494.8,Part-time,140046.87,1.0,10.0,390195.12
47,,22.0,High School,Incheon,Teacher,583.2,17913.9,Full-time,50000.0,5.0,23.0,350800.78
41,4664.76,20.0,Bachelor,Busan,Office,681.8,29552.74,Full-time,206362.1,3.0,7.0,456308.18
33,5191.65,10.0,Master,Gwangju,Manager,671.6,24783.63,Part-time,250480.53,1.0,22.0,409391.54
26,3598.63,6.0,Bachelor,Incheon,Service,631.3,24200.55,Full-time,288977.73,3.0,12.0,466359.68
56,5423.65,31.0,Bachelor,Busan,Service,720.2,12250.83,Full-time,306901.98,3.0,0.0,542097.03
41,3379.52,20.0,Master,Incheon,Service,850.0,22531.23,Full-time,206503.6,,19.0,391221.11
24,3187.37,4.0,Master,Incheon,Teacher,693.9,22651.38,Full-time,381528.74,4.0,19.0,556652.82
21,,0.0,Master,Gwangju,Service,501.2,30625.71,Full-time,,,,330164.38
46,3444.81,23.0,Bachelor,Daegu,Engineer,610.3,17110.46,Full-time,200743.34,6.0,18.0,469695.65
40,2976.75,16.0,Bachelor,Busan,Teacher,798.3,38708.34,Full-time,195387.39,6.0,3.0,506643.61
57,3598.69,33.0,Master,Incheon,Office,660.8,12823.57,Full-time,232117.21,4.0,27.0,455276.11
34,5117.99,13.0,PhD,Incheon,Engineer,586.2,46650.19,Full-time,263232.36,2.0,1.0,438264.54
40,1611.49,15.0,Master,Seoul,Teacher,,18187.29,Full-time,338648.38,1.0,,561568.36
29,1237.99,5.0,Master,Daegu,Teacher,628.9,45307.37,Part-time,174006.27,2.0,18.0,395562.35
42,,23.0,High School,Gwangju,Manager,682.8,19001.07,Part-time,151783.54,6.0,9.0,431375.09
58,4891.85,33.0,Master,Busan,Engineer,589.5,,Full-time,231988.48,4.0,16.0,495971.96
24,4633.3,0.0,Master,Incheon,Engineer,646.6,23621.81,Full-time,182772.14,1.0,22.0,343335.52
20,3052.41,0.0,Master,Busan,Engineer,677.6,28967.06,Part-time,124743.02,1.0,19.0,293398.16
32,,11.0,Bachelor,Gwangju,Service,671.9,35222.03,Self-employed,322349.13,1.0,7.0,502610.84
40,3212.39,19.0,,Daegu,Service,710.0,23997.25,Self-employed,319662.22,2.0,8.0,478922.51
45,4893.68,24.0,High School,Seoul,Office,696.1,5160.04,Full-time,95142.8,3.0,17.0,348157.8
64,3655.82,41.0,Bachelor,Daegu,Office,598.5,20368.25,Full-time,208412.48,3.0,1.0,459611.0
40,2896.84,19.0,Master,Seoul,Office,814.9,21933.76,Self-employed,269046.65,6.0,17.0,560383.09
37,3292.4,13.0,,Busan,Service,667.5,48742.33,Full-time,383364.69,3.0,7.0,507482.34
56,5301.0,32.0,Bachelor,Daegu,Manager,572.0,27433.45,Full-time,214718.95,1.0,1.0,365393.16
64,4741.54,42.0,Master,Daegu,Office,502.2,30047.31,Full-time,293365.46,4.0,21.0,524545.78
51,5652.15,29.0,Bachelor,Daegu,Teacher,686.0,26612.58,Full-time,188637.83,2.0,15.0,433798.4
55,4741.48,28.0,High School,Gwangju,Service,605.9,30615.07,Full-time,258579.24,,4.0,472938.59
36,1783.25,11.0,High School,Busan,Manager,725.8,13146.67,Full-time,296630.66,4.0,9.0,536888.38
54,7371.62,30.0,Master,Seoul,Teacher,683.9,19755.4,Self-employed,249654.55,3.0,8.0,509672.45
30,,6.0,,Daegu,Teacher,850.0,35950.38,Full-time,222264.54,6.0,1.0,460768.16
40,4972.01,17.0,High School,Busan,Service,579.1,,Full-time,302249.01,5.0,15.0,550683.79
45,3634.74,21.0,Master,Gwangju,Engineer,764.6,26784.39,Full-time,336218.61,4.0,15.0,570518.44
23,5869.77,0.0,Bachelor,Gwangju,Manager,592.8,27757.69,Full-time,232810.37,,16.0,375862.84
53,2560.34,26.0,,Busan,Service,746.5,36257.1,Self-employed,307781.74,1.0,1.0,464370.86
37,5114.74,18.0,Master,Seoul,Engineer,793.8,20310.03,Full-time,172302.04,4.0,25.0,488153.84
59,1080.55,32.0,Master,Busan,Service,652.4,29199.09,Full-time,186148.31,3.0,4.0,458482.52
54,5215.81,35.0,Bachelor,Busan,Service,621.7,5000.0,Full-time,353301.68,2.0,30.0,550341.88
60,2580.67,33.0,Bachelor,Incheon,Teacher,667.5,8657.92,Full-time,50000.0,5.0,7.0,399180.51
48,4615.49,24.0,,Gwangju,,,25016.0,Full-time,199740.04,5.0,23.0,455248.96
48,6236.01,21.0,Bachelor,Seoul,Engineer,808.8,14737.02,Full-time,238414.99,5.0,1.0,530447.7
57,5434.08,,High School,Incheon,Teacher,664.2,39799.23,Full-time,121122.02,3.0,11.0,440047.67
61,6036.57,37.0,Bachelor,Busan,Engineer,715.2,15182.72,Full-time,311486.18,3.0,12.0,557059.81
40,5881.27,18.0,High School,Gwangju,Engineer,717.5,26466.63,Full-time,215915.18,1.0,15.0,346999.25
61,3413.58,43.0,PhD,Incheon,Teacher,751.4,37629.14,Full-time,280630.21,5.0,4.0,569273.92
32,5097.5,13.0,Master,Incheon,Engineer,643.8,33919.27,Full-time,348306.34,2.0,11.0,439861.72
60,1612.62,34.0,High School,Seoul,Office,741.4,21463.19,Full-time,324620.99,6.0,14.0,727935.14
36,3169.6,11.0,Bachelor,Busan,Service,784.1,23321.31,Full-time,190464.15,5.0,29.0,492459.36
28,,3.0,PhD,Seoul,Teacher,667.5,33696.24,Self-employed,123324.43,4.0,30.0,346461.12
60,3622.44,33.0,Bachelor,Incheon,Teacher,,37682.62,Full-time,185669.88,4.0,28.0,440124.28
20,1398.0,2.0,Master,Incheon,Office,789.5,45963.22,Full-time,233319.24,2.0,1.0,414993.18
21,7220.55,0.0,Bachelor,Seoul,Office,693.9,37662.42,Full-time,68839.84,3.0,11.0,390983.71
48,5043.38,22.0,Master,Incheon,Office,680.3,,Full-time,354950.71,6.0,22.0,644818.29
52,5346.72,27.0,Master,Daegu,Office,734.1,32111.29,Full-time,230313.92,5.0,9.0,504693.62
29,2729.3,9.0,High School,Gwangju,Manager,794.3,29450.31,Full-time,200130.01,6.0,7.0,431268.49
59,4626.08,38.0,Bachelor,Busan,Teacher,662.2,23549.08,Full-time,55743.11,4.0,20.0,396746.2
40,4586.36,20.0,Bachelor,Gwangju,Engineer,780.5,33981.45,Part-time,221114.26,2.0,10.0,442750.78
47,2967.77,,Master,Busan,Teacher,685.8,25162.58,Full-time,228143.92,1.0,11.0,420240.25
30,3945.27,4.0,High School,Incheon,Teacher,729.9,36357.8,Full-time,148693.9,4.0,16.0,386846.28
53,1949.3,28.0,Bachelor,Seoul,Teacher,631.4,36668.27,Full-time,245299.37,4.0,28.0,497446.27
27,3679.94,0.0,Bachelor,Seoul,,659.7,33642.72,Part-time,,5.0,6.0,499360.72
41,5660.77,20.0,Master,Incheon,Office,766.8,20532.73,Full-time,83556.38,3.0,,311778.98
27,3079.73,8.0,,Busan,Manager,522.9,26940.58,Full-time,278095.73,4.0,18.0,467111.04
34,7060.95,9.0,Bachelor,Incheon,Teacher,736.0,,Full-time,430013.0,4.0,28.0,628526.81
36,2045.86,11.0,High School,Busan,Service,710.4,7517.06,Full-time,372173.78,5.0,1.0,499905.57
42,3809.74,19.0,High School,Incheon,Manager,812.9,30280.93,Part-time,261791.7,3.0,29.0,485499.75
43,3215.36,18.0,Bachelor,Incheon,Office,760.5,37084.67,Part-time,243562.16,6.0,5.0,491938.84
64,3929.73,38.0,Bachelor,Incheon,Teacher,694.1,33215.47,Self-employed,91875.43,1.0,1.0,327313.32
38,6257.21,20.0,Bachelor,Seoul,Office,578.3,52832.34,Full-time,241386.04,6.0,13.0,516300.29
24,2723.32,,PhD,Busan,Engineer,633.6,8657.68,Full-time,195046.12,1.0,,377505.23
51,3523.09,32.0,Bachelor,Incheon,Office,661.8,13796.24,Full-time,50000.0,1.0,7.0,310864.0
63,5181.76,45.0,Master,Gwangju,Office,799.4,30187.84,Full-time,187987.03,1.0,15.0,470900.61
20,4339.74,0.0,High School,Gwangju,Manager,,39183.54,Full-time,171161.21,3.0,,316277.75
42,4462.76,17.0,High School,Seoul,Engineer,616.4,28688.37,Self-employed,88662.24,1.0,17.0,306502.16
56,2752.09,35.0,Bachelor,Daegu,Service,712.2,43815.94,Full-time,211374.16,5.0,23.0,469871.52
27,4092.62,2.0,Master,Seoul,Service,643.3,21073.07,Full-time,94383.21,5.0,28.0,378439.79
32,5897.37,8.0,Bachelor,Daegu,Service,628.3,,Full-time,254410.31,5.0,12.0,481905.98
27,1785.72,8.0,Master,Seoul,Teacher,730.3,37152.22,Self-employed,,1.0,5.0,452232.9
42,3154.04,20.0,Bachelor,Gwangju,Service,668.4,23755.09,Full-time,50000.0,5.0,,304219.75
62,1476.69,35.0,Bachelor,Incheon,Teacher,586.9,39242.61,Self-employed,184985.64,5.0,3.0,499452.0
20,5005.46,0.0,Master,Busan,Office,746.2,36337.11,Full-time,180180.78,2.0,,344377.7
64,6038.21,,Bachelor,Incheon,Service,692.2,23003.98,Full-time,,1.0,9.0,477323.05
43,3924.89,25.0,Bachelor,Gwangju,Manager,650.7,31594.69,Full-time,50000.0,5.0,,297116.3
54,2691.72,32.0,High School,Busan,Engineer,799.4,22263.83,Self-employed,252795.28,6.0,,548423.24
43,2735.63,16.0,,Daegu,Engineer,765.1,17292.92,Full-time,349099.32,3.0,11.0,534627.65
36,3754.41,11.0,Master,Daegu,Office,689.7,23304.21,Full-time,348894.31,5.0,27.0,541006.42
24,,0.0,High School,Gwangju,Engineer,543.0,25846.77,Full-time,297320.03,2.0,19.0,379274.45
39,5567.75,15.0,Bachelor,Busan,Engineer,768.8,29340.6,Full-time,50000.0,3.0,11.0,343570.36
40,3196.69,22.0,Master,Incheon,Office,641.3,26695.91,Full-time,166517.61,3.0,29.0,383008.44
59,4852.62,41.0,Master,,Office,667.4,6939.9,Full-time,262804.12,6.0,26.0,503489.22
50,3741.79,32.0,Bachelor,Daegu,Office,655.8,39890.24,Self-employed,259166.76,6.0,6.0,566335.73
65,3082.86,46.0,Master,Gwangju,Manager,576.4,7572.82,Part-time,318708.24,6.0,5.0,562684.96
55,3704.44,37.0,Bachelor,Incheon,Office,716.2,30266.02,Part-time,197689.27,4.0,4.0,523757.91
30,4704.81,9.0,High School,Seoul,Office,612.6,19108.3,Part-time,116296.27,2.0,18.0,341761.93
34,5572.4,7.0,High School,Seoul,Office,712.1,29752.6,Full-time,265077.78,2.0,,496109.43
38,3822.04,12.0,Bachelor,Incheon,Service,605.1,25310.23,Full-time,179500.49,5.0,0.0,405271.81
26,2394.09,5.0,Bachelor,Busan,Service,643.7,,Full-time,338552.0,2.0,23.0,500045.23
47,,26.0,Master,Gwangju,Manager,709.2,34245.43,Self-employed,,3.0,10.0,478573.88
62,2852.75,38.0,Bachelor,Incheon,Manager,689.9,40454.87,Full-time,188609.83,3.0,29.0,456523.67
24,4591.23,0.0,Bachelor,Seoul,Engineer,729.7,37277.71,Full-time,234311.27,5.0,22.0,410814.68
24,4162.75,0.0,High School,Daegu,Service,735.8,28496.63,Full-time,314879.68,3.0,30.0,402555.91
49,,31.0,Master,Incheon,Manager,786.6,39318.44,Full-time,265071.46,5.0,21.0,587737.58
51,3469.54,33.0,,Incheon,Manager,679.9,21894.2,Self-employed,,6.0,3.0,520016.37
27,5130.22,6.0,Bachelor,Incheon,Engineer,776.6,48170.87,Full-time,241418.09,4.0,20.0,406446.36
29,1000.0,8.0,Bachelor,Seoul,Office,,20867.4,Part-time,194078.34,2.0,13.0,370821.89
57,5904.71,39.0,High School,Seoul,Teacher,742.2,22362.71,Full-time,,2.0,20.0,560518.24
51,2831.24,28.0,Bachelor,Incheon,Engineer,769.9,6196.48,Self-employed,,2.0,17.0,418710.58
47,4811.94,20.0,High School,Incheon,Teacher,,19987.04,Self-employed,131858.09,4.0,5.0,457569.94
36,4732.54,17.0,Bachelor,Busan,Engineer,563.3,24795.34,Full-time,256364.6,2.0,26.0,417655.21
50,6112.47,28.0,Master,Daegu,Engineer,428.4,24732.24,Full-time,266848.32,6.0,4.0,498230.85
27,,2.0,Bachelor,Gwangju,Office,724.4,48194.82,Self-employed,305597.32,4.0,16.0,452884.95
59,2956.34,39.0,Bachelor,Gwangju,Manager,680.2,35019.95,Full-time,,4.0,24.0,317391.15
44,,18.0,Bachelor,Gwangju,Service,702.4,39268.11,Full-time,242741.07,5.0,6.0,459039.7
28,3676.8,4.0,Bachelor,Seoul,Engineer,687.3,28001.44,Full-time,,6.0,29.0,464528.01
21,1262.74,0.0,Bachelor,Seoul,Office,652.9,19586.98,Full-time,268611.1,1.0,10.0,426652.41
34,3257.27,16.0,High School,Busan,Teacher,725.8,54146.74,Full-time,115239.38,1.0,13.0,295545.06
22,3761.05,0.0,Master,Seoul,Manager,707.1,26788.92,Full-time,330162.87,5.0,29.0,493366.06
55,3165.13,35.0,Bachelor,Incheon,Engineer,671.6,35733.7,Part-time,128731.72,5.0,,509227.29
23,4262.66,2.0,High School,Daegu,Teacher,682.3,16629.59,Part-time,177065.2,5.0,21.0,395991.56
33,3845.84,12.0,High School,Daegu,Engineer,729.4,13952.63,Self-employed,450534.67,2.0,29.0,563574.69
60,3708.47,36.0,PhD,Daegu,Service,632.5,45949.86,Full-time,227915.21,3.0,30.0,494570.39
60,1000.0,33.0,Bachelor,Daegu,Service,591.1,33190.04,Full-time,312716.67,5.0,16.0,498108.54
44,2257.94,19.0,Master,Gwangju,Manager,589.8,25330.56,Full-time,241063.11,4.0,1.0,400985.18
29,5163.99,2.0,Bachelor,Gwangju,Teacher,639.3,25736.41,Self-employed,,1.0,30.0,457057.88
40,5406.38,18.0,Bachelor,Incheon,Service,798.8,15578.7,Full-time,288371.55,2.0,14.0,566734.68
55,1441.83,28.0,Master,Busan,Office,690.6,21267.28,Full-time,152132.81,6.0,6.0,403402.11
31,2977.92,7.0,High School,Seoul,Manager,625.7,33108.6,Full-time,68929.34,3.0,2.0,318778.71
46,5807.95,26.0,Bachelor,Seoul,Engineer,,28547.8,Self-employed,111511.47,1.0,22.0,392031.39
59,3122.94,39.0,Bachelor,Gwangju,Teacher,596.5,37033.75,Self-employed,177062.86,1.0,5.0,402970.03
21,4032.76,1.0,Master,Daegu,Teacher,665.1,5000.0,Part-time,268004.2,1.0,20.0,368673.77
32,6362.71,11.0,Bachelor,Incheon,Office,647.2,30091.6,Full-time,305124.74,4.0,25.0,490618.62
51,3657.63,28.0,Bachelor,Busan,Service,574.1,37358.0,Full-time,216021.26,4.0,29.0,388508.55
50,3442.92,28.0,Bachelor,Gwangju,Teacher,,5000.0,Full-time,234106.45,4.0,8.0,552039.31
35,3964.44,10.0,Bachelor,Incheon,Office,649.9,15591.92,Full-time,50000.0,3.0,9.0,355408.34
51,6980.12,29.0,High School,Incheon,Office,676.9,10647.46,Full-time,195863.22,1.0,20.0,409561.12
51,4869.3,29.0,Bachelor,Gwangju,Engineer,735.7,43558.34,Full-time,,5.0,29.0,488930.58
53,4228.62,26.0,Bachelor,Incheon,Office,708.1,28865.13,Full-time,258152.72,3.0,,477414.5
30,3413.46,11.0,,Daegu,Manager,686.2,29693.63,Part-time,192286.28,4.0,7.0,387130.94
29,5008.23,7.0,,Incheon,Teacher,661.0,41613.61,Self-employed,,4.0,6.0,407561.24
34,5189.55,10.0,Bachelor,,Manager,738.3,26670.33,Full-time,380505.49,4.0,0.0,529132.65
36,2590.23,17.0,Master,Incheon,Office,679.4,20201.75,Self-employed,102839.99,6.0,9.0,402226.79
59,,36.0,PhD,Seoul,Office,691.5,30054.47,Full-time,336153.11,2.0,17.0,588177.19
37,3973.27,13.0,Master,Incheon,Manager,769.0,33162.7,Full-time,273002.24,6.0,15.0,483875.49
28,4237.2,6.0,Bachelor,Gwangju,Engineer,773.6,14429.88,Full-time,209281.6,1.0,3.0,339721.95
44,2873.57,18.0,Master,Seoul,Office,701.5,,Self-employed,407207.33,5.0,8.0,592105.06
59,3600.03,38.0,Master,Gwangju,Manager,688.4,5281.08,Full-time,214520.0,1.0,22.0,389183.47
33,2654.79,6.0,Bachelor,Busan,Manager,732.5,31917.46,Self-employed,147162.86,3.0,17.0,348196.78
44,2582.67,26.0,Bachelor,Daegu,Teacher,659.9,48084.47,Full-time,238192.74,2.0,,416310.8
41,4765.64,16.0,High School,Busan,Engineer,660.1,29452.45,Self-employed,294438.62,3.0,11.0,485701.29
49,3667.33,24.0,Master,Seoul,Service,675.0,5000.0,Full-time,,4.0,7.0,605437.43
39,2250.54,15.0,Bachelor,Daegu,Manager,598.5,45839.19,Part-time,174081.85,4.0,0.0,387476.35
40,7465.58,15.0,,Incheon,Teacher,850.0,22225.43,Self-employed,276536.04,5.0,7.0,571190.97
63,2513.02,44.0,Bachelor,Seoul,Service,648.0,37370.55,Self-employed,73967.2,1.0,4.0,372779.65
51,5838.15,31.0,Master,Daegu,Teacher,717.4,33027.1,Part-time,335705.26,3.0,0.0,496869.98
65,1985.3,39.0,Bachelor,Gwangju,Teacher,678.6,27805.36,Full-time,288009.38,6.0,2.0,559965.9
40,4884.75,22.0,Master,Daegu,Engineer,735.0,5000.0,Full-time,50000.0,4.0,26.0,328830.49
54,3824.16,29.0,Master,Gwangju,Office,,32883.45,Part-time,157806.79,5.0,12.0,458164.9
51,,26.0,Bachelor,Gwangju,Engineer,697.3,36857.21,Full-time,325934.01,,28.0,515983.32
49,,25.0,Bachelor,Daegu,Service,612.0,8788.23,Part-time,200431.76,3.0,28.0,393565.0
58,4293.39,36.0,Bachelor,Busan,Engineer,777.1,48095.0,Full-time,216987.21,1.0,15.0,414824.39
31,2981.3,10.0,Master,Busan,Office,732.9,23365.9,Full-time,339511.82,2.0,22.0,470306.77
60,2913.39,33.0,Master,Gwangju,Engineer,566.7,49796.83,Full-time,169586.72,5.0,11.0,425200.42
37,1839.13,10.0,Master,Seoul,,,36004.27,Full-time,50000.0,3.0,6.0,270752.16
40,4658.35,13.0,Bachelor,Daegu,Engineer,568.8,28284.07,Full-time,337489.02,4.0,7.0,532419.48
32,2319.29,5.0,Bachelor,Seoul,Manager,616.0,29257.1,Full-time,182842.31,2.0,10.0,343356.22
40,4205.96,17.0,High School,Busan,Manager,,39817.99,Full-time,217747.36,2.0,12.0,450556.21
27,5088.72,9.0,Bachelor,Seoul,Engineer,481.1,46335.83,Part-time,203463.73,1.0,10.0,366215.44
65,4512.08,43.0,Master,Incheon,Office,763.6,16337.61,Full-time,178769.96,3.0,3.0,468701.25
59,3115.3,,Bachelor,Incheon,Office,710.3,,Self-employed,146633.3,,,430686.8
65,5563.22,44.0,High School,,Office,673.6,,Full-time,204700.58,5.0,30.0,549691.85
26,3588.04,2.0,High School,Seoul,Office,750.2,17414.03,Full-time,138731.65,5.0,27.0,431109.15
42,2198.76,16.0,Bachelor,Daegu,Teacher,850.0,28265.71,Full-time,336535.94,6.0,22.0,506849.77
63,3774.41,38.0,High School,Busan,Engineer,573.7,19752.54,Full-time,323339.93,3.0,23.0,589452.07
51,5080.2,26.0,Bachelor,Incheon,Engineer,815.5,36870.57,Full-time,267022.81,4.0,29.0,592964.09
30,3188.38,8.0,Master,Busan,Teacher,757.3,5000.0,Full-time,264295.93,6.0,18.0,500280.04
41,5517.27,18.0,Bachelor,Seoul,Office,623.6,36815.97,Part-time,75545.9,6.0,20.0,381792.11
41,3044.51,22.0,Bachelor,Seoul,Service,722.0,41924.29,Part-time,316138.9,5.0,7.0,543805.52
62,3248.68,42.0,Bachelor,Seoul,Service,591.0,35889.62,Full-time,181822.58,5.0,5.0,504197.31
44,2630.88,22.0,Master,Gwangju,Teacher,640.6,18022.67,Full-time,334770.71,4.0,,487064.6
41,5225.56,22.0,High School,Seoul,Service,511.6,5000.0,Full-time,364280.12,6.0,17.0,618157.08
47,4120.14,27.0,Master,Incheon,Manager,572.1,19870.22,Part-time,199457.11,2.0,2.0,403517.04
48,2730.36,27.0,Bachelor,Incheon,Engineer,710.5,35821.34,Full-time,,3.0,29.0,291791.74
32,3605.68,9.0,Bachelor,Gwangju,Service,717.6,27705.25,Full-time,239665.71,2.0,11.0,379842.96
37,1000.0,15.0,High School,Incheon,Manager,716.7,38545.7,Full-time,121643.85,1.0,14.0,325043.08
21,5366.96,0.0,High School,Incheon,Engineer,,25345.26,Self-employed,169040.09,4.0,6.0,370162.07
48,3943.88,27.0,Master,Busan,Manager,689.5,,Full-time,202069.37,3.0,12.0,433862.69
40,1000.0,21.0,Bachelor,Seoul,Engineer,734.3,47202.25,Full-time,300542.43,4.0,29.0,576808.41
34,2014.98,12.0,Bachelor,Busan,Engineer,765.8,19714.3,Full-time,258236.4,4.0,9.0,446537.42
46,3567.61,24.0,,Busan,Service,699.7,,Full-time,350818.54,2.0,18.0,500026.32
50,2228.74,26.0,Master,Incheon,Teacher,645.2,37409.1,Full-time,,,8.0,389171.65
34,5390.02,16.0,Master,Daegu,Service,668.4,56456.66,Full-time,315792.76,1.0,24.0,496701.09
42,4827.86,21.0,Bachelor,Seoul,Office,613.1,47868.38,Self-employed,285867.41,3.0,27.0,536288.0
43,4739.3,21.0,Bachelor,Daegu,Manager,748.1,,Part-time,,4.0,11.0,474940.03
63,1000.0,38.0,Master,Incheon,Office,551.6,36516.95,Self-employed,314484.45,6.0,27.0,563868.1
32,3411.81,7.0,Master,Gwangju,Engineer,667.3,43142.56,Full-time,290474.8,1.0,10.0,395142.9
41,3153.58,23.0,Bachelor,Busan,Service,,,,82559.93,4.0,23.0,354677.69
62,2768.92,40.0,High School,Incheon,Office,598.4,49137.24,Full-time,170907.26,1.0,,496054.63
56,3577.24,,Master,Incheon,Office,568.2,27625.65,Full-time,302847.11,4.0,7.0,542232.4
52,2510.64,34.0,High School,Daegu,Office,497.6,36180.87,Self-employed,261117.26,2.0,8.0,501485.65
22,,4.0,High School,Gwangju,Engineer,,32337.77,Self-employed,308345.49,5.0,3.0,525228.58
38,5349.83,19.0,Master,Busan,Engineer,588.5,18915.81,Full-time,237351.83,1.0,19.0,326572.87
42,5220.58,23.0,,Gwangju,Engineer,750.1,23428.17,Part-time,174865.77,1.0,30.0,362908.26
48,3993.13,22.0,Master,Gwangju,Office,555.9,,Self-employed,,5.0,4.0,400216.54
49,7198.86,28.0,Bachelor,Gwangju,Manager,722.3,30631.36,Self-employed,80055.16,2.0,6.0,351003.57
58,5909.96,38.0,Master,,Service,575.8,9617.43,Full-time,264828.77,1.0,8.0,511097.71
63,4047.66,45.0,Bachelor,Gwangju,Service,559.0,16132.48,Full-time,97038.87,2.0,,299690.49
44,3476.59,25.0,Master,Incheon,Engineer,583.7,22679.5,Full-time,220050.27,6.0,22.0,443720.01
56,6207.04,,Bachelor,Seoul,Office,766.0,26107.2,Part-time,210230.77,4.0,11.0,533565.23
27,5711.37,1.0,High School,Seoul,Manager,583.8,45470.08,Part-time,314726.38,6.0,11.0,540543.3
61,2084.36,39.0,Bachelor,Gwangju,Teacher,771.4,39939.58,Full-time,414949.98,4.0,5.0,681459.56
35,5828.73,14.0,Master,Incheon,Engineer,696.2,26592.36,Full-time,187054.41,5.0,12.0,463862.94
27,3968.44,5.0,High School,Busan,Teacher,638.5,49772.86,Part-time,264622.92,3.0,8.0,466751.89
20,2908.63,0.0,Bachelor,Gwangju,Service,595.8,32027.31,Full-time,219845.6,2.0,24.0,374570.62
63,1231.19,39.0,Bachelor,Seoul,Service,832.4,36089.48,Full-time,143873.54,3.0,8.0,461235.8
24,3796.63,0.0,High School,Busan,Manager,632.9,5306.7,Full-time,320441.86,3.0,20.0,507823.58
22,4181.66,1.0,Bachelor,Busan,Manager,633.3,16699.01,Full-time,253990.68,2.0,2.0,389254.09
20,6580.99,0.0,PhD,Seoul,Teacher,796.1,40571.79,Full-time,270092.98,3.0,12.0,493077.56
23,5635.85,0.0,Bachelor,Busan,Service,810.3,35857.15,Full-time,296290.29,1.0,30.0,447956.01
59,3325.67,37.0,Bachelor,Incheon,Manager,668.8,49542.66,Self-employed,296904.62,4.0,5.0,533297.31
54,4784.01,,PhD,Incheon,Manager,774.7,48610.01,Full-time,206001.52,6.0,17.0,494723.17
51,5439.37,28.0,Master,Gwangju,Service,631.0,21631.58,Self-employed,,5.0,22.0,506326.12
61,4328.94,41.0,Master,Gwangju,Service,850.0,41813.4,Full-time,206191.74,2.0,13.0,432810.86
53,3319.27,31.0,High School,Busan,Office,575.1,16209.14,Part-time,117640.75,5.0,30.0,407216.01
62,3401.74,36.0,Bachelor,Seoul,Manager,606.9,8943.41,Full-time,262365.27,6.0,28.0,594494.96
44,4778.21,20.0,Bachelor,Incheon,Teacher,785.0,31828.91,Full-time,335208.01,4.0,22.0,531402.26
29,4819.47,8.0,Bachelor,Daegu,Engineer,656.9,37184.62,Full-time,163177.88,5.0,1.0,394766.86
40,3760.57,16.0,Master,Gwangju,Engineer,789.8,32016.86,Full-time,85604.35,2.0,30.0,304995.07
65,1000.0,43.0,Bachelor,Incheon,Service,642.7,,Full-time,230744.18,5.0,5.0,562234.23
58,2264.22,39.0,High School,Busan,Teacher,,21020.57,Full-time,131018.03,3.0,19.0,399624.48
46,5129.53,23.0,Master,Incheon,Office,624.6,40225.76,Full-time,171730.43,3.0,6.0,479453.97
46,1003.74,22.0,Bachelor,Incheon,Manager,673.9,21761.14,Full-time,228032.05,4.0,7.0,493969.71
21,5976.27,0.0,Master,Busan,Office,577.6,56665.9,Part-time,50000.0,3.0,9.0,259032.22
60,5754.24,37.0,Bachelor,Gwangju,Teacher,676.2,38272.62,Full-time,181150.51,5.0,12.0,462979.1
32,4261.64,7.0,High School,Gwangju,Office,609.8,46927.96,Full-time,,1.0,,364421.18
28,5096.9,,Bachelor,Daegu,Service,845.8,13066.54,Full-time,377191.09,5.0,0.0,556970.11
55,4993.16,36.0,Bachelor,,Engineer,654.3,22951.59,Self-employed,206709.94,1.0,4.0,417051.9
41,4024.69,18.0,Bachelor,,Service,584.2,26971.48,,401225.72,,24.0,567856.01
61,2139.17,35.0,Bachelor,Gwangju,,735.3,14059.96,,325020.19,1.0,29.0,483220.94
45,5650.91,22.0,Bachelor,Gwangju,Service,583.4,47375.56,Full-time,,1.0,1.0,380421.56
31,6310.85,10.0,Bachelor,Gwangju,Teacher,750.2,28680.93,Self-employed,250411.08,2.0,3.0,480290.34
36,2387.11,12.0,Bachelor,Incheon,Teacher,635.4,9885.01,Self-employed,247633.5,2.0,23.0,412474.37
33,2083.12,13.0,Bachelor,Daegu,,677.0,22039.84,Full-time,231508.48,6.0,,466595.1
33,3994.8,11.0,Bachelor,Busan,Manager,664.8,14520.37,Full-time,94143.61,5.0,4.0,381748.52
53,3260.66,35.0,Bachelor,Seoul,Engineer,659.7,36942.13,Part-time,,3.0,23.0,571127.45
39,4417.42,12.0,High School,Busan,Office,685.0,35284.17,Full-time,228109.82,2.0,14.0,398204.41
30,6011.99,10.0,High School,Seoul,Engineer,626.9,35771.22,Part-time,237851.65,1.0,9.0,353072.57
35,,10.0,Bachelor,Incheon,Service,592.6,39767.92,Full-time,368059.51,5.0,25.0,557342.32
50,6571.91,24.0,Bachelor,Daegu,Office,683.1,54366.5,Full-time,202366.52,3.0,16.0,450877.89
25,3590.0,0.0,Bachelor,Seoul,Manager,648.2,49774.41,Full-time,129466.19,5.0,13.0,373898.72
38,4967.67,11.0,PhD,Gwangju,Teacher,577.7,22625.25,Full-time,172342.0,1.0,6.0,349805.77
56,5128.09,37.0,Bachelor,Incheon,Service,729.1,53553.13,Full-time,291004.95,2.0,21.0,538808.79
23,5303.01,2.0,Bachelor,Seoul,Engineer,678.7,25596.56,Self-employed,244175.95,2.0,1.0,429193.01
23,4292.86,1.0,Master,Gwangju,Manager,593.1,29259.03,Full-time,223914.24,4.0,22.0,446184.94
39,4643.34,19.0,Master,Incheon,Office,661.0,28853.59,Full-time,103254.28,4.0,2.0,372552.83
29,4633.53,11.0,Master,Seoul,Office,,35976.39,Full-time,321820.44,6.0,3.0,644937.63
43,3254.58,20.0,High School,Gwangju,Teacher,597.5,5598.35,Full-time,168007.58,6.0,29.0,432138.96
54,1562.92,27.0,Bachelor,Daegu,Manager,850.0,28298.86,Full-time,250643.1,6.0,15.0,496083.86
45,2371.22,26.0,,Incheon,Manager,679.4,31544.29,Part-time,211467.87,5.0,15.0,422480.15
56,4043.64,30.0,Master,Seoul,Service,662.4,7782.37,Self-employed,84990.69,5.0,26.0,471128.59
57,3019.79,39.0,Bachelor,Gwangju,Service,850.0,7558.87,Full-time,251483.13,3.0,21.0,543922.59
40,3023.26,14.0,High School,Daegu,Office,716.5,18091.26,Full-time,118151.77,6.0,2.0,416358.52
59,6898.88,35.0,PhD,Gwangju,Engineer,776.7,19113.62,Full-time,248598.62,2.0,16.0,537105.48
58,5488.34,31.0,Bachelor,Daegu,Office,687.5,28514.71,Full-time,175467.25,6.0,25.0,540642.42
40,3821.89,21.0,,Seoul,Service,685.1,,Full-time,203683.44,2.0,16.0,371408.45
29,5208.05,6.0,Bachelor,Gwangju,Service,611.6,42088.19,Full-time,280312.47,6.0,21.0,433918.88
57,3569.6,32.0,Bachelor,Gwangju,Service,733.5,23440.41,Full-time,112741.96,4.0,19.0,387985.85
65,4366.09,46.0,Bachelor,Busan,Office,827.9,,Full-time,483378.01,1.0,6.0,717161.33
23,4862.44,1.0,Bachelor,Incheon,Manager,806.2,40046.71,Full-time,148125.99,1.0,24.0,352451.16
64,3573.59,41.0,PhD,Gwangju,Engineer,583.2,5167.69,Full-time,279339.72,6.0,29.0,570731.87
39,3172.12,19.0,Bachelor,Daegu,Engineer,828.8,49283.24,Full-time,296651.52,,7.0,496011.47
36,6035.9,17.0,Bachelor,Incheon,Service,613.8,9729.74,Full-time,349831.74,5.0,18.0,553993.03
26,5121.17,,Master,Seoul,Teacher,604.8,40250.32,Full-time,163175.02,6.0,6.0,441751.7
23,1000.0,3.0,Bachelor,Incheon,Office,609.1,38129.91,Full-time,156409.25,6.0,0.0,391095.57
48,3197.8,29.0,Bachelor,Busan,Manager,648.7,46782.79,Full-time,313246.09,2.0,15.0,492841.4
33,3028.09,15.0,Bachelor,Seoul,Service,,19427.18,Full-time,266283.0,2.0,17.0,478915.81
22,,0.0,High School,Gwangju,Teacher,684.2,28504.86,Full-time,268173.71,6.0,,472230.23
43,5493.6,25.0,High School,Seoul,Service,659.2,14180.04,Self-employed,338792.9,2.0,25.0,577151.25
56,4228.81,34.0,Master,Seoul,Teacher,683.3,27264.36,Part-time,228117.89,1.0,7.0,473121.38
35,2115.56,12.0,,Busan,Engineer,640.3,26771.08,Part-time,235373.25,5.0,30.0,484368.3
23,3625.18,3.0,Master,Daegu,Teacher,552.6,46643.47,Full-time,332988.67,6.0,6.0,470131.71
43,5012.61,19.0,High School,Seoul,Engineer,659.2,34450.73,Self-employed,234977.71,,26.0,400696.81
53,3870.53,34.0,Bachelor,Daegu,Engineer,777.6,27593.23,Part-time,133790.46,5.0,9.0,426022.53
49,3232.99,25.0,High School,,Office,599.2,27438.04,Full-time,143629.07,4.0,1.0,439547.38
37,4696.83,18.0,Bachelor,Busan,Teacher,609.8,22490.22,Full-time,197264.62,5.0,14.0,441533.25
38,6627.29,16.0,High School,Gwangju,Manager,716.4,25131.03,Full-time,250287.97,1.0,13.0,496208.04
50,,26.0,Master,Seoul,Manager,581.0,28985.56,Full-time,301458.53,2.0,1.0,487804.88
38,6151.41,18.0,High School,Daegu,Teacher,698.1,51266.79,Part-time,423794.5,1.0,6.0,543192.2
65,3333.58,44.0,High School,Seoul,Office,715.5,32821.54,Full-time,199054.71,4.0,22.0,466344.4
38,4187.46,20.0,Bachelor,Busan,Manager,635.0,15575.97,Part-time,100899.03,2.0,21.0,384532.04
41,4157.17,21.0,High School,Gwangju,Service,620.0,59296.52,Full-time,84436.98,1.0,25.0,283500.3
43,4378.02,17.0,Master,Incheon,Manager,567.3,40413.67,Self-employed,201783.56,2.0,11.0,322306.2
64,,37.0,Master,Incheon,Office,616.7,39663.68,,219163.41,4.0,4.0,495033.03
31,2821.55,9.0,High School,Daegu,,,25408.0,Self-employed,272237.38,5.0,5.0,385079.29
49,5171.0,24.0,Bachelor,Incheon,Engineer,747.1,37570.25,Full-time,428024.29,5.0,15.0,711997.46
57,1758.17,38.0,PhD,Daegu,Engineer,685.1,31651.6,Full-time,272527.6,3.0,11.0,461114.48
50,2196.37,30.0,Master,Gwangju,Office,630.8,11688.62,Full-time,227328.05,2.0,8.0,425598.31
55,7403.44,31.0,,Seoul,Engineer,685.9,33443.67,Full-time,,6.0,19.0,608449.05
38,3434.82,11.0,High School,Busan,,614.5,12940.73,Part-time,85409.02,4.0,11.0,324176.18
64,5294.28,,Bachelor,Gwangju,Office,694.3,31576.51,Full-time,241222.02,1.0,9.0,496425.02
55,6747.44,29.0,High School,Gwangju,Service,739.7,32695.88,Full-time,81684.8,6.0,16.0,406383.94
49,1000.0,25.0,Bachelor,Incheon,Manager,642.8,17052.21,Full-time,339656.07,1.0,24.0,519378.48
52,5889.37,34.0,Master,Incheon,Office,615.8,29410.77,Full-time,105217.46,3.0,23.0,302589.21
37,5173.42,16.0,High School,Busan,Office,641.0,35133.51,Full-time,304555.31,1.0,10.0,419844.7
47,6660.6,20.0,Bachelor,Seoul,Teacher,767.0,21849.19,Full-time,289044.97,4.0,17.0,569955.13
30,2427.72,7.0,Bachelor,Gwangju,Engineer,850.0,33485.94,Self-employed,345270.06,4.0,3.0,500340.39
64,6376.88,41.0,,Incheon,Service,731.9,43267.67,Self-employed,141723.66,5.0,2.0,537288.23
52,3090.88,25.0,High School,Gwangju,Teacher,674.1,38105.84,Self-employed,215047.94,2.0,18.0,442931.11
36,5782.17,13.0,Bachelor,Seoul,Service,602.1,24281.11,Full-time,303543.38,2.0,5.0,551140.85
25,4145.97,3.0,Bachelor,Daegu,Engineer,597.2,,Full-time,249523.99,1.0,22.0,367580.17
23,5356.15,3.0,High School,,Engineer,714.2,37034.82,Full-time,261726.68,2.0,7.0,435360.18
39,4273.3,20.0,Bachelor,Gwangju,Engineer,617.6,25970.69,Full-time,282708.59,3.0,6.0,491947.48
46,1440.9,26.0,Bachelor,Gwangju,Manager,761.8,20598.52,Full-time,191756.77,2.0,14.0,363723.56
34,1000.0,8.0,Master,Busan,Service,631.7,35424.69,Full-time,138154.76,6.0,11.0,379861.64
25,4514.87,5.0,Bachelor,Gwangju,Service,793.8,41024.33,Self-employed,152790.84,1.0,14.0,340712.93
33,,13.0,Bachelor,Incheon,Teacher,,41609.03,Part-time,212410.45,2.0,8.0,385916.14
30,4797.33,12.0,PhD,Busan,Office,770.7,35395.65,Self-employed,156624.12,6.0,1.0,531942.54
58,3821.77,39.0,PhD,Gwangju,Engineer,733.8,23908.5,Full-time,195719.7,4.0,25.0,501985.89
28,7227.12,8.0,Master,Seoul,,747.8,34817.5,Full-time,217991.51,4.0,19.0,456784.99
45,4545.81,26.0,Bachelor,Gwangju,Teacher,674.5,17669.93,Part-time,349080.58,5.0,14.0,611216.78
35,3529.58,10.0,Bachelor,Seoul,Service,626.9,31480.35,Full-time,,5.0,17.0,467039.88
24,4706.04,1.0,Bachelor,Seoul,Manager,760.8,49579.66,Full-time,155514.86,5.0,12.0,380873.68
29,3556.99,5.0,PhD,Gwangju,Service,823.5,15910.46,Part-time,216394.07,5.0,15.0,489686.58
22,4339.4,4.0,Master,Seoul,Manager,599.8,21358.16,Full-time,132429.54,2.0,14.0,303625.89
32,2373.78,9.0,Bachelor,Daegu,Manager,718.0,39361.15,Self-employed,50000.0,6.0,10.0,323029.65
62,4187.12,43.0,High School,Busan,Service,717.7,17483.32,Full-time,167666.93,1.0,2.0,431539.76
49,3483.22,26.0,,Gwangju,Engineer,693.3,46416.7,Self-employed,197746.89,2.0,28.0,384056.06
64,2515.9,44.0,Bachelor,Daegu,Manager,794.5,39713.49,Full-time,235471.89,1.0,9.0,436147.66
25,7163.6,1.0,Bachelor,Seoul,Teacher,618.0,40214.2,Full-time,137670.04,1.0,16.0,313465.97
36,2574.4,16.0,Bachelor,Seoul,Teacher,767.9,41654.31,Full-time,362197.88,1.0,29.0,520955.03
64,4210.45,38.0,Bachelor,Busan,Manager,,12491.05,Full-time,286019.73,1.0,,461309.98
38,,18.0,Bachelor,Daegu,Engineer,493.1,15020.29,Full-time,125820.64,4.0,4.0,379071.19
61,4645.56,37.0,Bachelor,Daegu,Manager,563.4,,Self-employed,168034.03,6.0,20.0,414795.02
54,2288.42,33.0,High School,Gwangju,Teacher,682.9,,Part-time,161614.81,1.0,7.0,433121.16
65,5460.54,40.0,Bachelor,Seoul,Teacher,777.6,27132.57,Full-time,128836.81,2.0,14.0,446570.07
45,7254.23,26.0,Master,Incheon,Service,766.5,36494.7,Full-time,317547.22,1.0,30.0,458293.9
24,2940.69,0.0,Bachelor,Gwangju,Engineer,688.4,29815.68,Full-time,129334.46,4.0,10.0,358364.14
48,6025.45,22.0,Bachelor,Gwangju,Service,588.4,40968.23,Full-time,228915.99,2.0,,408227.81
56,,31.0,Bachelor,Gwangju,Office,583.4,34941.98,,175902.92,6.0,24.0,419521.4
39,6458.69,16.0,Bachelor,Busan,Manager,713.6,25626.77,Full-time,203051.5,3.0,25.0,427473.89
40,7482.75,13.0,,Busan,Service,676.6,26860.68,Self-employed,307478.13,2.0,24.0,466719.31
29,3849.44,11.0,Bachelor,Gwangju,Engineer,757.7,31100.17,Full-time,246994.56,4.0,1.0,501674.6
24,1919.6,0.0,Bachelor,Incheon,Manager,653.4,32679.43,Full-time,250900.01,6.0,6.0,446861.93
55,5622.13,37.0,Master,Daegu,Manager,618.2,37656.78,Part-time,246862.23,4.0,15.0,454492.18
25,4536.63,1.0,Master,Daegu,Manager,657.7,29986.66,Full-time,261094.2,5.0,6.0,424822.88
45,4952.69,,Bachelor,Seoul,Manager,679.0,26985.1,Full-time,130903.16,3.0,3.0,390877.33
23,,0.0,Master,Daegu,Manager,517.4,25839.34,Full-time,162163.56,1.0,4.0,317862.51
58,2873.26,39.0,Bachelor,,Engineer,717.8,22814.51,Full-time,251490.82,4.0,13.0,513965.81
58,5940.52,38.0,High School,Incheon,,,47257.8,Full-time,158553.41,5.0,21.0,443857.4
54,4679.68,,Bachelor,Daegu,Teacher,755.8,17521.43,Full-time,190090.43,5.0,6.0,444495.91
20,2034.66,2.0,Bachelor,Incheon,Office,742.4,12874.48,Full-time,243310.35,6.0,12.0,468559.67
43,5230.31,21.0,High School,Busan,Teacher,766.7,38696.7,Full-time,313841.04,1.0,17.0,433241.38
55,4929.25,33.0,Bachelor,Incheon,Service,814.5,33776.79,Full-time,,6.0,9.0,573676.07
25,3712.05,0.0,Master,Busan,Manager,691.2,,Self-employed,355893.15,2.0,1.0,495767.15
60,6629.72,38.0,Bachelor,Incheon,Service,503.5,26998.86,Full-time,232462.07,3.0,30.0,559021.51
65,3272.74,39.0,Bachelor,Gwangju,Service,748.9,27652.29,Full-time,230036.1,1.0,12.0,383238.94
63,3946.52,40.0,Bachelor,Busan,Teacher,775.9,,Full-time,163759.87,6.0,1.0,607096.14
50,5352.97,27.0,Bachelor,Busan,,661.8,29208.83,Full-time,267142.84,,28.0,477060.33
39,4315.14,19.0,High School,Daegu,Manager,518.7,7194.53,Full-time,326652.0,2.0,29.0,426900.69
43,2123.37,21.0,PhD,Busan,Service,,,Part-time,172196.01,2.0,14.0,447000.75
44,4475.7,17.0,Bachelor,Incheon,Office,678.5,21479.24,Full-time,,4.0,4.0,511265.02
55,3578.42,31.0,Master,Gwangju,Manager,573.2,28795.84,Full-time,315105.91,2.0,21.0,521816.97
40,5485.49,20.0,High School,Gwangju,Engineer,658.6,20956.45,Full-time,149072.25,2.0,30.0,392151.35
49,4426.83,30.0,Master,Daegu,Manager,679.6,21057.98,Full-time,266662.89,3.0,10.0,521320.72
43,4341.76,21.0,Master,Incheon,Service,658.6,9900.37,Full-time,271499.61,6.0,30.0,504779.93
63,2627.62,43.0,Master,Incheon,Office,639.6,35578.68,Full-time,50000.0,6.0,5.0,448232.08
61,3854.96,39.0,Master,Seoul,Service,756.2,19448.06,Self-employed,174473.09,3.0,18.0,492537.58
49,5655.15,23.0,High School,Busan,Engineer,,47914.46,Full-time,125185.02,3.0,27.0,421666.81
41,3035.2,14.0,Bachelor,Daegu,Teacher,834.6,27169.0,Full-time,176493.83,1.0,14.0,332854.25
47,4151.17,29.0,Bachelor,Gwangju,Office,599.7,15382.76,Part-time,184580.9,3.0,3.0,391314.88
26,2795.33,5.0,Bachelor,Seoul,Engineer,784.1,5000.0,Self-employed,216824.49,3.0,6.0,425404.88
54,2424.24,27.0,Master,Incheon,Engineer,695.3,13262.25,Full-time,297064.3,5.0,22.0,583344.77
47,4072.71,25.0,Bachelor,,Service,710.1,27239.27,Self-employed,323673.01,3.0,30.0,534379.94
33,4460.7,14.0,High School,Gwangju,Service,777.2,5000.0,Self-employed,234862.46,1.0,21.0,386637.59
29,7190.79,10.0,Bachelor,Seoul,Service,,18489.51,Full-time,330323.37,6.0,16.0,593015.12
35,3516.81,17.0,Master,Incheon,Teacher,665.4,21614.55,Full-time,290577.22,5.0,9.0,576540.75
35,,10.0,Master,,Manager,624.5,19117.67,Full-time,212736.32,1.0,,377411.29
50,2324.89,31.0,Bachelor,Gwangju,Manager,586.7,20985.94,Full-time,344608.46,1.0,29.0,507723.76
61,,41.0,Bachelor,Incheon,Service,629.4,22415.46,Full-time,225691.63,5.0,28.0,549912.26
44,4797.14,,Bachelor,Incheon,Service,693.7,18578.38,Self-employed,241052.03,5.0,16.0,560530.27
32,6432.59,11.0,Bachelor,Daegu,Teacher,676.0,45639.23,Full-time,,5.0,10.0,353748.9
25,5867.43,7.0,,Gwangju,Manager,649.6,20599.08,Self-employed,,5.0,20.0,496641.21
63,4727.11,43.0,Master,,Teacher,652.0,5000.0,Part-time,255859.84,1.0,21.0,499046.65
28,3494.89,6.0,Bachelor,Seoul,Engineer,764.1,8364.81,Full-time,293624.83,5.0,15.0,509933.57
64,4507.0,37.0,Bachelor,Busan,Manager,694.1,35223.08,Self-employed,200857.79,2.0,6.0,453191.57
55,4033.48,37.0,High School,Daegu,Service,600.5,33405.29,Part-time,158135.23,6.0,7.0,450620.64
62,5630.1,41.0,Master,Incheon,,,,Full-time,254786.31,3.0,15.0,547541.7
39,5439.35,16.0,Master,Busan,Engineer,,11064.2,Self-employed,282854.33,3.0,15.0,527572.79
37,3755.38,16.0,Bachelor,Daegu,Office,756.5,36537.71,Full-time,191323.0,6.0,24.0,416712.99
62,2007.01,38.0,Master,Gwangju,Teacher,725.1,8954.76,Full-time,148568.83,2.0,21.0,453191.27
40,6200.08,16.0,Bachelor,Busan,Teacher,747.9,,Full-time,184959.82,6.0,26.0,423842.06
23,5072.81,0.0,Bachelor,Daegu,Teacher,720.5,22850.41,Self-employed,354942.73,1.0,22.0,430112.88
52,3720.76,26.0,Bachelor,Incheon,Service,519.4,33995.51,Part-time,137232.82,1.0,30.0,418046.81
46,5014.31,,Master,Incheon,Teacher,667.2,21921.72,Full-time,134943.16,3.0,3.0,357766.2
26,4312.29,0.0,Bachelor,Daegu,Office,672.8,45523.25,Full-time,378814.5,4.0,25.0,497694.44
25,6177.93,0.0,Master,Gwangju,Engineer,843.1,5861.3,Full-time,206683.42,6.0,6.0,432842.43
34,1305.33,9.0,Bachelor,Daegu,Service,740.8,34903.63,Full-time,116050.35,2.0,25.0,213566.07
37,3604.21,,Master,Seoul,Engineer,656.7,23846.54,Full-time,99833.41,2.0,16.0,335847.09
51,,30.0,Master,Daegu,Teacher,618.2,19553.67,Self-employed,268781.86,3.0,2.0,504299.73
30,5044.8,7.0,Bachelor,Daegu,Manager,652.5,43062.06,,248495.03,5.0,16.0,470724.54
39,6858.91,16.0,Master,Incheon,Service,615.3,15788.8,Full-time,269471.84,6.0,10.0,522614.94
43,2367.29,21.0,,Gwangju,Teacher,850.0,30809.61,Full-time,146781.14,4.0,7.0,337715.9
34,5808.3,16.0,PhD,Daegu,Service,678.8,29464.44,Self-employed,119058.52,1.0,18.0,288388.21
26,5718.34,,Master,Busan,Manager,746.0,13235.92,Part-time,265807.88,1.0,6.0,396837.74
40,1677.41,16.0,High School,Incheon,Office,721.2,37906.67,Full-time,131106.08,1.0,17.0,345109.89
61,3756.75,36.0,Master,Incheon,Office,732.6,52252.54,Full-time,205979.8,1.0,27.0,428127.09
45,4040.21,26.0,Bachelor,Daegu,Office,609.5,47436.32,Self-employed,144754.39,2.0,27.0,368727.96
63,1770.67,43.0,PhD,Busan,Manager,787.0,32765.66,Full-time,360092.18,2.0,20.0,515835.7
33,3788.1,12.0,Master,Daegu,Engineer,672.9,25263.88,Self-employed,298400.98,5.0,14.0,521157.78
56,5509.77,34.0,High School,Busan,Manager,800.0,37795.46,Self-employed,443965.87,2.0,18.0,664295.28
40,3613.62,20.0,Bachelor,Incheon,Manager,714.1,39616.41,Full-time,274290.1,5.0,25.0,493912.35
37,4563.2,15.0,Bachelor,Busan,Teacher,820.3,29091.62,Self-employed,246622.93,5.0,2.0,482928.52
24,4574.06,0.0,Master,Daegu,Office,728.0,5000.0,Full-time,277779.11,1.0,29.0,384082.13
22,4181.78,0.0,Master,Seoul,Service,665.2,9324.49,Full-time,86278.1,1.0,15.0,330087.63
42,,23.0,Bachelor,Seoul,Engineer,792.4,33515.96,Full-time,68459.62,2.0,14.0,347262.62
45,5188.22,,Master,Busan,Service,691.1,31896.31,Full-time,280472.29,2.0,4.0,494184.13
56,1819.45,35.0,Bachelor,,Teacher,723.0,22456.74,Full-time,170621.87,5.0,13.0,449570.62
43,4212.88,,High School,Gwangju,Teacher,687.1,31294.72,Full-time,219955.53,3.0,23.0,455611.66
38,6278.23,11.0,Bachelor,,Engineer,,10427.51,Full-time,81547.63,1.0,1.0,325898.93
44,3528.94,25.0,Bachelor,Incheon,Service,667.2,25850.71,Full-time,175915.14,4.0,26.0,402063.56
40,3109.02,15.0,High School,Daegu,Engineer,736.9,23968.19,Part-time,189285.02,3.0,3.0,382747.44
31,5288.27,13.0,High School,Daegu,,757.8,5000.0,Full-time,298613.57,1.0,19.0,482013.17
60,4445.15,37.0,High School,Seoul,Office,518.4,29047.41,Part-time,231308.28,1.0,12.0,477722.47
52,5318.17,25.0,Master,Gwangju,Service,705.6,9694.53,Full-time,102695.13,2.0,15.0,300535.61
23,4257.75,5.0,Bachelor,Incheon,Office,673.8,38510.23,Full-time,175745.41,4.0,30.0,468243.13
61,1000.0,42.0,Bachelor,Gwangju,Office,570.4,32016.72,Full-time,314287.12,6.0,29.0,552453.81
26,5969.87,6.0,Bachelor,Incheon,Office,748.6,,Full-time,181628.12,4.0,11.0,462761.52
41,7305.04,15.0,Bachelor,Seoul,Manager,824.5,15786.88,Full-time,296542.83,1.0,26.0,567612.95
52,6126.06,30.0,Bachelor,Daegu,,798.5,11298.77,Full-time,173515.5,6.0,4.0,526998.2
36,1000.0,9.0,Bachelor,Incheon,Teacher,493.3,22288.51,Full-time,248464.43,6.0,,436900.69
43,4876.63,16.0,Bachelor,Daegu,Manager,706.0,,Full-time,224993.68,5.0,24.0,500758.27
53,3499.88,34.0,Master,Busan,Engineer,,23938.14,Full-time,210797.76,4.0,20.0,485747.79
47,2573.63,20.0,Bachelor,Busan,Service,644.1,25935.26,Part-time,108488.87,3.0,11.0,302978.01
62,4384.1,40.0,Bachelor,Seoul,Service,659.8,14736.87,Full-time,82855.93,5.0,25.0,448040.26
60,3976.58,38.0,Bachelor,Seoul,Service,502.2,21939.1,Full-time,240682.36,2.0,7.0,455108.72
58,4962.99,,High School,Seoul,Office,515.3,25290.41,Full-time,,1.0,4.0,483571.39
41,4284.87,21.0,Master,Busan,Service,686.8,29489.33,Self-employed,174702.82,1.0,2.0,406546.28
36,2518.78,14.0,Master,Incheon,Service,699.8,25888.57,Full-time,145655.84,3.0,21.0,419900.85
53,3335.1,27.0,Bachelor,Gwangju,Service,664.4,33385.03,Full-time,333774.32,3.0,12.0,522353.01
25,3093.06,0.0,Bachelor,Seoul,Teacher,580.1,35859.42,Full-time,304187.79,6.0,3.0,499004.51
65,1625.28,47.0,Master,Gwangju,Manager,647.7,46341.56,Full-time,283422.02,2.0,,460593.78
25,2142.53,0.0,Bachelor,Gwangju,Engineer,795.6,30638.9,Self-employed,357038.02,2.0,7.0,498587.98
53,3883.4,35.0,Bachelor,Busan,Manager,651.0,33049.9,Full-time,126613.4,6.0,26.0,491470.71
20,6335.63,0.0,Bachelor,Incheon,Service,639.8,21728.49,Full-time,243429.08,6.0,26.0,508088.69
29,3396.66,6.0,Master,Busan,Engineer,,46464.31,Part-time,101879.09,4.0,3.0,322069.57
40,3063.85,22.0,Master,Seoul,Engineer,662.7,22355.22,Full-time,185790.0,5.0,6.0,460115.57
24,2428.07,,Bachelor,Busan,Manager,,35224.53,Part-time,193644.39,1.0,2.0,323398.92
21,4245.8,0.0,Bachelor,Busan,Manager,,22085.34,Full-time,162230.84,4.0,3.0,328270.78
41,5968.89,17.0,Bachelor,Busan,Manager,,26266.66,Part-time,216607.09,2.0,23.0,436303.39
21,7204.02,0.0,Master,Seoul,Manager,600.7,28239.65,Full-time,402827.04,3.0,7.0,569172.65
29,4628.1,,High School,Seoul,Office,572.2,5000.0,Full-time,242231.69,4.0,12.0,516513.12
53,4409.99,30.0,Master,Busan,Teacher,599.2,30380.72,Full-time,303303.16,3.0,12.0,487339.87
35,3384.79,,Bachelor,Busan,Teacher,746.2,27037.12,Full-time,228777.08,6.0,8.0,482879.21
58,3635.15,32.0,Master,Gwangju,Service,614.3,19913.65,Full-time,77645.96,5.0,19.0,331852.21
41,5143.76,22.0,Bachelor,Incheon,Office,669.0,15944.82,Full-time,166390.23,3.0,25.0,409802.55
31,3727.69,7.0,,Gwangju,Engineer,657.5,20311.62,Full-time,174519.75,1.0,19.0,354431.8
43,3956.58,24.0,Master,Incheon,Manager,710.4,,Full-time,216390.2,5.0,4.0,502066.97
59,4161.98,36.0,Master,Incheon,Service,570.8,21994.95,Full-time,271381.9,3.0,13.0,482197.22
57,3313.76,38.0,Bachelor,Busan,Engineer,767.8,19966.32,Full-time,293226.23,4.0,4.0,511752.78
29,4087.53,2.0,Bachelor,Gwangju,Teacher,794.9,,Self-employed,,1.0,2.0,378730.96
54,1170.89,,Bachelor,Incheon,Engineer,678.0,37138.12,Full-time,310141.37,1.0,0.0,503215.26
51,5023.25,32.0,High School,Incheon,Manager,500.8,17090.66,,164540.66,2.0,9.0,433726.35
26,7727.66,8.0,Master,Seoul,Manager,611.3,20998.28,Full-time,267724.5,2.0,14.0,450251.44
40,3371.93,16.0,Bachelor,Incheon,Teacher,705.3,29399.7,Full-time,262542.02,4.0,16.0,468575.93
39,4760.76,19.0,Master,Busan,Manager,709.8,16236.4,Part-time,296581.2,6.0,11.0,635529.76
45,5477.36,24.0,,Daegu,Office,659.4,37144.83,Full-time,157692.92,2.0,13.0,372738.46
23,6120.32,0.0,PhD,Seoul,Service,768.0,16421.39,Full-time,376509.08,3.0,23.0,602527.46
65,3803.52,43.0,High School,Daegu,Teacher,,29612.79,Self-employed,153041.0,,,428169.43
41,1495.02,20.0,,Busan,Teacher,758.7,40743.89,Full-time,180595.56,2.0,28.0,405233.1
34,4600.85,8.0,High School,Daegu,Engineer,680.1,16196.72,Full-time,283411.11,1.0,10.0,438611.9
59,4392.94,36.0,Master,Incheon,Teacher,634.7,18404.09,Full-time,86562.55,4.0,25.0,406274.76
40,3681.5,17.0,Bachelor,Daegu,Service,738.5,22589.27,Full-time,140625.77,3.0,14.0,302980.01
34,3999.73,15.0,High School,Gwangju,Office,676.5,28230.11,Part-time,227352.92,1.0,13.0,355916.31
41,4415.52,18.0,Master,Busan,Engineer,751.0,26437.08,Self-employed,65018.24,1.0,26.0,311420.42
47,4742.64,23.0,Master,Gwangju,Service,850.0,27794.35,Part-time,152252.25,5.0,,389567.33
33,4679.71,8.0,Master,Daegu,Teacher,605.3,34074.51,Part-time,227483.55,2.0,21.0,468897.83
46,3873.47,21.0,Bachelor,Gwangju,Manager,750.5,25753.03,Self-employed,150076.82,6.0,8.0,481071.16
60,4776.42,34.0,Bachelor,Seoul,Manager,731.0,10414.17,Part-time,371467.34,3.0,14.0,576260.22
59,3772.45,32.0,,Daegu,Service,822.3,43281.86,Full-time,281638.57,4.0,20.0,540360.6
47,5163.04,27.0,Bachelor,Gwangju,Office,753.1,33176.49,Full-time,258346.1,4.0,2.0,509005.17
45,3258.84,18.0,High School,Incheon,Manager,805.8,12714.26,Full-time,231928.62,4.0,19.0,526654.16
21,4309.59,0.0,Bachelor,Daegu,Service,,25788.27,Full-time,285176.28,5.0,30.0,370192.98
44,1764.39,20.0,PhD,Seoul,Engineer,578.0,37424.35,Full-time,224914.38,3.0,12.0,460803.23
22,,4.0,High School,Incheon,Teacher,604.8,17098.44,Full-time,135746.75,1.0,1.0,267331.78
27,5051.23,,Master,Daegu,Office,667.5,39093.12,Full-time,249052.93,6.0,14.0,479899.14
63,2649.4,42.0,Bachelor,Incheon,Office,790.6,16379.33,Full-time,159169.98,5.0,13.0,461828.52
52,3719.85,30.0,Master,Daegu,Engineer,808.5,33156.87,Full-time,256409.6,6.0,6.0,589841.49
61,1000.0,38.0,Master,Daegu,Office,650.8,5000.0,Full-time,,6.0,28.0,529348.85
54,2147.89,34.0,Bachelor,Busan,Service,671.0,39318.72,Full-time,166337.68,2.0,3.0,343736.62
25,2540.29,3.0,Bachelor,Gwangju,Office,,5360.05,Full-time,394969.47,1.0,3.0,379565.8
58,4352.63,31.0,Master,Daegu,Office,685.8,42294.02,Part-time,328339.82,4.0,23.0,567957.2
42,4700.11,20.0,Bachelor,Seoul,Office,664.1,14011.09,Self-employed,215330.58,2.0,9.0,430374.95
44,4115.92,26.0,Master,Gwangju,Service,664.4,50602.43,Full-time,263131.3,3.0,20.0,493932.12
62,3626.11,42.0,Master,Busan,Teacher,774.5,29234.98,Full-time,248397.52,3.0,18.0,500671.58
38,3631.35,18.0,Bachelor,Gwangju,Manager,,40201.72,Self-employed,,6.0,12.0,488880.04
24,5274.07,6.0,Bachelor,Gwangju,Office,575.4,25763.15,Full-time,268550.18,5.0,30.0,500354.93
30,4519.23,6.0,Bachelor,Daegu,Engineer,476.0,9735.54,Full-time,203284.44,3.0,27.0,374496.44
31,,13.0,Master,Seoul,Engineer,724.2,16779.79,Full-time,100694.45,4.0,5.0,360042.02
29,6139.95,5.0,High School,Daegu,Service,698.6,33592.38,,176530.37,5.0,7.0,387414.97
27,7124.96,6.0,PhD,Seoul,Teacher,710.2,62804.34,Self-employed,177042.43,5.0,9.0,457766.15
43,2331.39,17.0,PhD,Seoul,Office,698.6,45306.69,Full-time,55546.93,4.0,16.0,319808.05
47,4983.77,23.0,High School,Incheon,Service,588.4,29057.7,Full-time,333474.75,3.0,8.0,563386.92
60,8834.83,38.0,High School,Daegu,Manager,664.8,39336.3,Full-time,175308.15,2.0,13.0,423630.79
55,4620.31,31.0,Bachelor,Busan,,655.5,30606.93,Self-employed,187914.07,5.0,28.0,474538.89
56,4373.16,30.0,PhD,Gwangju,Teacher,673.5,25215.58,Full-time,411325.19,2.0,19.0,559970.57
40,4116.4,13.0,Bachelor,Incheon,Service,750.3,28693.32,Full-time,137152.91,2.0,4.0,367447.48
27,4935.27,4.0,Bachelor,Busan,Engineer,633.8,21176.56,Full-time,211972.5,2.0,25.0,390654.49
28,5332.35,10.0,Master,Daegu,Teacher,587.5,28841.18,Part-time,84903.33,6.0,2.0,331666.66
34,2332.85,11.0,High School,Seoul,Engineer,787.2,32309.69,Part-time,165590.19,2.0,8.0,392239.04
65,4160.27,47.0,Bachelor,Daegu,Teacher,621.6,27194.64,Self-employed,175690.18,4.0,28.0,446259.54
59,1000.0,38.0,Bachelor,Daegu,Teacher,772.2,22257.73,,315201.64,1.0,11.0,479454.62
37,3886.03,12.0,Bachelor,Incheon,Teacher,850.0,21606.73,Full-time,149112.94,3.0,21.0,404385.21
61,2845.97,39.0,High School,Busan,Manager,800.6,24650.95,Self-employed,292286.05,1.0,,423788.67
39,4708.77,17.0,Bachelor,Incheon,Engineer,,29295.11,Self-employed,449505.04,6.0,30.0,733141.98
25,1715.43,0.0,Master,Busan,Manager,664.1,22117.22,Full-time,368772.12,1.0,0.0,489556.5
31,3431.52,6.0,Bachelor,Incheon,Engineer,753.0,34268.18,Full-time,50000.0,5.0,24.0,343839.99
21,5649.82,0.0,Master,Gwangju,Manager,678.2,8357.78,,262003.05,1.0,10.0,418437.66
26,3185.5,8.0,,Seoul,Manager,,30466.97,Full-time,353567.62,1.0,4.0,474405.88
35,1342.6,13.0,Bachelor,Seoul,Manager,731.1,39633.74,,149608.31,4.0,18.0,356119.5
22,4586.3,0.0,High School,Seoul,Service,710.3,49193.24,Full-time,212758.54,2.0,3.0,347611.75
64,3320.21,39.0,Bachelor,,Manager,683.9,27055.16,Full-time,193397.02,1.0,11.0,427668.49
22,3921.17,4.0,Bachelor,Gwangju,Teacher,640.5,,Full-time,301147.87,1.0,15.0,419065.24
46,3105.2,22.0,Bachelor,Seoul,Office,679.8,30462.87,Full-time,179489.87,6.0,15.0,510708.72
62,7161.6,38.0,High School,Seoul,Manager,703.4,40176.95,,382442.65,5.0,20.0,723401.98
59,1862.89,33.0,Bachelor,Busan,Office,659.4,25047.16,Full-time,324484.42,3.0,0.0,455320.42
57,8450.24,38.0,Bachelor,Busan,Office,703.8,33878.83,Self-employed,86692.51,5.0,25.0,403285.56
52,3614.05,32.0,Bachelor,Daegu,Teacher,758.8,5000.0,Full-time,,3.0,2.0,336483.36
47,4475.17,26.0,High School,Incheon,Office,,,Full-time,237846.23,3.0,22.0,509520.73
20,3337.81,2.0,Master,Busan,Office,637.2,29441.72,Full-time,201769.77,3.0,24.0,388094.57
27,3275.05,3.0,Bachelor,Busan,Office,459.5,19572.8,Full-time,213588.49,4.0,21.0,482487.72
56,3022.76,29.0,Bachelor,Busan,Engineer,777.1,31223.18,Full-time,171597.03,4.0,19.0,414604.13
51,5101.89,31.0,Master,Busan,Manager,671.2,44873.49,Full-time,129656.24,2.0,14.0,405770.87
62,2083.8,42.0,Bachelor,Gwangju,Manager,696.0,16416.5,Full-time,222298.86,3.0,19.0,505326.36
56,4746.16,36.0,High School,Daegu,Office,,17177.37,Full-time,260065.91,4.0,24.0,568077.16
23,1000.0,0.0,Bachelor,Busan,Teacher,723.6,8363.93,Full-time,308475.35,4.0,16.0,468011.97
49,4610.29,23.0,Master,Incheon,Engineer,740.6,17193.85,Full-time,322335.71,6.0,21.0,556698.67
25,5473.71,0.0,Bachelor,Busan,Teacher,760.7,16464.72,Full-time,223514.2,6.0,3.0,497251.26
65,2288.22,46.0,Master,Gwangju,Teacher,740.4,25552.09,Self-employed,250358.87,6.0,2.0,572476.24
38,5218.11,11.0,Master,Seoul,Office,430.6,28495.39,,77367.15,1.0,10.0,308136.54
51,4277.08,24.0,Bachelor,Seoul,,711.4,11084.0,Full-time,280992.97,3.0,,581571.48
28,6597.64,10.0,,Daegu,Office,700.4,31736.09,,333795.71,,4.0,531067.19
31,2917.19,5.0,Bachelor,Seoul,Service,659.8,30966.1,Full-time,275686.1,,3.0,493173.21
30,8423.98,7.0,Bachelor,Busan,Engineer,718.4,30696.37,Full-time,215920.36,1.0,25.0,423496.17
65,1000.0,39.0,Bachelor,Gwangju,Service,681.6,17447.37,Self-employed,138562.88,4.0,19.0,424299.34
35,3705.74,12.0,Master,Daegu,,634.6,51040.86,Full-time,138764.17,4.0,7.0,346042.27
20,1652.15,1.0,Bachelor,Busan,Office,778.9,35552.3,Full-time,203581.14,4.0,10.0,373227.82
64,6976.58,46.0,High School,Seoul,Teacher,707.8,11887.01,,258993.89,4.0,10.0,609238.36
40,3807.45,15.0,Master,Incheon,Office,693.8,8840.4,Full-time,50000.0,5.0,17.0,382769.94
49,3942.47,29.0,Master,Busan,Office,513.3,18270.23,Self-employed,107539.4,2.0,26.0,286069.24
32,4864.86,14.0,PhD,Incheon,Manager,850.0,29053.43,Full-time,299838.71,2.0,9.0,509539.56
53,4192.79,28.0,Bachelor,Incheon,Manager,530.9,45318.73,Full-time,366850.7,3.0,26.0,586053.28
23,3309.36,5.0,High School,Daegu,Teacher,721.9,19856.17,Full-time,205131.45,6.0,29.0,499037.15
47,2315.03,,,Gwangju,Service,737.0,9389.68,Self-employed,275715.97,4.0,25.0,494544.68
57,4452.77,39.0,Master,Seoul,,811.6,31442.65,,210171.72,3.0,12.0,581498.57
50,4768.25,24.0,High School,Seoul,Manager,603.1,22340.37,Part-time,230490.71,5.0,19.0,551221.52
46,5243.07,20.0,Master,Busan,Engineer,615.3,,Full-time,126855.82,3.0,15.0,403251.12
24,7069.09,0.0,Bachelor,Seoul,Manager,744.0,26013.74,Part-time,267297.05,2.0,26.0,442903.78
44,1000.0,24.0,Master,Daegu,Engineer,732.1,24734.04,Full-time,156903.52,2.0,,446024.22
22,4098.42,1.0,Master,Seoul,Service,816.1,40287.81,Full-time,240723.12,6.0,17.0,521359.23
52,5987.61,30.0,Master,Busan,,767.0,35050.93,Full-time,283977.73,2.0,25.0,524084.49
23,4013.22,0.0,,Seoul,Office,652.9,30559.18,Self-employed,273376.64,3.0,25.0,468139.59
44,1000.0,18.0,Bachelor,Gwangju,Engineer,671.1,5000.0,Full-time,151440.71,4.0,2.0,419113.9
39,2263.44,18.0,High School,Incheon,Engineer,721.8,24945.55,Part-time,242958.32,1.0,27.0,496308.51
53,4692.85,30.0,Bachelor,Incheon,Engineer,,38351.15,Full-time,171116.63,2.0,0.0,433815.41
45,4638.3,27.0,,Incheon,Service,724.9,16293.19,Full-time,282863.89,3.0,1.0,512293.89
24,5208.78,5.0,Master,Gwangju,,730.7,25236.83,Full-time,291063.3,1.0,22.0,485465.58
54,3028.49,29.0,High School,Daegu,Office,,27329.07,Self-employed,286329.2,2.0,25.0,419353.82
47,4589.82,26.0,Master,Busan,Manager,663.0,30694.48,,347317.91,2.0,25.0,511843.44
48,,21.0,High School,Gwangju,Engineer,521.4,23058.41,Full-time,265607.16,5.0,5.0,428308.61
28,4589.94,4.0,Bachelor,Busan,,754.3,32978.51,Full-time,352173.5,2.0,17.0,489552.84
57,4279.82,36.0,High School,Daegu,Engineer,713.4,32550.38,Full-time,283771.52,1.0,16.0,512183.93
25,2968.71,0.0,Master,Gwangju,,575.5,16991.26,Full-time,163012.02,1.0,25.0,281351.44
38,6537.28,12.0,High School,Seoul,Office,595.2,18510.08,Full-time,243159.69,4.0,13.0,496940.48
63,1641.55,42.0,Master,Daegu,Engineer,645.2,30040.7,Full-time,313967.95,1.0,,504263.39
30,3987.57,5.0,Bachelor,Incheon,Service,747.9,45547.16,Part-time,320334.88,3.0,16.0,496943.62
21,2935.64,0.0,Master,Gwangju,Service,720.4,39999.24,Full-time,187443.33,3.0,25.0,321619.67
63,6951.3,45.0,Bachelor,Daegu,Teacher,614.2,21175.96,Full-time,186419.18,6.0,20.0,457388.8
63,5097.6,39.0,Bachelor,Daegu,Service,632.5,18335.03,Full-time,277210.79,6.0,24.0,608826.52
28,3226.03,,Master,Gwangju,Teacher,684.2,23426.19,Self-employed,159259.65,6.0,28.0,390451.77
40,3780.43,20.0,Master,Incheon,Office,615.9,46406.67,Part-time,208375.1,2.0,8.0,395105.87
43,6991.89,18.0,,Incheon,Manager,638.4,27801.77,Full-time,235005.29,4.0,21.0,437117.34
53,2780.59,27.0,Master,Daegu,Teacher,735.3,30176.64,Self-employed,213131.0,2.0,30.0,412584.77
41,1553.33,21.0,High School,Busan,Engineer,581.9,18096.15,Full-time,295664.61,,18.0,516527.59
22,4636.51,4.0,Master,Daegu,Engineer,668.6,28276.42,Full-time,289488.85,5.0,1.0,466583.17
31,4670.46,13.0,Bachelor,,Manager,662.7,9763.65,Full-time,239288.27,4.0,2.0,460220.16
47,5199.05,23.0,High School,Gwangju,Service,676.6,11358.76,Part-time,130401.69,5.0,15.0,341418.83
49,5208.94,27.0,Bachelor,Gwangju,Engineer,701.1,28951.38,Self-employed,344472.63,6.0,15.0,606903.95
45,6856.06,27.0,,Incheon,Teacher,,30762.19,Self-employed,160913.24,5.0,0.0,467548.39
40,1622.79,17.0,PhD,Seoul,,742.7,22978.06,,178463.23,2.0,18.0,364087.36
47,2395.8,24.0,Bachelor,Gwangju,Engineer,652.5,31812.83,Full-time,,3.0,17.0,321447.43
45,5193.31,24.0,Master,Gwangju,Service,667.9,12488.08,Full-time,97321.04,4.0,23.0,338822.38
52,2541.56,28.0,Bachelor,,Service,708.1,23822.22,Full-time,307878.46,2.0,30.0,463678.53
40,2015.12,16.0,Master,Busan,Engineer,694.4,,Full-time,377607.9,5.0,9.0,593963.8
54,,28.0,High School,Daegu,Manager,725.7,26948.74,Part-time,115494.12,5.0,22.0,435523.79
53,1770.09,35.0,Bachelor,Daegu,Office,,24342.0,Full-time,67162.2,1.0,16.0,306153.69
60,3673.09,38.0,High School,Daegu,Engineer,614.1,55177.99,Full-time,,1.0,,442492.64
37,4110.95,10.0,Bachelor,Gwangju,Service,830.0,16560.78,Full-time,251112.9,4.0,4.0,412517.12
30,6163.7,10.0,,Busan,Office,680.3,27941.62,Self-employed,50000.0,3.0,3.0,323733.63
42,1396.8,18.0,Master,Daegu,Manager,736.0,61448.16,Full-time,132854.16,1.0,30.0,335877.55
41,4823.21,20.0,Bachelor,Busan,Service,728.8,,Full-time,333391.21,,23.0,603207.78
36,2864.43,15.0,Master,Gwangju,Manager,701.8,27526.77,,,6.0,23.0,505640.5
24,5141.42,6.0,Master,Gwangju,Engineer,701.0,37788.86,Full-time,332712.35,5.0,30.0,501572.62
63,2839.79,45.0,High School,Daegu,Manager,754.2,,Full-time,132082.8,2.0,18.0,410616.76
30,6558.46,3.0,Bachelor,Gwangju,Service,663.3,14753.38,Full-time,220459.32,3.0,20.0,389956.58
49,2848.54,,Master,Gwangju,,742.0,9410.31,Full-time,215246.89,4.0,6.0,500022.03
34,1000.0,15.0,Master,Busan,,720.2,29160.11,Full-time,312023.42,2.0,7.0,484147.64
46,3016.73,28.0,PhD,Seoul,Service,774.1,22247.52,,166486.27,4.0,18.0,470549.4
54,3808.05,29.0,Master,Incheon,Office,640.3,55286.14,Part-time,177169.67,2.0,7.0,406556.85
52,5823.53,29.0,Bachelor,Daegu,Teacher,686.7,41429.84,Full-time,263652.56,2.0,25.0,463515.3
39,2312.38,16.0,Master,Seoul,Manager,611.6,41425.41,Self-employed,,3.0,8.0,494025.41
35,2342.03,8.0,,Daegu,Manager,768.8,5000.0,Self-employed,181604.22,4.0,18.0,387042.77
53,,26.0,Bachelor,Seoul,Office,620.9,20920.07,,,1.0,27.0,422825.99
21,2137.16,0.0,Master,Gwangju,Manager,706.6,27875.71,Full-time,300342.04,2.0,17.0,430079.81
54,3931.52,32.0,Master,Daegu,Office,643.7,19178.31,Full-time,247075.74,6.0,13.0,526570.58
59,3962.02,38.0,PhD,Seoul,Manager,771.3,20498.98,Part-time,182587.53,2.0,,437666.57
47,4526.37,24.0,Bachelor,Incheon,Manager,675.3,,Full-time,246052.57,6.0,4.0,547067.83
58,3075.23,33.0,Master,Gwangju,Service,,29494.21,Full-time,275518.16,1.0,27.0,465060.36
25,2809.51,7.0,Master,Daegu,,593.3,60474.41,Full-time,227099.18,3.0,25.0,355910.96
28,4702.34,4.0,Bachelor,Daegu,Manager,629.5,19936.44,Full-time,265746.46,3.0,27.0,442383.34
39,2856.01,14.0,Bachelor,Seoul,Teacher,728.6,38147.85,Self-employed,301525.12,3.0,0.0,569519.61
20,2160.05,0.0,Bachelor,Daegu,Office,783.3,45563.43,Self-employed,255853.48,5.0,5.0,426637.36
27,6041.7,2.0,Bachelor,Gwangju,Office,722.1,16058.3,Full-time,293730.74,5.0,6.0,500229.46
42,4932.14,18.0,Bachelor,Busan,Office,850.0,52148.97,Full-time,206420.13,3.0,27.0,498784.92
22,6851.25,2.0,Bachelor,Seoul,Service,743.3,30826.12,Full-time,179472.85,3.0,28.0,349722.81
23,5375.95,4.0,,Incheon,Office,681.3,5000.0,Full-time,340939.21,1.0,4.0,547388.06
44,2297.78,24.0,High School,Daegu,Service,,42661.57,Full-time,50000.0,5.0,26.0,333119.41
57,4344.55,36.0,Bachelor,Gwangju,Teacher,825.4,8589.29,Part-time,256051.25,6.0,,591519.28
34,2676.56,13.0,Bachelor,Daegu,Engineer,744.6,45494.78,Full-time,194429.42,4.0,5.0,349584.37
40,1722.59,17.0,,Incheon,Service,638.8,39680.35,Full-time,278291.09,3.0,0.0,427609.0
54,3529.2,30.0,PhD,Gwangju,Manager,627.3,15516.76,Full-time,119651.21,3.0,24.0,333886.86
65,5672.3,44.0,Bachelor,Incheon,Office,626.9,23319.11,Full-time,251169.29,3.0,11.0,495783.45
33,4612.37,6.0,Bachelor,Gwangju,Engineer,720.9,36213.99,Full-time,270420.66,2.0,4.0,345016.76
55,2113.66,32.0,Master,Busan,Service,558.5,,Full-time,254191.57,5.0,28.0,466950.0
31,3476.49,5.0,High School,Gwangju,Manager,639.1,48881.26,,146101.95,4.0,4.0,322568.07
36,3985.7,13.0,Master,Incheon,Engineer,703.8,38976.31,,169057.25,2.0,14.0,335601.63
58,1666.33,38.0,Bachelor,Seoul,Teacher,682.2,10062.94,Full-time,279775.81,2.0,16.0,581720.05
28,5269.76,10.0,High School,Busan,Service,643.6,25894.98,Full-time,211076.17,4.0,4.0,458198.9
54,3856.9,27.0,Master,Daegu,Service,735.6,34236.83,Self-employed,50440.92,4.0,18.0,311037.18
32,2114.11,5.0,High School,Busan,Teacher,735.2,18644.82,Full-time,179712.37,4.0,9.0,416886.7
34,2029.24,12.0,Bachelor,Busan,,662.7,41100.11,Full-time,320785.61,4.0,28.0,520405.43
37,5851.0,10.0,,Daegu,Office,637.5,35374.08,Full-time,207721.29,,2.0,391243.91
52,3628.78,25.0,High School,Gwangju,Service,749.2,36618.77,Part-time,107905.3,4.0,10.0,396014.62
25,5985.53,5.0,Master,Busan,Office,667.3,24219.66,Full-time,189735.4,6.0,25.0,436705.49
46,6558.23,21.0,Master,Busan,Service,681.1,15774.78,Full-time,218529.62,3.0,7.0,482793.25
42,5733.67,15.0,High School,Seoul,Manager,742.6,42610.87,Full-time,156349.46,6.0,24.0,448170.9
46,3399.85,28.0,,Seoul,Manager,,49124.83,Full-time,334572.57,6.0,12.0,637603.17
53,1000.0,34.0,Master,Incheon,Engineer,638.5,40398.01,Full-time,194583.02,4.0,5.0,501160.76
65,4669.49,45.0,Master,Daegu,Manager,659.1,38694.03,Full-time,201034.03,4.0,2.0,498163.78
57,7337.36,37.0,Bachelor,,Teacher,832.6,28749.33,Full-time,207029.42,5.0,23.0,465548.25
33,4146.91,8.0,Master,Gwangju,Engineer,579.8,19497.92,Full-time,66625.26,3.0,18.0,362933.13
55,1215.28,33.0,Bachelor,Incheon,Manager,683.2,36899.39,Full-time,252069.1,2.0,6.0,496534.51
27,,2.0,Master,Gwangju,Office,609.1,20476.11,Full-time,169777.49,3.0,1.0,331389.33
54,3924.4,31.0,PhD,Gwangju,Service,850.0,40023.16,Full-time,50000.0,1.0,21.0,332139.79
38,2553.02,19.0,Bachelor,Seoul,Manager,701.3,31264.72,Full-time,92572.84,4.0,23.0,464083.69
49,1000.0,28.0,High School,Gwangju,Office,603.7,10278.43,Self-employed,215601.2,2.0,18.0,352280.3
33,4053.22,7.0,Bachelor,Gwangju,Engineer,548.3,28671.9,Part-time,324539.24,1.0,12.0,466124.42
39,3022.69,18.0,High School,Incheon,Service,729.0,13082.56,Full-time,281037.05,6.0,24.0,545142.73
44,6859.04,22.0,Bachelor,Incheon,Manager,695.4,11312.35,Full-time,267203.65,2.0,10.0,481444.93
59,4351.55,37.0,Master,Busan,Engineer,730.9,5000.0,Full-time,228654.29,,8.0,487336.57
43,4904.37,16.0,Bachelor,Gwangju,Manager,599.5,11818.06,Self-employed,252505.63,6.0,18.0,420833.16
33,4021.37,8.0,Bachelor,Gwangju,Engineer,829.5,13728.37,Part-time,228363.59,1.0,18.0,408332.99
45,4340.6,22.0,Bachelor,Gwangju,Manager,686.6,43257.92,Full-time,157409.27,6.0,20.0,358581.81
57,1721.55,30.0,High School,Seoul,Office,714.0,34885.53,Full-time,160615.78,6.0,24.0,480450.79
42,2639.75,18.0,Bachelor,Gwangju,Teacher,729.9,51990.16,Full-time,,,13.0,461750.65
41,5832.92,18.0,Bachelor,Seoul,Office,688.2,25661.13,,155095.95,4.0,11.0,436288.79
38,4514.19,16.0,High School,Busan,Service,784.4,12460.55,Self-employed,76849.3,4.0,,286037.49
65,3602.24,43.0,PhD,Daegu,Manager,637.6,27893.86,,270996.6,1.0,,501534.63
22,4929.26,2.0,Bachelor,Gwangju,Teacher,,22902.88,Part-time,257268.87,3.0,0.0,367990.57
61,4958.79,37.0,Master,Incheon,Teacher,786.7,33077.11,Full-time,74999.21,1.0,16.0,332422.64
38,7186.34,11.0,High School,Incheon,Service,762.9,10912.66,Full-time,115311.35,3.0,30.0,363087.65
28,4444.6,6.0,Master,Gwangju,,794.7,28572.27,Full-time,248667.44,2.0,3.0,407288.87
47,2606.24,23.0,Bachelor,Seoul,Teacher,621.6,44174.13,,122593.74,3.0,12.0,407500.91
39,4026.46,20.0,Master,Incheon,Service,719.7,44358.05,Full-time,222345.75,1.0,22.0,425946.55
64,5111.35,38.0,Bachelor,Incheon,Service,713.4,42278.44,Full-time,291542.13,1.0,27.0,589007.84
26,5693.49,1.0,PhD,Busan,Manager,686.0,34614.03,Full-time,180766.07,2.0,10.0,376740.44
33,1777.45,11.0,,Busan,Office,730.2,39281.11,Full-time,276246.7,6.0,,525531.73
28,4580.56,9.0,Master,Busan,Engineer,776.6,27535.77,Self-employed,177045.5,,11.0,346522.83
38,2854.12,15.0,Master,Incheon,Teacher,622.2,33048.22,Self-employed,191971.95,5.0,18.0,456528.11
33,3350.05,8.0,Master,Incheon,Engineer,583.4,26453.69,Part-time,255372.07,6.0,19.0,476793.17
57,5468.76,33.0,Bachelor,Gwangju,Teacher,663.6,21437.59,Self-employed,277151.54,1.0,0.0,453665.28
55,,30.0,Bachelor,Gwangju,,481.2,31084.91,Full-time,113413.65,5.0,17.0,501381.94
59,3182.77,38.0,Master,Seoul,Office,,48410.09,Full-time,107920.96,1.0,1.0,443385.08
36,3963.24,16.0,Bachelor,Incheon,Teacher,794.4,,Full-time,90382.7,1.0,29.0,295721.07
49,3395.88,25.0,Bachelor,Gwangju,Teacher,566.1,33797.65,Full-time,362508.35,2.0,10.0,535511.2
28,8537.55,9.0,High School,Gwangju,Office,646.6,37328.16,Full-time,182991.11,6.0,14.0,459779.28
52,4617.54,30.0,Bachelor,Busan,Service,589.1,31870.46,Self-employed,160603.79,5.0,14.0,427032.35
44,2940.78,20.0,Master,Busan,Engineer,711.7,25358.26,Full-time,244832.33,,5.0,516685.45
33,6183.25,15.0,Bachelor,Busan,Teacher,730.9,37370.71,Part-time,79299.6,5.0,3.0,374085.58
30,6236.19,9.0,,Daegu,Office,681.7,19209.05,Full-time,188188.47,5.0,11.0,472404.85
54,6887.51,35.0,Bachelor,Gwangju,,625.2,42120.17,Full-time,220603.87,4.0,22.0,465863.93
60,7331.99,37.0,Bachelor,Busan,Office,695.2,43121.49,Full-time,137384.23,5.0,27.0,513019.48
33,5261.57,15.0,Master,Busan,Engineer,779.0,27432.38,Part-time,121733.75,2.0,10.0,406840.52
49,3675.22,25.0,Bachelor,Incheon,Manager,751.2,20055.29,Full-time,187940.52,2.0,27.0,396527.7
60,3896.07,40.0,Bachelor,Busan,Service,647.5,53611.83,Part-time,178291.42,3.0,7.0,441398.15
23,3761.89,5.0,Bachelor,Incheon,Manager,654.1,19579.59,Full-time,175864.17,6.0,1.0,435168.49
23,,0.0,PhD,Seoul,Office,651.9,24463.21,Self-employed,93069.05,6.0,15.0,441199.21
47,6059.91,23.0,High School,Busan,Teacher,719.2,5000.0,Part-time,92442.18,6.0,1.0,478897.22
27,4201.08,8.0,,Incheon,Service,569.5,44503.3,Full-time,326971.9,1.0,20.0,446316.5
21,5657.13,0.0,Bachelor,Busan,Engineer,723.4,10771.75,Full-time,108613.21,4.0,3.0,335124.33
60,5214.77,40.0,Bachelor,Seoul,,636.7,33851.87,Full-time,202443.97,1.0,27.0,478890.14
65,2552.02,39.0,High School,,Teacher,658.8,31650.26,Full-time,206044.18,2.0,29.0,393149.79
41,1624.23,16.0,Master,Incheon,Manager,,27063.15,Full-time,179205.59,4.0,25.0,458835.94
60,,38.0,Bachelor,Seoul,Office,738.5,21493.83,Full-time,206136.69,5.0,1.0,508340.08
35,3559.94,11.0,Bachelor,Seoul,Manager,632.6,33287.7,Self-employed,,6.0,24.0,481603.09
48,4401.49,28.0,Bachelor,Seoul,Service,603.2,48912.86,Self-employed,184705.41,2.0,8.0,489575.84
49,3227.55,,Master,Daegu,Teacher,633.7,24965.48,Part-time,,2.0,28.0,504119.82
31,5254.6,13.0,High School,Incheon,Office,,8133.09,Full-time,138964.92,2.0,25.0,342389.79
54,3408.47,35.0,High School,Daegu,Teacher,748.9,6264.07,Full-time,,2.0,12.0,368602.79
30,,5.0,Bachelor,Seoul,Teacher,,25741.0,Part-time,297585.01,4.0,27.0,508207.74
65,4376.37,47.0,Bachelor,Daegu,Service,676.5,22523.27,Self-employed,169833.0,1.0,19.0,401715.57
40,6801.65,18.0,Master,Busan,Manager,627.9,25946.2,Full-time,181894.05,1.0,1.0,475247.95
40,2737.14,14.0,Bachelor,Daegu,Teacher,,31432.27,Full-time,168714.86,6.0,,407493.78
24,7512.63,0.0,High School,Gwangju,Teacher,713.8,22196.49,Full-time,309097.03,5.0,7.0,491426.9
39,3308.48,20.0,Bachelor,Seoul,Teacher,629.7,61121.7,Part-time,295482.62,2.0,28.0,468633.55
56,2189.91,,Bachelor,Seoul,,693.7,32589.39,Full-time,119193.31,6.0,10.0,462917.79
22,,4.0,Bachelor,Incheon,Teacher,607.2,,Full-time,340148.58,2.0,7.0,500426.67
63,,43.0,Master,Busan,Teacher,,26123.16,Full-time,50000.0,6.0,15.0,420326.95
52,5542.81,29.0,High School,Incheon,Service,693.4,,Full-time,77612.76,1.0,27.0,353282.56
28,5104.45,2.0,High School,Daegu,Teacher,713.5,20874.27,Full-time,85391.99,6.0,29.0,305158.91
28,5392.78,1.0,,Gwangju,Teacher,603.7,28903.22,Part-time,126278.96,5.0,22.0,383952.33
23,3045.61,4.0,Master,Gwangju,Service,569.3,9712.82,Part-time,,6.0,28.0,386800.5
54,4689.07,30.0,Master,Gwangju,Office,546.9,8720.48,Full-time,128885.2,3.0,19.0,359297.18
36,4203.75,15.0,PhD,Gwangju,,553.0,20558.28,Full-time,117195.51,4.0,16.0,394515.37
53,6913.6,34.0,Bachelor,Busan,Service,680.9,16643.5,Part-time,259264.13,6.0,25.0,558249.31
43,4036.97,23.0,Bachelor,Daegu,Office,,20563.67,Self-employed,189029.02,6.0,24.0,494506.48
51,3632.59,28.0,Bachelor,,Manager,648.1,23961.27,Full-time,282336.52,1.0,14.0,476996.19
20,,0.0,Bachelor,Seoul,Teacher,,24531.55,Full-time,293252.13,4.0,6.0,535786.02
27,4410.02,1.0,Bachelor,Daegu,Service,675.7,37751.43,Full-time,228131.99,1.0,28.0,365917.25
64,4639.43,39.0,Bachelor,Busan,Teacher,617.1,37275.77,Full-time,273793.22,5.0,0.0,547300.61
42,2397.62,15.0,High School,Gwangju,Service,577.5,27656.39,Full-time,198486.25,2.0,13.0,345876.58
59,4879.75,33.0,High School,Busan,Manager,,51822.36,Full-time,108699.69,3.0,30.0,398859.0
31,4549.77,10.0,Master,Gwangju,Office,661.8,22401.03,Full-time,94555.59,4.0,15.0,305521.9
31,5720.17,10.0,Bachelor,Seoul,Service,828.8,37988.19,Self-employed,50000.0,3.0,20.0,370459.5
65,6018.55,39.0,Master,Daegu,Office,640.9,34067.89,Full-time,,2.0,2.0,505170.09
34,4341.42,9.0,Bachelor,Seoul,Teacher,695.6,25392.35,Full-time,226824.89,1.0,17.0,382255.32
60,2645.45,41.0,Master,Gwangju,Teacher,570.2,26440.52,Full-time,50000.0,5.0,18.0,321357.59
38,2954.07,13.0,Bachelor,Incheon,Manager,735.5,22706.35,Self-employed,268308.85,2.0,5.0,461758.03
45,6843.19,27.0,High School,Daegu,Manager,620.9,37103.72,Full-time,219059.15,3.0,27.0,436361.15
48,4448.23,22.0,PhD,Busan,Engineer,589.6,42985.55,Self-employed,136486.0,3.0,22.0,406313.33
41,6819.23,15.0,Bachelor,Gwangju,Engineer,,28438.94,Part-time,135403.94,3.0,25.0,327273.14
59,4947.91,34.0,Bachelor,Seoul,Manager,628.6,5591.33,,189684.74,1.0,8.0,470849.59
40,5330.6,18.0,,Incheon,Teacher,587.5,34554.28,Self-employed,314861.33,6.0,12.0,597503.49
57,5608.09,35.0,Bachelor,Gwangju,Office,703.3,25851.02,Full-time,217041.26,,25.0,429843.03
39,2365.29,19.0,Master,Busan,,,15339.09,Full-time,152636.37,1.0,11.0,329496.76
48,4660.43,26.0,Master,,Office,731.7,28903.46,Part-time,402532.83,3.0,14.0,682020.84
23,2344.5,2.0,Bachelor,Daegu,Engineer,639.3,23825.25,,297901.38,4.0,26.0,462289.37
26,3772.63,8.0,Master,Incheon,Office,606.6,14842.56,Part-time,296344.91,6.0,6.0,526068.16
47,,21.0,,Gwangju,Manager,625.3,25345.02,Part-time,302198.07,4.0,11.0,540727.33
47,2662.0,20.0,High School,Gwangju,Teacher,598.8,44932.29,Full-time,320453.85,6.0,16.0,525302.68
23,5039.01,2.0,,Gwangju,Manager,681.7,29701.3,Full-time,255759.13,2.0,12.0,392747.06
41,1952.45,21.0,High School,Gwangju,Service,636.4,28308.89,Self-employed,221730.35,2.0,22.0,405524.56
31,5914.98,8.0,Bachelor,Seoul,Service,768.9,33360.7,Full-time,229071.23,6.0,28.0,578980.49
64,3203.34,46.0,Master,,Service,,30825.37,Full-time,102649.36,5.0,16.0,371444.18
22,2659.32,0.0,Bachelor,Busan,,,24631.36,Full-time,50000.0,3.0,28.0,294084.67
41,2046.97,17.0,High School,Incheon,Manager,626.2,30340.59,Full-time,,3.0,7.0,463012.14
63,3330.97,44.0,Bachelor,Gwangju,Service,808.0,29009.45,Full-time,374693.65,1.0,17.0,617932.12
21,1338.58,0.0,,Gwangju,Manager,689.6,5000.0,Full-time,187852.9,6.0,1.0,430138.78
43,3377.4,17.0,Bachelor,Daegu,Engineer,776.0,34350.51,Full-time,337971.68,2.0,16.0,494206.32
53,5849.23,30.0,Master,Daegu,Service,673.9,28539.66,Full-time,350503.68,6.0,24.0,627889.39
46,3916.93,27.0,Master,Seoul,Service,669.0,34497.0,Full-time,176134.32,4.0,11.0,453191.57
60,2433.72,35.0,High School,Seoul,Teacher,,27771.05,Full-time,322782.21,1.0,12.0,509566.94
20,4539.39,0.0,Bachelor,Seoul,Manager,672.7,23790.74,Full-time,273782.22,4.0,14.0,579072.55
27,4406.84,9.0,Bachelor,Incheon,Teacher,600.0,16555.85,Full-time,192377.22,1.0,29.0,353070.53
42,7134.91,24.0,Master,Seoul,Teacher,695.0,29934.11,Self-employed,265202.04,2.0,10.0,523005.09
57,5386.08,39.0,Master,Gwangju,Manager,692.9,29885.49,Self-employed,244313.92,3.0,23.0,484372.35
25,4658.4,4.0,Bachelor,Seoul,Engineer,670.2,44197.19,Full-time,,6.0,8.0,325382.66
41,5557.6,20.0,Bachelor,Incheon,Manager,779.0,22204.24,Self-employed,431560.11,3.0,7.0,597210.85
44,3998.43,19.0,High School,Seoul,Engineer,719.8,,Full-time,128701.74,2.0,19.0,402540.75
37,4086.88,19.0,Master,Seoul,Teacher,606.4,37535.95,Full-time,236656.92,6.0,24.0,481094.25
36,6688.41,9.0,Bachelor,Gwangju,Engineer,725.5,18768.3,Part-time,,4.0,14.0,534346.57
31,1746.63,11.0,Master,Gwangju,Engineer,756.2,11400.92,Self-employed,196868.05,5.0,23.0,449151.41
25,5651.92,7.0,High School,Gwangju,Engineer,488.4,40176.1,Full-time,156924.76,5.0,16.0,382890.12
45,4033.81,19.0,High School,Seoul,Service,593.4,33510.86,Full-time,231038.47,2.0,25.0,438016.78
46,3762.77,19.0,Bachelor,Gwangju,Service,642.5,37847.49,Full-time,190602.19,1.0,13.0,348146.43
27,3370.66,1.0,Bachelor,Daegu,Teacher,614.9,29784.91,Full-time,324021.91,3.0,4.0,413814.8
38,4430.51,14.0,Bachelor,Busan,Manager,731.1,15729.93,Full-time,148920.53,4.0,29.0,482391.88
61,4134.71,36.0,High School,Busan,Engineer,609.1,,Full-time,,5.0,15.0,437094.69
20,3577.95,2.0,Master,Gwangju,Service,600.4,35816.54,Full-time,212478.01,3.0,24.0,408071.16
48,3146.01,26.0,Bachelor,Incheon,Manager,699.1,5000.0,Full-time,110476.38,2.0,28.0,288320.36
64,1342.0,45.0,Bachelor,Gwangju,Engineer,661.5,33756.86,,173129.64,3.0,27.0,464576.23
54,,36.0,Bachelor,Gwangju,Manager,769.8,37942.44,,173845.6,6.0,7.0,524736.24
59,3431.56,39.0,Bachelor,Seoul,Office,709.7,39181.33,Full-time,,5.0,,439682.14
33,4426.85,9.0,High School,Incheon,Engineer,850.0,33485.52,Full-time,167263.07,4.0,21.0,409772.94
54,7144.63,,PhD,Gwangju,Manager,592.7,22949.35,Self-employed,282873.02,1.0,10.0,518587.47
64,3276.07,45.0,Bachelor,Daegu,Engineer,557.7,27218.87,Full-time,50000.0,1.0,21.0,257841.79
39,2664.4,20.0,High School,Busan,Engineer,790.1,10270.79,Full-time,,6.0,17.0,585099.61
32,3128.26,11.0,Bachelor,,Office,850.0,40606.92,Full-time,175422.59,6.0,26.0,417710.32
57,4430.02,37.0,Bachelor,Daegu,Manager,662.1,37500.21,Full-time,247795.6,3.0,1.0,514374.83
65,5082.95,45.0,,Daegu,Teacher,,23989.3,Full-time,305199.31,1.0,0.0,575046.56
27,5292.52,0.0,Master,Incheon,Service,690.2,35159.3,Full-time,,5.0,21.0,359185.63
62,5441.56,40.0,,Incheon,Engineer,611.8,35451.48,Full-time,258249.12,4.0,8.0,564921.35
39,5653.85,,Bachelor,Incheon,Engineer,524.4,14831.56,Full-time,108709.83,1.0,7.0,356768.66
52,3781.67,28.0,PhD,Busan,Engineer,,52424.95,Full-time,101193.39,1.0,20.0,268533.94
45,7279.71,23.0,Bachelor,Seoul,Engineer,680.8,17927.53,Full-time,199108.88,2.0,23.0,499176.3
58,3667.85,37.0,Bachelor,Gwangju,Service,569.3,5000.0,Self-employed,206389.26,1.0,1.0,418114.5
40,4364.01,20.0,High School,Gwangju,Teacher,630.6,32827.48,Full-time,301991.27,1.0,11.0,473427.66
61,6143.74,40.0,High School,Seoul,Office,567.5,32043.5,Self-employed,94619.33,5.0,26.0,393885.79
62,5049.64,43.0,High School,Gwangju,Teacher,709.7,23261.02,Full-time,270180.21,1.0,5.0,516686.29
60,1000.0,42.0,Master,Daegu,Service,677.8,,Full-time,,2.0,,406750.06
28,4208.45,8.0,Master,Busan,Manager,693.0,18584.69,Full-time,207957.72,2.0,1.0,353900.36
43,5492.95,24.0,Master,Gwangju,Office,721.6,7514.76,Full-time,50000.0,6.0,23.0,401898.75
56,2184.79,38.0,Bachelor,Busan,Office,767.7,39703.75,Full-time,200269.24,2.0,11.0,481240.1
60,5326.04,42.0,Master,Seoul,Manager,694.2,31663.44,Full-time,282501.72,1.0,17.0,539528.27
36,4785.23,17.0,Bachelor,Gwangju,,,23542.41,Full-time,192656.13,6.0,4.0,479024.14
43,5975.88,17.0,Bachelor,Busan,Service,825.5,48942.79,Full-time,187381.2,3.0,12.0,435217.06
40,3162.1,18.0,Bachelor,Daegu,Manager,757.3,24460.25,Full-time,375699.31,3.0,27.0,493929.79
58,5693.84,32.0,High School,Daegu,Teacher,697.5,35110.33,Full-time,214053.14,5.0,22.0,488053.98
60,4439.41,35.0,Master,Seoul,Teacher,692.5,16245.53,Self-employed,66628.6,3.0,22.0,438267.86
58,6849.08,35.0,Bachelor,Incheon,Manager,613.7,5000.0,Self-employed,84296.55,5.0,3.0,470600.15
32,8379.07,14.0,Master,Gwangju,,628.3,35373.82,Part-time,,5.0,7.0,531624.18
30,6507.5,3.0,Master,Daegu,Office,672.1,35013.16,Full-time,175260.5,6.0,29.0,427617.81
65,4920.78,43.0,Master,Daegu,Office,651.7,50975.16,Full-time,286771.13,2.0,,511172.73
38,7681.51,20.0,High School,Seoul,Engineer,830.8,14505.11,Full-time,185930.36,4.0,9.0,520854.35
30,5105.22,6.0,Bachelor,Daegu,Service,,7870.86,Self-employed,252014.23,5.0,20.0,464739.04
32,2838.08,5.0,Master,Gwangju,Teacher,703.2,20631.81,Part-time,179824.89,1.0,13.0,352725.21
65,4141.09,40.0,High School,Seoul,Teacher,773.9,34647.19,Full-time,206140.34,2.0,19.0,487688.32
64,5342.51,39.0,PhD,Busan,Engineer,694.6,5000.0,Part-time,257095.04,1.0,29.0,525308.28
20,5438.93,0.0,Bachelor,Seoul,Teacher,657.9,28956.59,Self-employed,111601.59,1.0,1.0,299257.82
59,2512.1,40.0,Bachelor,Gwangju,Engineer,700.7,22452.84,Full-time,242981.91,3.0,1.0,492614.58
63,2559.7,41.0,Bachelor,Gwangju,Engineer,712.5,23209.22,Self-employed,234614.36,1.0,3.0,470759.89
38,3688.04,17.0,,Busan,Manager,792.0,17473.6,,87360.21,6.0,23.0,412008.31
31,5001.82,9.0,Bachelor,Seoul,Office,571.4,41322.64,Full-time,,5.0,10.0,566307.24
27,5193.84,0.0,Bachelor,Gwangju,Service,620.9,8866.79,Full-time,188000.87,1.0,21.0,334941.79
27,4411.96,1.0,Bachelor,Gwangju,Service,674.2,39379.72,Full-time,129255.07,1.0,8.0,309229.21
64,2948.36,43.0,Bachelor,Busan,Office,755.0,33805.93,Self-employed,344963.79,3.0,17.0,603090.34
31,6805.41,6.0,High School,Incheon,Service,743.0,22261.61,Self-employed,112685.09,,28.0,361843.76
52,2591.91,27.0,High School,Seoul,Teacher,688.7,46493.15,Full-time,166880.73,5.0,22.0,521176.5
64,6153.51,45.0,High School,Gwangju,Teacher,761.5,5344.96,Full-time,231932.53,5.0,29.0,525784.48
45,5308.23,22.0,Bachelor,Daegu,Service,626.1,39987.1,Full-time,168913.41,1.0,16.0,294768.18
58,6120.5,36.0,Bachelor,Busan,Manager,830.7,14791.21,Full-time,264509.31,5.0,1.0,535879.17
47,3533.35,28.0,Bachelor,Incheon,Service,613.1,22504.42,Full-time,266041.2,6.0,29.0,552871.42
24,3986.02,0.0,Bachelor,Incheon,Engineer,542.9,31738.63,Full-time,153246.56,6.0,26.0,419463.96
27,4282.56,6.0,High School,Busan,Engineer,728.4,40556.48,Full-time,344681.1,5.0,24.0,546161.65
44,3485.4,20.0,High School,Incheon,Office,565.3,16530.39,Part-time,193555.99,3.0,28.0,370030.84
46,4537.89,28.0,,Gwangju,Teacher,639.3,34845.79,Full-time,236937.76,2.0,23.0,450097.87
65,6568.63,39.0,Bachelor,Incheon,Manager,668.5,,Full-time,186778.08,6.0,24.0,537349.26
42,2254.75,15.0,High School,Seoul,Service,713.2,,Full-time,182084.58,2.0,29.0,418051.51
49,3214.18,31.0,Bachelor,Daegu,Engineer,761.0,8265.27,Full-time,213863.88,4.0,6.0,531330.32
64,3051.38,42.0,Bachelor,Gwangju,Teacher,572.0,23443.41,Full-time,376931.25,2.0,11.0,588641.26
42,4058.37,18.0,Bachelor,Busan,Teacher,590.0,12639.01,Full-time,255605.12,6.0,15.0,505702.33
39,3996.71,14.0,,Daegu,Manager,850.0,,Full-time,130416.04,6.0,9.0,372181.27
37,5358.47,18.0,Bachelor,Gwangju,Manager,663.1,22156.27,Full-time,226708.24,1.0,30.0,446064.8
37,4250.58,16.0,High School,Daegu,Manager,548.5,25147.06,Part-time,172221.94,5.0,27.0,339616.07
21,4654.32,2.0,Bachelor,Incheon,Manager,599.3,21418.0,Full-time,302516.53,2.0,10.0,442620.85
23,4797.67,2.0,High School,,Engineer,637.8,28832.39,Full-time,210463.59,3.0,8.0,354768.67
49,4568.11,26.0,High School,,Manager,,48221.15,Full-time,99098.26,4.0,3.0,373731.5
52,5254.97,29.0,Master,Seoul,Teacher,775.4,19951.3,Part-time,254576.63,1.0,,498883.2
55,4016.51,36.0,Bachelor,Incheon,Teacher,810.7,17277.62,Full-time,149457.72,2.0,18.0,388620.98
37,6669.55,16.0,PhD,Seoul,Service,614.0,16768.35,Full-time,254279.95,5.0,19.0,447222.11
56,8012.43,35.0,High School,Seoul,Teacher,634.6,5000.0,Full-time,301306.37,,4.0,549371.96
38,5259.35,20.0,Master,Incheon,Teacher,691.9,20383.04,Full-time,195705.4,6.0,11.0,450719.15
47,4541.99,28.0,Master,Gwangju,Engineer,621.9,49376.65,Full-time,206265.35,2.0,9.0,381147.45
59,5136.87,39.0,Bachelor,Seoul,Teacher,775.4,28839.48,Full-time,234501.71,5.0,13.0,570512.99
39,2548.45,17.0,Bachelor,Daegu,Office,850.0,23148.08,Full-time,163689.09,2.0,19.0,424164.1
52,4470.16,27.0,Bachelor,Gwangju,Teacher,681.7,34307.55,Self-employed,227633.96,1.0,19.0,396320.62
31,3103.01,8.0,Master,Incheon,Service,706.3,22842.16,Part-time,237721.86,,11.0,439605.26
34,4964.97,14.0,Bachelor,,Service,633.1,42861.54,Full-time,144628.55,5.0,22.0,406410.49
60,3110.46,,High School,Gwangju,Manager,706.9,26499.98,Full-time,321831.66,4.0,3.0,583315.26
58,3682.83,34.0,Bachelor,Seoul,Engineer,595.2,44784.9,Part-time,,4.0,19.0,421571.08
21,1392.04,0.0,Bachelor,Daegu,Service,604.1,31151.35,Full-time,288628.87,6.0,24.0,396761.34
48,2440.13,21.0,Master,Incheon,Office,534.6,34353.56,Self-employed,337257.25,3.0,8.0,482931.91
60,4732.31,37.0,Master,Busan,Office,745.3,26172.01,Self-employed,287061.62,5.0,13.0,618561.08
29,2896.73,11.0,High School,Daegu,Manager,791.1,39630.38,Full-time,130098.02,3.0,30.0,326943.11
21,5795.66,1.0,Bachelor,Busan,Engineer,762.5,48359.28,Full-time,293530.61,6.0,4.0,564529.42
30,2769.17,6.0,High School,Incheon,Engineer,687.5,34441.52,Full-time,398863.48,4.0,8.0,595797.6
32,4879.88,11.0,Master,Gwangju,Teacher,654.9,25824.61,Part-time,204704.86,1.0,26.0,285211.19
29,3057.19,8.0,Master,Seoul,Office,672.6,39697.81,Full-time,219948.29,,1.0,348582.57
33,4778.2,9.0,High School,Incheon,Office,598.5,22348.38,Full-time,285539.7,2.0,11.0,443997.65
37,1897.82,11.0,Bachelor,Daegu,Office,755.3,45003.5,Full-time,145827.73,2.0,27.0,343710.45
28,3520.23,9.0,Master,Gwangju,Office,763.9,21910.21,Full-time,89608.44,5.0,11.0,341912.23
58,2930.68,32.0,High School,Busan,Service,595.0,27128.55,Full-time,255803.17,1.0,12.0,439482.02
47,5524.85,27.0,Bachelor,Gwangju,,605.3,38436.23,Full-time,223105.54,4.0,20.0,465200.39
22,4893.39,0.0,Bachelor,Gwangju,Teacher,573.9,5000.0,Full-time,131911.03,1.0,10.0,271742.64
39,2351.14,18.0,High School,Daegu,Service,659.6,31778.17,Full-time,252741.92,5.0,22.0,468923.44
25,3895.23,7.0,High School,Seoul,Engineer,678.3,29911.02,Full-time,190357.4,2.0,7.0,322060.45
46,,20.0,PhD,Gwangju,Manager,685.3,22419.08,Full-time,251930.92,6.0,27.0,492488.89
21,5625.39,0.0,Bachelor,Gwangju,Office,573.4,24108.97,Full-time,236035.15,2.0,20.0,363740.5
48,6107.29,23.0,Bachelor,Seoul,Teacher,621.4,17859.04,Self-employed,231415.91,6.0,11.0,509906.83
57,2037.53,38.0,Bachelor,Seoul,Engineer,621.6,16458.68,Full-time,218784.59,3.0,8.0,469652.0
22,5440.05,0.0,Master,Busan,Manager,738.5,23022.76,Full-time,70955.19,6.0,11.0,298641.35
35,2965.06,12.0,Bachelor,Busan,Office,600.3,16049.62,Full-time,92233.04,2.0,10.0,311946.0
49,3820.62,30.0,Bachelor,Seoul,Manager,684.3,34122.45,Full-time,372772.76,4.0,18.0,588459.63
59,4248.38,,High School,Incheon,Manager,623.3,19368.92,Self-employed,337667.22,,28.0,613061.8
21,6924.91,0.0,Master,Seoul,Service,664.7,37581.74,Full-time,196436.1,2.0,27.0,390535.26
36,2694.23,15.0,High School,Busan,,755.6,16642.55,Full-time,256463.51,2.0,7.0,439014.97
60,5452.12,40.0,High School,Daegu,Service,580.9,12540.57,Full-time,78013.91,6.0,26.0,443338.88
31,2442.74,6.0,Bachelor,Daegu,Service,471.4,25370.52,Part-time,93613.96,4.0,24.0,258525.98
54,2339.11,30.0,High School,Gwangju,Manager,,14109.78,Full-time,50000.0,,6.0,281442.4
62,4242.7,43.0,PhD,Daegu,Engineer,713.4,26355.99,Full-time,128262.3,4.0,20.0,451948.65
20,4232.59,0.0,Bachelor,Busan,Manager,584.2,18533.58,Full-time,164739.96,2.0,24.0,336213.74
64,1000.0,37.0,High School,Daegu,Manager,623.0,12866.44,Full-time,280099.52,4.0,26.0,475434.82
34,5939.39,8.0,High School,Incheon,Engineer,,,Full-time,200180.41,2.0,13.0,355123.7
45,1000.0,23.0,Bachelor,Seoul,Office,744.3,42085.0,Full-time,242589.94,5.0,28.0,497565.13
56,3981.09,37.0,Bachelor,Seoul,Teacher,762.6,36412.28,Full-time,188555.14,3.0,23.0,504584.26
40,6191.42,20.0,Master,Busan,Office,724.3,12275.9,Full-time,208534.41,3.0,27.0,450670.72
50,7513.78,25.0,Bachelor,Gwangju,Manager,589.9,18485.58,Full-time,188965.26,1.0,23.0,410400.3
44,3655.43,23.0,Bachelor,Seoul,Office,,45834.72,Full-time,242023.87,3.0,21.0,499809.97
42,2050.58,23.0,PhD,Daegu,Teacher,604.6,27649.74,Full-time,50000.0,4.0,1.0,275790.96
43,6135.82,24.0,Bachelor,Incheon,Office,629.1,23881.28,Full-time,219647.45,4.0,19.0,433729.95
57,5497.73,34.0,Bachelor,Gwangju,Teacher,,29288.87,Full-time,206766.13,6.0,30.0,469498.01
47,3466.51,22.0,Master,Gwangju,Office,702.3,31163.2,Part-time,361692.15,3.0,11.0,503610.28
40,3276.39,16.0,Master,Gwangju,Service,795.1,27870.69,Self-employed,239323.52,6.0,0.0,545348.73
62,3123.91,41.0,Bachelor,Seoul,Manager,629.4,18368.46,Self-employed,355129.94,4.0,27.0,588320.86
37,3683.12,18.0,Master,Gwangju,Teacher,710.4,5000.0,Full-time,153114.13,5.0,25.0,372142.36
55,4674.1,29.0,Bachelor,Busan,Manager,629.8,27759.35,Full-time,155897.32,4.0,20.0,406758.99
54,3350.98,33.0,Bachelor,Daegu,Service,808.6,5807.23,Full-time,362668.8,6.0,28.0,662513.19
64,3540.63,38.0,High School,Incheon,Office,714.2,22133.18,Self-employed,199829.59,5.0,29.0,533388.23
28,5161.92,6.0,Master,Daegu,Manager,783.1,20136.67,,,5.0,9.0,387520.2
57,1976.38,33.0,Bachelor,Busan,Office,587.8,19300.08,Full-time,221810.74,5.0,0.0,434012.1
49,3636.1,27.0,High School,Busan,Office,635.1,33092.68,Full-time,236199.45,2.0,21.0,442335.07
63,1686.09,44.0,,Daegu,Manager,699.9,25440.29,Full-time,324885.74,1.0,9.0,535403.37
53,4362.62,30.0,Bachelor,Seoul,Teacher,784.4,33680.11,,151768.61,6.0,7.0,556896.01
51,1290.89,27.0,High School,Busan,Teacher,759.4,6438.21,Part-time,282987.85,4.0,12.0,439171.71
22,5535.02,0.0,Bachelor,Gwangju,Manager,800.0,37079.43,Part-time,368937.48,2.0,13.0,468470.2
22,2228.04,2.0,Bachelor,Incheon,Teacher,787.3,39039.5,Part-time,314994.36,6.0,9.0,541735.4
47,1541.13,20.0,Bachelor,Incheon,Engineer,742.3,27399.38,Full-time,373704.31,1.0,0.0,566830.46
63,3654.58,38.0,High School,Busan,Office,692.3,51230.01,,221028.12,2.0,5.0,414638.79
34,6766.66,14.0,High School,Gwangju,Manager,590.8,36102.18,Self-employed,271358.87,,11.0,431513.08
60,5266.79,38.0,Bachelor,Daegu,Service,508.4,27590.52,Self-employed,154220.13,6.0,19.0,432165.99
42,1316.53,16.0,Bachelor,Incheon,Manager,689.9,45183.55,Full-time,429304.48,5.0,14.0,571293.85
59,2185.31,37.0,High School,Gwangju,Manager,744.2,29009.63,Full-time,296266.24,2.0,12.0,429828.63
30,3606.6,6.0,Bachelor,Gwangju,Office,462.1,16918.51,,239557.44,1.0,14.0,417347.68
51,7557.53,27.0,Bachelor,Seoul,Service,586.1,37733.56,Full-time,215365.63,1.0,24.0,441981.61
55,2791.57,33.0,High School,Busan,Office,598.7,46160.82,Full-time,50000.0,1.0,27.0,264823.36
52,2803.67,33.0,Master,Gwangju,Teacher,665.0,9589.31,Full-time,50000.0,6.0,,329188.63
43,6491.14,21.0,Master,Daegu,Manager,688.3,22440.72,Self-employed,127077.97,2.0,23.0,345003.91
58,4492.36,34.0,Bachelor,Incheon,Office,766.5,21888.19,Full-time,173957.35,1.0,11.0,402203.91
53,5779.5,29.0,High School,Seoul,Engineer,574.7,,Self-employed,275143.22,3.0,19.0,553283.83
47,3109.35,26.0,Bachelor,Daegu,,707.5,24614.18,Full-time,288714.39,6.0,10.0,498289.58
56,4047.55,38.0,Bachelor,Incheon,Teacher,569.0,18610.6,Full-time,219986.73,1.0,11.0,438156.08
26,6173.45,3.0,PhD,Busan,Office,746.9,33051.57,Full-time,,1.0,,402239.0
23,3982.74,3.0,Bachelor,Daegu,Office,641.5,33927.6,Full-time,204721.88,2.0,1.0,365449.03
56,5884.58,34.0,Bachelor,Incheon,Engineer,583.0,29666.36,Self-employed,313171.14,4.0,28.0,558330.69
20,4780.9,0.0,Master,Seoul,Teacher,626.2,30532.32,,157935.01,2.0,28.0,377287.97
20,2640.56,1.0,Bachelor,Incheon,Engineer,590.8,46056.68,Full-time,193296.1,2.0,21.0,361274.23
39,4175.52,15.0,,Gwangju,Manager,687.4,52180.6,Full-time,236250.16,3.0,29.0,456205.41
38,5672.08,16.0,Bachelor,Seoul,Service,,35304.41,Self-employed,154362.67,4.0,2.0,463204.81
48,5204.12,24.0,High School,Daegu,Office,762.5,21926.13,Full-time,,2.0,16.0,323402.76
29,4139.62,3.0,High School,Busan,Engineer,638.5,,,250340.79,3.0,29.0,477317.8
37,1362.43,16.0,Master,Seoul,Office,791.0,28370.43,Full-time,411493.3,2.0,13.0,567282.92
47,,25.0,Bachelor,Seoul,Office,,36190.84,,229577.53,3.0,26.0,527414.57
54,1825.04,28.0,High School,Seoul,Engineer,,17380.45,Full-time,283525.71,6.0,6.0,626799.11
62,3434.34,35.0,Master,Incheon,,667.4,36945.39,Full-time,191221.32,5.0,19.0,515223.97
50,3634.32,29.0,Bachelor,Gwangju,Teacher,661.5,,Full-time,253883.01,1.0,13.0,428517.73
46,,24.0,Bachelor,Busan,Teacher,726.3,26984.17,Full-time,99760.8,1.0,30.0,295102.78
30,5733.77,8.0,Bachelor,Busan,Service,,27460.44,Self-employed,128244.93,2.0,8.0,346917.52
57,2304.35,32.0,Bachelor,Gwangju,Teacher,635.7,,Full-time,271871.15,3.0,30.0,484671.79
24,2144.16,3.0,High School,Incheon,Engineer,772.4,60825.45,Full-time,199840.52,,28.0,433406.45
27,4332.35,6.0,Master,Incheon,Teacher,603.5,29418.24,,78470.48,1.0,9.0,290172.94
53,5660.86,29.0,High School,Gwangju,Service,726.3,19221.92,Self-employed,184374.65,2.0,25.0,447289.32
31,7282.28,9.0,Bachelor,Gwangju,Manager,722.8,27860.28,Self-employed,298445.91,6.0,10.0,507715.02
57,5073.82,34.0,High School,Daegu,Manager,765.2,31707.07,Part-time,166830.26,2.0,,387085.09
20,6569.74,0.0,Master,Incheon,Engineer,766.7,29938.76,Full-time,50000.0,3.0,10.0,259080.12
50,2381.92,27.0,Bachelor,Seoul,Service,665.4,30036.38,Self-employed,369318.11,4.0,26.0,620354.12
23,7439.61,0.0,Master,Busan,Teacher,682.6,25876.92,Full-time,229733.49,6.0,18.0,531462.73
64,1407.77,42.0,Bachelor,Incheon,,677.3,44177.31,,358445.7,2.0,30.0,526646.04
24,3444.24,2.0,Master,Gwangju,Office,819.6,24762.4,,,5.0,,433119.22
49,5040.98,23.0,Master,Seoul,Service,732.1,,Self-employed,164767.28,5.0,27.0,436586.65
43,1792.17,18.0,Master,Daegu,Teacher,763.5,9876.49,Full-time,,4.0,12.0,438577.33
22,,1.0,High School,Daegu,Engineer,659.9,21203.5,Full-time,246981.52,5.0,9.0,355726.68
30,2571.12,6.0,High School,Seoul,Office,589.9,31516.22,Full-time,375914.81,3.0,15.0,580908.75
64,3734.67,39.0,High School,Seoul,Service,605.2,27624.78,Part-time,329244.33,2.0,30.0,593574.61
23,6332.37,0.0,High School,Gwangju,Manager,761.0,42602.46,Full-time,278267.72,3.0,9.0,457121.03
45,,23.0,Master,Gwangju,Teacher,621.5,31230.14,Self-employed,252612.9,4.0,30.0,504232.37
46,3505.4,26.0,Bachelor,Busan,Engineer,850.0,43895.12,Full-time,226854.07,4.0,9.0,528483.78
65,1000.0,44.0,Bachelor,Busan,Teacher,,33842.55,Full-time,170718.14,3.0,27.0,439257.3
62,4900.13,35.0,Bachelor,Daegu,Service,708.1,18200.99,Part-time,311470.26,6.0,11.0,540865.07
46,5385.02,23.0,High School,Seoul,Engineer,708.0,25690.54,Full-time,184059.81,1.0,,402002.8
61,1649.97,34.0,Bachelor,Daegu,Manager,694.4,26440.92,Self-employed,199356.05,4.0,27.0,444816.48
25,4099.54,3.0,Bachelor,Gwangju,Office,582.4,43329.41,Full-time,225832.86,2.0,17.0,340157.51
34,4489.51,8.0,Master,Incheon,Service,699.8,25030.95,Part-time,166794.67,6.0,19.0,507621.51
49,,29.0,Bachelor,Gwangju,Engineer,699.1,26362.04,Self-employed,181975.05,4.0,27.0,454908.45
61,3112.85,42.0,Master,Incheon,Office,656.1,23209.8,Full-time,220201.11,,27.0,499454.89
56,2886.96,,Bachelor,Seoul,Engineer,828.1,29467.02,Full-time,,3.0,10.0,543519.9
56,3515.25,32.0,Master,Seoul,Service,547.0,35827.04,Part-time,343739.3,5.0,6.0,621118.46
61,6126.66,39.0,Bachelor,Seoul,Engineer,559.1,36415.09,Full-time,90130.46,6.0,13.0,459847.68
56,5765.77,38.0,Bachelor,Busan,,740.3,24240.75,Full-time,267800.78,1.0,7.0,553100.17
54,4167.98,34.0,High School,Busan,Engineer,673.0,5000.0,Full-time,179045.81,3.0,29.0,459890.61
42,5729.66,22.0,Bachelor,Incheon,Service,,31309.62,Full-time,190432.47,5.0,,455738.98
25,1000.0,4.0,Bachelor,Daegu,,,29219.83,Full-time,50000.0,5.0,2.0,291013.12
23,5387.48,0.0,Master,Daegu,Office,,29832.62,,156643.13,2.0,9.0,312681.66
37,2521.85,14.0,High School,Incheon,Office,549.5,28074.35,Full-time,264122.35,5.0,8.0,458732.24
28,6850.54,6.0,Bachelor,Busan,Teacher,737.8,31663.95,Self-employed,161185.94,1.0,14.0,382524.69
48,2603.63,30.0,Bachelor,Gwangju,Teacher,706.5,5000.0,Self-employed,179514.46,2.0,30.0,381884.67
32,2920.86,9.0,Bachelor,Incheon,Manager,661.6,29751.28,Full-time,194151.31,3.0,7.0,376559.53
36,5043.64,10.0,Bachelor,Daegu,,699.6,16072.82,Self-employed,237217.23,6.0,12.0,483421.3
64,5188.43,46.0,Master,Incheon,Teacher,701.0,42216.37,Self-employed,361335.66,3.0,21.0,662970.89
51,3530.5,26.0,Bachelor,Incheon,Engineer,724.0,29480.0,Full-time,213780.66,5.0,24.0,428560.92
41,4757.11,16.0,Master,Seoul,Manager,601.2,19309.56,Self-employed,,4.0,23.0,637044.02
23,4943.07,3.0,Master,Busan,Service,767.0,13814.94,Full-time,439776.81,1.0,6.0,472981.09
24,4789.67,0.0,Master,Seoul,Teacher,759.4,17725.64,,359317.5,1.0,12.0,394102.54
56,3593.17,31.0,Bachelor,,Teacher,761.7,20290.72,Part-time,306501.26,5.0,5.0,579123.3
60,4957.82,40.0,High School,Incheon,Office,542.0,28480.74,Full-time,249437.79,1.0,9.0,426776.1
32,6309.56,5.0,Bachelor,Busan,Manager,771.5,13678.23,Full-time,,2.0,18.0,539739.79
53,2361.77,31.0,PhD,Daegu,Office,650.5,30903.47,Full-time,399536.02,5.0,27.0,565697.47
64,2939.91,44.0,High School,Seoul,Office,722.5,40034.8,Full-time,229488.16,4.0,10.0,572869.23
41,4240.88,,Bachelor,Incheon,Manager,521.5,41241.26,Full-time,242696.51,,28.0,461727.92
42,2615.66,16.0,Master,Daegu,Engineer,625.3,23390.22,Self-employed,285552.14,1.0,15.0,382755.69
22,1494.89,1.0,Bachelor,Busan,Teacher,747.2,27664.27,Full-time,211407.62,6.0,21.0,428266.63
61,5839.68,38.0,Bachelor,Busan,Office,722.1,20059.13,Part-time,345574.77,3.0,,598705.31
53,1000.0,33.0,High School,Daegu,Teacher,593.6,13522.59,Full-time,115306.89,,20.0,385875.55
51,3596.43,31.0,Bachelor,Busan,Manager,,21539.77,Full-time,249318.6,4.0,22.0,561020.74
64,5338.42,42.0,High School,Seoul,Engineer,614.7,6337.62,Full-time,119054.23,2.0,28.0,435654.48
40,4600.05,15.0,PhD,Gwangju,Service,658.7,,Full-time,216698.89,4.0,13.0,432970.87
65,3619.13,40.0,Master,Busan,,,31630.0,Full-time,157420.74,4.0,22.0,447346.28
63,2553.84,43.0,Master,Incheon,Manager,707.5,31035.9,Full-time,215256.22,1.0,27.0,452771.13
40,,15.0,Bachelor,Busan,Engineer,767.0,42636.55,Self-employed,77533.2,3.0,8.0,324382.73
63,2717.41,38.0,High School,Incheon,Service,750.8,45222.02,,270908.7,6.0,15.0,555794.43
30,4598.9,10.0,Bachelor,Busan,Office,607.4,30184.92,Full-time,187292.53,1.0,8.0,369859.96
58,4411.38,31.0,Bachelor,Busan,Engineer,676.3,16683.24,Part-time,310307.43,1.0,5.0,472685.19
23,4426.55,0.0,Bachelor,Incheon,Manager,554.2,16642.3,Full-time,215360.78,5.0,5.0,436180.34
20,3239.52,1.0,Bachelor,Seoul,Engineer,789.1,15517.92,Full-time,291485.59,6.0,,548490.28
47,7252.51,20.0,Bachelor,Gwangju,,681.5,31022.07,Self-employed,180447.94,5.0,17.0,474848.33
43,4737.31,24.0,Bachelor,Gwangju,Manager,732.0,18986.72,Full-time,288064.66,2.0,23.0,489657.07
54,3781.94,28.0,PhD,Seoul,Engineer,,11139.91,Full-time,399259.12,6.0,18.0,654316.98
32,4596.41,8.0,Bachelor,Busan,Manager,629.9,33051.41,Full-time,155093.5,2.0,,309663.44
53,3038.31,30.0,Bachelor,Gwangju,Service,635.7,38322.3,Full-time,288929.77,4.0,3.0,547512.66
30,3620.54,6.0,Bachelor,Seoul,Office,716.5,19040.32,Full-time,114258.46,2.0,20.0,334230.12
55,7787.88,30.0,Bachelor,Seoul,Service,,27585.94,Full-time,208331.15,2.0,18.0,553409.54
36,3048.93,18.0,Bachelor,Gwangju,Office,652.6,45539.5,Part-time,62954.33,4.0,29.0,225615.75
54,4083.34,,,Incheon,Teacher,773.9,39199.63,Full-time,,3.0,22.0,534749.33
37,3515.84,17.0,Bachelor,Daegu,Service,753.8,16928.98,Full-time,169757.06,4.0,26.0,434700.92
59,2640.55,39.0,High School,Incheon,Office,654.5,46649.02,Self-employed,283517.25,4.0,20.0,555227.83
41,4831.63,18.0,Master,Busan,Teacher,768.0,36620.23,Self-employed,245892.01,3.0,10.0,481757.31
43,4254.71,22.0,High School,Incheon,Teacher,761.5,47501.55,Full-time,199532.63,4.0,25.0,492733.61
38,5566.54,17.0,Bachelor,Daegu,Teacher,508.4,25836.88,Full-time,286093.2,5.0,20.0,519751.59
56,5415.87,35.0,,Daegu,Manager,736.1,17747.02,Full-time,310279.05,2.0,21.0,542246.54
58,5551.06,31.0,Bachelor,Seoul,Service,782.4,27526.91,Full-time,184379.95,4.0,10.0,553139.44
40,2822.69,14.0,Master,Busan,Service,586.6,11069.51,Self-employed,,1.0,10.0,431909.12
27,5161.44,2.0,Bachelor,Seoul,Service,574.9,37936.05,Self-employed,200739.42,2.0,21.0,454228.25
47,5197.91,27.0,Bachelor,Incheon,Service,696.6,21365.44,Full-time,50000.0,5.0,24.0,350309.38
24,2668.41,6.0,High School,Incheon,Manager,806.3,32684.08,Full-time,238352.04,5.0,18.0,515591.89
36,3722.08,18.0,Master,Gwangju,Service,,53958.52,Full-time,164929.7,4.0,7.0,403869.95
56,2015.83,38.0,Bachelor,Seoul,Office,553.8,22147.18,Full-time,187426.35,3.0,26.0,543139.19
55,5204.43,34.0,,Seoul,Teacher,643.7,27996.1,Full-time,50000.0,1.0,22.0,354020.2
38,5197.53,15.0,Bachelor,Seoul,Manager,632.6,22394.38,Self-employed,245419.0,4.0,15.0,525006.1
46,6345.54,25.0,Master,Seoul,Manager,,26253.91,Full-time,161387.63,3.0,24.0,379474.25
53,3856.8,33.0,Master,Daegu,Service,633.3,25186.36,Full-time,175543.04,5.0,20.0,479436.09
30,4877.2,5.0,Master,Gwangju,Teacher,707.9,39996.62,Full-time,309852.27,2.0,22.0,463587.27
64,,39.0,Bachelor,Busan,Office,828.5,38667.34,Self-employed,50000.0,5.0,7.0,446902.76
31,3069.16,8.0,Bachelor,Busan,Teacher,724.9,25272.46,Self-employed,251601.6,4.0,,427286.71
40,2841.05,14.0,Bachelor,Busan,Engineer,744.5,29440.95,Self-employed,253263.25,3.0,23.0,440833.56
30,3115.67,3.0,Bachelor,Daegu,,592.9,23984.93,Full-time,240180.31,4.0,11.0,411816.71
58,3676.06,40.0,High School,Gwangju,Office,672.4,44983.67,Full-time,313991.2,5.0,11.0,575075.73
47,2894.17,22.0,Master,Gwangju,Office,662.4,5000.0,Full-time,295158.67,1.0,1.0,456270.17
24,3180.26,1.0,,Daegu,Office,706.1,18581.0,,231047.23,5.0,26.0,431904.12
36,5521.37,18.0,High School,Seoul,Manager,727.7,33108.4,Full-time,156089.7,4.0,5.0,436233.78
39,4055.48,18.0,Bachelor,Incheon,Manager,756.2,38133.97,Self-employed,181883.94,3.0,3.0,422671.53
60,4660.05,38.0,High School,Seoul,Engineer,682.6,43228.34,Self-employed,218030.22,4.0,28.0,508188.84
65,3373.92,41.0,Master,Busan,Teacher,638.2,28001.18,Full-time,,2.0,12.0,433650.33
31,3275.45,6.0,Master,Seoul,Service,777.9,20919.88,Full-time,177467.8,2.0,29.0,413919.41
25,4628.33,0.0,Master,Daegu,Engineer,738.0,27673.33,Full-time,321629.04,3.0,3.0,528389.91
36,4389.09,13.0,Master,Busan,Service,729.5,39621.64,Full-time,186748.51,5.0,8.0,411729.38
38,5366.98,11.0,Bachelor,Incheon,Service,676.8,20624.97,Full-time,288619.74,4.0,6.0,507625.31
45,6152.39,19.0,Bachelor,Busan,Engineer,777.3,27266.0,Full-time,294168.63,6.0,5.0,558850.36
63,3162.88,42.0,Bachelor,Seoul,Teacher,579.4,24403.25,Self-employed,322978.3,6.0,17.0,651838.11
63,5491.78,38.0,High School,Gwangju,,751.4,42963.7,Self-employed,192972.72,2.0,14.0,454106.2
51,,31.0,Bachelor,Gwangju,Manager,751.0,14058.17,Full-time,198503.98,1.0,15.0,363314.92
25,7310.67,4.0,,Gwangju,Manager,607.9,,Self-employed,246275.87,2.0,0.0,420667.45
55,3020.54,28.0,Bachelor,Busan,Engineer,625.6,26519.97,Full-time,152367.11,5.0,9.0,445409.28
57,5235.95,36.0,Bachelor,Gwangju,Service,577.2,35443.02,Full-time,160417.52,3.0,29.0,424267.87
30,2569.14,7.0,Master,Daegu,Engineer,720.8,21872.02,Full-time,305068.82,1.0,3.0,461878.79
52,3971.86,26.0,High School,Incheon,Manager,473.5,5969.09,Self-employed,160901.82,4.0,30.0,449723.74
43,6518.6,20.0,Bachelor,Gwangju,Engineer,697.9,35793.15,Full-time,263394.67,4.0,24.0,551762.59
42,2973.44,24.0,,Daegu,Service,618.9,22664.99,Full-time,253774.99,6.0,3.0,512128.45
34,7506.28,12.0,,Daegu,Service,601.3,30704.05,Full-time,219182.16,3.0,17.0,446456.11
46,4192.09,20.0,Bachelor,Busan,Manager,529.8,24465.66,Full-time,242703.28,1.0,12.0,401896.13
30,5663.57,8.0,Master,Busan,Office,609.1,5000.0,Part-time,277964.8,1.0,,432203.91
36,4804.42,13.0,Bachelor,Incheon,Office,,31895.38,Full-time,,1.0,21.0,532957.44
33,4885.56,13.0,Master,Incheon,Teacher,622.5,34828.67,Self-employed,,3.0,,359493.0
46,2060.83,21.0,Bachelor,Seoul,Manager,713.6,25661.6,Full-time,137081.37,3.0,19.0,411105.87
37,3490.72,10.0,Bachelor,Incheon,Teacher,592.7,14470.37,Self-employed,211578.73,4.0,9.0,386414.9
47,5993.96,26.0,Bachelor,Busan,Manager,762.1,50069.09,Full-time,250069.02,2.0,20.0,525358.84
23,3683.52,,Bachelor,Daegu,Service,728.4,32685.33,Full-time,243949.09,5.0,0.0,487392.92
26,4408.25,4.0,Bachelor,Seoul,Manager,661.8,11602.34,Self-employed,366160.18,4.0,1.0,524406.61
64,,37.0,Bachelor,Incheon,,698.5,55600.69,,138515.13,6.0,8.0,517025.76
54,3393.63,28.0,High School,,Teacher,705.4,20659.62,Full-time,79580.13,6.0,0.0,424782.16
28,5884.56,3.0,Bachelor,Busan,Manager,599.9,,Full-time,263672.83,6.0,14.0,504964.86
27,2276.06,3.0,Bachelor,Gwangju,Teacher,614.9,35861.08,Full-time,238962.55,1.0,26.0,365275.92
64,5275.62,42.0,Bachelor,Seoul,Manager,,32260.8,Self-employed,,2.0,14.0,531517.43
36,4466.67,10.0,Bachelor,Daegu,Office,803.7,44684.53,Self-employed,288632.31,5.0,23.0,461265.71
36,,10.0,Master,Busan,Teacher,691.7,6123.09,Full-time,81145.92,1.0,,363741.95
52,3780.11,,Master,,Service,735.4,34874.61,Full-time,72808.38,3.0,26.0,274824.73
51,3463.46,24.0,Bachelor,Seoul,Service,776.4,23947.23,Full-time,50000.0,2.0,24.0,295602.08
27,3597.04,8.0,Master,Seoul,Manager,654.0,,Part-time,159690.49,3.0,1.0,434986.85
38,5594.61,17.0,High School,Incheon,Service,673.9,5000.0,Full-time,323844.98,5.0,11.0,601241.12
57,3551.93,32.0,Master,Incheon,Service,737.1,31746.19,Full-time,93931.76,,17.0,504709.66
22,6911.39,,Bachelor,Seoul,Teacher,850.0,32594.14,Full-time,223292.18,5.0,22.0,516482.35
24,4649.3,2.0,Bachelor,Seoul,Manager,739.9,20806.18,Self-employed,245919.53,1.0,9.0,396572.63
32,3335.61,7.0,High School,Daegu,Teacher,704.3,24891.82,Full-time,351501.22,3.0,29.0,496501.56
65,5660.05,46.0,High School,Incheon,Manager,633.0,22446.78,Self-employed,146726.03,4.0,12.0,507336.44
50,5135.84,31.0,High School,Busan,Service,675.4,16337.96,Self-employed,143322.71,6.0,8.0,446095.6
35,1718.74,10.0,High School,Incheon,Manager,735.0,,Full-time,307978.4,4.0,25.0,474447.33
51,2648.29,24.0,High School,Incheon,Manager,726.5,,Full-time,,3.0,24.0,394967.25
41,4026.87,15.0,Master,Seoul,Engineer,,36102.86,Full-time,322804.58,5.0,2.0,545803.6
48,1824.59,24.0,Bachelor,Seoul,Manager,784.8,20133.13,Full-time,250336.77,6.0,22.0,555762.36
41,7335.79,,,Incheon,Engineer,784.9,5000.0,Full-time,69925.44,2.0,,322889.65
62,,40.0,Master,Gwangju,Teacher,671.1,26869.05,Part-time,275521.12,6.0,7.0,595731.41
22,4180.0,4.0,High School,Gwangju,Engineer,702.4,31404.83,Self-employed,258393.89,3.0,13.0,411042.03
29,3685.94,8.0,Master,Incheon,Teacher,628.7,25075.9,Full-time,199423.18,1.0,23.0,350917.58
61,3300.5,42.0,Bachelor,Gwangju,Manager,615.3,,Full-time,166784.29,4.0,23.0,469509.35
40,1253.95,20.0,Bachelor,Incheon,Teacher,707.8,39061.82,Full-time,357317.95,6.0,23.0,562331.28
35,1600.69,15.0,High School,Seoul,Service,617.6,27181.04,,50000.0,1.0,26.0,248902.22
31,7051.68,5.0,High School,Seoul,Manager,731.9,37798.28,Full-time,91420.8,2.0,25.0,360506.05
21,6560.4,0.0,Bachelor,Seoul,Engineer,648.2,31723.53,Full-time,175075.0,4.0,15.0,393272.07
60,3336.33,39.0,High School,Busan,Office,764.0,16718.5,Part-time,261099.43,4.0,5.0,587519.63
43,5562.0,24.0,Bachelor,Seoul,Manager,673.2,41393.54,Self-employed,219790.15,4.0,8.0,471365.29
54,4959.63,34.0,High School,Seoul,Service,526.1,11826.24,Full-time,,6.0,20.0,496511.83
49,5136.43,29.0,Bachelor,Incheon,Teacher,650.2,5000.0,Full-time,265045.4,1.0,3.0,443917.35
49,2062.23,25.0,High School,Gwangju,Engineer,688.5,29198.51,Full-time,72308.39,5.0,22.0,408367.16
54,1487.73,29.0,Master,Gwangju,Engineer,541.3,35189.97,Full-time,250896.34,1.0,18.0,370396.43
38,5973.89,15.0,Bachelor,Seoul,Service,548.7,34364.76,Self-employed,194499.58,5.0,23.0,541710.85
27,1231.05,6.0,Master,Seoul,Service,665.0,13508.82,Full-time,277039.22,6.0,,527847.76
45,3977.71,22.0,High School,Seoul,Manager,760.4,,Full-time,261957.43,3.0,,513540.62
59,3648.45,41.0,Master,Incheon,Office,,8065.99,Full-time,284753.66,4.0,23.0,498648.62
26,3509.77,0.0,Bachelor,Incheon,Office,678.8,32190.44,Full-time,168091.3,1.0,10.0,391388.36
49,4671.68,24.0,Bachelor,Incheon,,611.8,29065.81,Full-time,157375.54,2.0,20.0,411380.44
26,3183.61,8.0,High School,Gwangju,Engineer,607.9,34520.7,Full-time,236527.84,2.0,9.0,342195.91
22,4793.6,0.0,Bachelor,Busan,Manager,731.9,37467.44,Self-employed,96085.71,5.0,7.0,335622.13
20,4411.73,1.0,High School,Gwangju,Engineer,695.9,34393.07,Full-time,408297.63,5.0,2.0,511084.86
55,7348.1,32.0,Bachelor,Incheon,Manager,748.4,12024.62,Full-time,356662.39,4.0,18.0,599213.34
44,2121.89,18.0,,Daegu,,776.3,21886.03,Full-time,87706.44,5.0,3.0,355144.56
56,4243.9,34.0,Bachelor,Busan,Teacher,643.7,14330.94,Full-time,239389.02,2.0,28.0,526091.62
20,4847.02,0.0,High School,Seoul,Service,715.2,5000.0,Full-time,320489.69,1.0,12.0,565637.66
34,3815.4,15.0,,Gwangju,Engineer,725.8,36925.85,Full-time,186637.7,1.0,8.0,380808.92
56,2194.39,36.0,Bachelor,Busan,Teacher,624.2,,Full-time,156255.41,5.0,20.0,397777.49
32,6085.65,9.0,PhD,Daegu,Manager,628.4,16889.25,Full-time,320355.34,5.0,21.0,597430.84
59,4705.4,34.0,Bachelor,Busan,Manager,737.8,18582.06,Self-employed,334997.39,6.0,19.0,564083.25
27,2299.65,2.0,Master,Gwangju,Teacher,680.1,,Self-employed,82975.66,2.0,29.0,290808.61
24,4858.0,2.0,Bachelor,Incheon,,610.2,21400.19,Part-time,229977.97,3.0,12.0,420697.01
28,6752.35,6.0,Bachelor,Seoul,Teacher,614.5,41208.79,Full-time,209738.42,1.0,8.0,449154.06
20,4145.53,0.0,High School,Incheon,,577.3,23375.71,Full-time,70529.7,5.0,19.0,296458.32
55,4196.68,,High School,Incheon,Teacher,651.3,17878.01,Full-time,83440.31,6.0,18.0,472942.1
54,6552.01,30.0,Master,Gwangju,Service,,33175.12,Full-time,141724.89,6.0,15.0,500568.64
21,2744.42,0.0,Bachelor,Incheon,Office,688.2,17088.39,Self-employed,221339.11,6.0,17.0,474661.2
59,6791.33,41.0,,Incheon,Teacher,850.0,36480.16,Full-time,329781.36,6.0,18.0,671949.45
42,5659.37,21.0,Bachelor,Gwangju,Service,716.8,27296.45,Self-employed,50000.0,4.0,16.0,370732.14
28,2813.67,5.0,Bachelor,Gwangju,Engineer,765.4,38930.09,Full-time,230085.03,5.0,11.0,491451.89
53,3197.6,30.0,,Daegu,Engineer,712.1,39975.3,Full-time,139038.68,5.0,10.0,405412.04
65,3412.78,45.0,Bachelor,Incheon,Teacher,548.1,12350.1,Full-time,265155.29,6.0,,556482.11
33,1449.65,10.0,,Busan,Teacher,,28786.05,Self-employed,306543.1,1.0,16.0,417402.49
23,4590.71,0.0,Bachelor,Seoul,Manager,625.4,27444.07,Full-time,309083.49,5.0,5.0,451150.97
49,2881.58,26.0,Bachelor,Seoul,Service,614.0,26622.06,Full-time,211706.43,4.0,30.0,518739.71
50,4644.83,24.0,PhD,Gwangju,Teacher,,41915.15,Full-time,191456.68,4.0,26.0,435815.49
57,2263.59,31.0,Bachelor,Gwangju,Engineer,730.5,27812.08,Full-time,333296.27,6.0,14.0,580201.55
30,5584.52,11.0,Bachelor,Daegu,Engineer,655.6,11371.73,Full-time,191852.46,4.0,1.0,391156.77
54,5306.44,33.0,High School,,Engineer,,22488.84,Full-time,224764.18,2.0,13.0,498867.48
27,3141.18,1.0,High School,Gwangju,,694.7,19598.32,,180715.06,4.0,26.0,350602.61
22,4739.47,1.0,Master,Gwangju,Office,705.4,23052.61,Full-time,248488.66,6.0,26.0,501323.67
33,4324.38,8.0,Master,Seoul,Teacher,675.3,27821.6,Full-time,103830.31,6.0,2.0,402912.06
32,6423.45,5.0,,Incheon,Office,782.9,19622.77,Full-time,195048.93,6.0,24.0,441180.57
64,2651.28,44.0,Bachelor,Daegu,Service,623.9,35344.54,Full-time,227838.23,1.0,11.0,454978.89
51,3971.55,31.0,High School,Gwangju,Teacher,628.5,46236.26,Full-time,307880.17,3.0,28.0,482963.49
53,3238.97,27.0,Master,Gwangju,,654.5,30118.05,Full-time,205397.55,5.0,24.0,460714.33
64,4267.23,37.0,High School,,Teacher,720.2,37454.87,Full-time,50000.0,5.0,5.0,414390.41
38,4999.91,13.0,Master,Seoul,Teacher,731.0,16062.5,Full-time,169812.52,5.0,22.0,470373.82
57,3222.29,39.0,Bachelor,Gwangju,Teacher,635.2,38264.79,,344013.17,4.0,4.0,576932.31
35,3653.84,8.0,Bachelor,Gwangju,Teacher,751.7,44447.34,Full-time,233352.79,4.0,6.0,422744.34
21,5649.06,2.0,Master,Seoul,Teacher,601.6,42691.58,Self-employed,158445.54,4.0,5.0,411557.4
59,6235.99,39.0,PhD,Gwangju,Service,737.0,21003.9,Full-time,134240.18,3.0,20.0,403267.3
36,4940.27,17.0,Bachelor,Incheon,Teacher,708.6,,Full-time,251751.97,3.0,18.0,498401.34
53,3993.06,33.0,Master,,Service,681.4,49120.68,Full-time,161590.36,3.0,,427770.91
61,3850.35,36.0,Master,Seoul,Teacher,717.8,21269.22,Part-time,222324.13,3.0,17.0,508742.42
35,5022.19,12.0,Master,Incheon,Teacher,670.5,36412.38,Self-employed,154862.3,3.0,20.0,356874.46
57,4541.65,33.0,PhD,Daegu,Service,700.4,21092.26,Full-time,144155.85,5.0,13.0,455579.94
21,1726.54,0.0,Bachelor,Gwangju,Teacher,850.0,11726.52,Full-time,187224.01,5.0,7.0,387027.43
21,5058.58,0.0,Master,Daegu,Engineer,,25431.47,Self-employed,209550.48,3.0,13.0,348372.6
45,2909.15,22.0,Master,Incheon,Teacher,636.6,21257.21,Full-time,215262.26,5.0,20.0,462641.19
32,2074.6,14.0,Bachelor,Seoul,Manager,655.6,26365.63,Full-time,196340.14,3.0,18.0,459602.52
50,1697.48,30.0,Bachelor,Seoul,Service,776.7,5000.0,Full-time,313281.82,3.0,25.0,586946.83
53,3875.84,35.0,Bachelor,Daegu,Teacher,648.4,32610.56,Full-time,185280.95,3.0,30.0,348854.55
58,2675.21,31.0,Master,Incheon,Teacher,816.1,25212.35,Full-time,342376.93,5.0,2.0,591983.76
22,1000.0,0.0,Master,Gwangju,Service,741.2,37006.91,Part-time,206247.25,2.0,14.0,399982.98
27,3662.32,1.0,Bachelor,Incheon,,571.5,22493.6,Part-time,163748.54,2.0,20.0,381852.35
42,3464.14,20.0,Bachelor,Incheon,Engineer,,48794.75,Full-time,245215.08,6.0,29.0,489299.81
33,3975.15,12.0,High School,Seoul,Engineer,507.5,22752.85,Full-time,283598.22,6.0,15.0,569319.86
46,3256.65,20.0,High School,Busan,Teacher,652.1,29351.82,Full-time,150507.0,2.0,24.0,317080.94
48,6943.99,22.0,Bachelor,Gwangju,Service,748.4,16216.32,Self-employed,98080.09,1.0,14.0,300204.44
58,4976.01,38.0,Bachelor,Gwangju,Manager,530.7,29163.6,Full-time,304706.96,2.0,13.0,464214.35
58,3450.58,,Master,Seoul,Teacher,842.4,31225.34,Part-time,333874.29,2.0,14.0,619773.54
20,4104.56,0.0,Bachelor,Incheon,Engineer,757.5,21205.57,Full-time,265705.19,2.0,23.0,437865.14
36,6321.96,9.0,Master,Seoul,Teacher,601.7,37108.05,Self-employed,156642.99,4.0,6.0,440838.53
60,5634.93,41.0,,Incheon,Service,801.6,21256.36,,207110.28,3.0,4.0,445298.54
49,,31.0,PhD,Busan,Manager,527.2,41608.58,,118113.75,6.0,8.0,449509.12
32,2738.56,5.0,Bachelor,Busan,Office,599.4,11559.49,Full-time,307550.58,5.0,15.0,554538.81
40,3027.23,21.0,Bachelor,Daegu,Manager,566.8,27213.81,Full-time,238597.3,,27.0,448720.04
38,3540.45,13.0,Bachelor,,Teacher,522.0,59535.01,Full-time,258171.85,3.0,1.0,516099.58
38,3306.87,13.0,Bachelor,Seoul,Engineer,653.3,5000.0,Self-employed,231020.94,2.0,21.0,473278.03
44,4251.01,24.0,High School,Seoul,Service,695.3,39447.72,Full-time,220316.82,2.0,22.0,531969.94
41,5303.58,17.0,High School,Seoul,Teacher,692.9,31798.8,Full-time,237757.71,4.0,6.0,499338.48
50,5553.99,26.0,Master,Daegu,Office,690.4,24316.27,Full-time,219958.18,5.0,11.0,494011.89
36,3709.8,17.0,Bachelor,Gwangju,Service,684.2,41193.55,Full-time,319223.22,4.0,26.0,490728.91
42,1747.96,16.0,PhD,Seoul,Service,585.5,33131.01,Self-employed,100775.14,,28.0,320973.79
51,2639.39,31.0,Bachelor,Busan,Service,639.8,24455.4,,146318.94,6.0,15.0,427460.8
29,3420.34,10.0,PhD,Seoul,Teacher,459.9,19163.13,,189167.84,3.0,3.0,410133.11
29,2332.45,9.0,Bachelor,Seoul,Office,766.4,22923.51,Full-time,204250.45,1.0,1.0,360523.16
55,,36.0,High School,Seoul,Teacher,687.6,25044.14,Self-employed,305158.29,6.0,16.0,642108.84
27,2430.69,2.0,Bachelor,Gwangju,Service,685.5,25890.86,Full-time,,5.0,16.0,255778.38
39,5125.59,17.0,Master,Seoul,Service,,18458.01,Self-employed,266110.1,,2.0,540121.16
51,1677.18,31.0,Bachelor,Gwangju,Engineer,748.1,29795.77,Self-employed,208180.5,4.0,15.0,468603.52
33,5185.8,11.0,High School,,Manager,651.1,20181.49,Full-time,292511.4,4.0,22.0,459977.93
47,3991.1,22.0,Bachelor,Daegu,Teacher,670.6,29632.68,Self-employed,253502.9,2.0,26.0,423996.54
65,6468.8,41.0,Bachelor,Busan,Office,805.3,50942.93,Full-time,209165.04,4.0,4.0,527358.95
43,2502.66,20.0,Bachelor,Seoul,Service,633.2,38248.68,Self-employed,135517.23,3.0,6.0,384517.0
34,3353.83,16.0,,,Teacher,804.6,27534.73,,249110.07,2.0,27.0,491347.96
41,3644.35,14.0,Master,Seoul,Manager,652.0,13824.53,Full-time,186342.65,1.0,12.0,335854.36
49,3971.25,31.0,Bachelor,Gwangju,Teacher,527.3,29701.9,Full-time,210878.47,3.0,8.0,386974.1
23,3681.03,5.0,Master,Incheon,Manager,687.2,49434.47,Full-time,286523.7,5.0,7.0,470853.69
32,3709.98,5.0,Bachelor,Busan,Teacher,651.4,15903.22,Full-time,345431.78,5.0,0.0,529365.16
42,3685.41,17.0,Bachelor,Seoul,Engineer,572.1,5000.0,Part-time,81386.57,3.0,29.0,412787.71
27,1093.23,2.0,PhD,Incheon,Teacher,673.5,31785.53,Part-time,286871.57,6.0,3.0,524111.88
37,5690.0,13.0,Bachelor,Incheon,Engineer,641.2,46448.02,Self-employed,330371.93,4.0,20.0,483712.69
31,8491.7,8.0,Bachelor,Incheon,Manager,829.9,42575.89,Full-time,206012.28,4.0,6.0,483464.17
50,4647.41,29.0,Master,Busan,Service,757.5,47864.68,Full-time,121989.72,4.0,10.0,402132.13
33,2496.37,15.0,High School,Incheon,Service,603.1,12545.84,Self-employed,250555.28,5.0,7.0,469851.76
53,2648.19,27.0,Bachelor,Seoul,Teacher,620.8,23217.78,Self-employed,204458.9,3.0,7.0,438993.02
37,5119.76,19.0,High School,Seoul,Office,760.0,32427.22,Full-time,,4.0,19.0,719700.6
53,4778.2,32.0,High School,Daegu,Teacher,777.0,5000.0,Part-time,248400.78,6.0,29.0,479264.22
30,3773.56,10.0,High School,Gwangju,Engineer,653.4,27668.02,Full-time,178816.11,2.0,10.0,350109.29
60,5330.11,36.0,High School,Incheon,Engineer,641.5,21617.72,Full-time,95086.53,,6.0,445191.26
31,1104.17,9.0,Bachelor,,Manager,669.8,25041.61,Self-employed,137367.29,6.0,27.0,353650.94
34,5331.09,12.0,Master,Gwangju,Teacher,703.2,31206.69,Part-time,295281.95,3.0,10.0,459364.09
50,4556.64,29.0,Bachelor,Gwangju,Manager,738.1,23954.97,Full-time,72654.05,6.0,17.0,360823.18
48,2706.08,30.0,Bachelor,Gwangju,Office,742.2,14919.95,Full-time,75530.78,3.0,24.0,330033.6
45,2050.01,23.0,,Gwangju,Service,,36466.12,,304686.09,3.0,21.0,482954.71
37,4381.99,16.0,Master,Seoul,Service,651.2,14791.98,Self-employed,188089.61,3.0,3.0,433694.72
51,6310.86,24.0,Master,Busan,Teacher,513.0,26647.68,Full-time,197395.32,1.0,5.0,414848.63
41,3857.86,16.0,Master,Incheon,Manager,678.1,18017.7,Part-time,269182.34,2.0,30.0,497149.6
57,2920.97,38.0,Master,Incheon,Manager,569.0,36203.87,Full-time,199651.28,6.0,6.0,493557.69
36,4486.93,11.0,High School,Seoul,Office,621.5,9112.43,Full-time,84425.0,1.0,,304389.16
42,6931.31,,Bachelor,Seoul,Manager,768.3,26816.44,Full-time,163897.94,6.0,7.0,481937.14
43,4846.95,22.0,Bachelor,Gwangju,Engineer,711.2,31689.36,Self-employed,259866.02,4.0,3.0,472983.91
27,5009.1,7.0,Bachelor,Busan,Engineer,707.9,,Full-time,,,8.0,484460.98
60,6034.2,38.0,Bachelor,Incheon,Engineer,680.2,,Full-time,347430.31,1.0,5.0,590344.91
25,4908.84,3.0,,Daegu,Teacher,792.3,37926.38,Full-time,255001.46,1.0,16.0,392015.87
24,3028.55,2.0,High School,Seoul,Engineer,629.8,33435.02,Full-time,146802.64,5.0,18.0,415998.03
63,1583.15,42.0,Master,Daegu,Engineer,693.1,,Full-time,339538.62,3.0,13.0,505326.44
48,2817.52,23.0,,Incheon,Service,688.8,34907.83,Full-time,345241.9,1.0,0.0,522806.86
47,2542.91,27.0,Bachelor,Seoul,Teacher,652.1,,Full-time,160149.53,3.0,5.0,404057.66
30,5188.96,,Bachelor,Incheon,Engineer,850.0,18677.71,Full-time,267836.21,,21.0,529552.99
20,5397.52,2.0,Bachelor,,Office,582.3,41940.31,Full-time,276635.67,1.0,6.0,500260.3
62,4463.36,38.0,Bachelor,Incheon,,532.1,38853.11,Part-time,248880.86,5.0,0.0,590420.42
38,2296.96,20.0,Bachelor,Daegu,Teacher,688.6,19550.48,Full-time,102929.01,5.0,16.0,333086.92
28,6879.9,9.0,High School,Busan,Manager,631.8,21671.78,Self-employed,474008.35,4.0,20.0,660490.37
46,,22.0,High School,Seoul,Service,494.3,16456.26,Full-time,183642.93,1.0,20.0,304115.58
53,5105.22,35.0,Bachelor,Daegu,Service,710.1,40708.91,Self-employed,,2.0,16.0,509144.88
63,4273.99,43.0,Master,Incheon,Teacher,699.3,19786.87,Full-time,298106.69,3.0,6.0,566219.94
23,4513.0,0.0,High School,Daegu,,769.8,20012.13,Full-time,184868.97,6.0,13.0,357801.01
55,5052.28,,Bachelor,Seoul,Office,635.5,25186.63,Full-time,325397.29,6.0,6.0,655013.37
37,3155.97,14.0,,Daegu,Engineer,531.3,14483.74,Full-time,219930.12,6.0,21.0,431167.34
34,6158.1,15.0,Master,Incheon,Engineer,604.9,33867.5,Full-time,166002.98,6.0,12.0,446627.01
32,1830.74,13.0,High School,Gwangju,Office,526.3,24438.8,Full-time,98665.75,1.0,22.0,276345.42
38,2642.17,15.0,Master,Busan,Service,799.7,41173.36,Self-employed,187915.36,4.0,27.0,470040.41
25,6138.64,0.0,PhD,Busan,,760.5,38217.27,Full-time,250855.99,5.0,21.0,489432.47
31,5085.01,9.0,Master,Gwangju,Manager,782.7,47568.05,Full-time,,6.0,25.0,376585.48
56,8010.59,32.0,Master,Seoul,Manager,733.3,9177.89,,275641.9,1.0,17.0,542446.64
36,4302.53,12.0,Master,Daegu,Teacher,,12673.47,Full-time,360710.1,4.0,20.0,482250.61
42,6750.64,20.0,Bachelor,Daegu,Teacher,,28036.77,Full-time,194201.25,2.0,6.0,413857.92
45,1413.78,20.0,Bachelor,Gwangju,Office,743.4,29408.55,Self-employed,317262.97,6.0,1.0,562470.45
48,2079.73,21.0,Bachelor,Gwangju,Office,544.0,24529.66,Self-employed,235215.87,3.0,20.0,405860.02
52,5543.29,29.0,Bachelor,Incheon,Teacher,715.3,47690.38,Full-time,246105.85,2.0,18.0,482694.52
46,1589.45,24.0,Bachelor,Incheon,Engineer,742.3,23191.06,Full-time,220968.76,2.0,13.0,376591.22
44,,,Master,Busan,Service,850.0,33610.77,Full-time,253503.99,6.0,24.0,604384.51
29,5950.81,5.0,PhD,Seoul,Manager,756.4,32039.31,Full-time,150418.5,3.0,,417161.89
42,4951.76,21.0,,Seoul,Office,718.0,20732.46,Full-time,158030.69,1.0,0.0,409886.05
40,4216.64,18.0,Bachelor,Gwangju,Teacher,682.3,33580.39,Part-time,168953.72,3.0,15.0,396149.65
40,3526.34,,Bachelor,Busan,Manager,723.5,,Full-time,71285.03,4.0,6.0,283561.58
62,4503.34,,High School,Busan,Office,728.8,42863.25,Full-time,117052.56,2.0,25.0,441957.77
32,5065.87,14.0,Bachelor,Incheon,Office,514.3,41959.11,Full-time,212215.1,6.0,15.0,457837.92
56,3208.66,36.0,High School,Daegu,Engineer,697.1,5000.0,Self-employed,171135.67,3.0,19.0,422214.06
52,4757.6,32.0,Bachelor,Seoul,Office,468.4,9544.07,Self-employed,216101.23,5.0,11.0,488314.14
43,5817.65,24.0,Bachelor,Busan,Service,499.7,26256.45,Full-time,273191.74,3.0,4.0,434710.9
63,3866.28,44.0,High School,Incheon,Office,683.4,38357.55,Full-time,241121.52,,16.0,500762.37
30,4302.18,7.0,Bachelor,Incheon,Service,718.3,,Full-time,210678.72,4.0,20.0,433224.32
36,4925.67,18.0,Bachelor,Incheon,Engineer,573.9,32975.05,Full-time,63007.98,,26.0,374671.13
23,5027.0,0.0,Bachelor,Daegu,Service,767.5,61470.13,Full-time,224219.81,2.0,23.0,360525.58
44,5517.68,22.0,Master,Busan,Manager,801.6,20525.32,Full-time,162505.86,4.0,12.0,439069.34
49,2678.44,26.0,Bachelor,Gwangju,Office,744.5,33305.65,Full-time,,4.0,13.0,492186.5
28,3406.62,,Bachelor,Gwangju,Teacher,677.9,29972.86,Part-time,152238.38,5.0,30.0,329468.86
40,3462.18,16.0,,Incheon,Teacher,704.5,38307.64,Self-employed,,4.0,21.0,386622.65
39,2844.13,21.0,High School,Incheon,Service,689.0,39402.94,Self-employed,,6.0,28.0,592174.56
38,1502.38,,Master,Daegu,Engineer,697.1,34660.61,Full-time,66726.01,,15.0,285134.98
38,1000.0,15.0,High School,Incheon,Service,598.1,44813.6,Full-time,363624.77,5.0,12.0,591731.55
31,5993.18,13.0,Master,Busan,Service,650.2,44079.24,Full-time,229006.89,1.0,17.0,402718.57
56,1869.16,32.0,Bachelor,Incheon,Service,684.8,32969.61,Full-time,191397.29,4.0,17.0,477791.9
61,6549.76,40.0,Bachelor,Incheon,Manager,,26735.53,Full-time,183233.74,3.0,26.0,453591.93
36,5309.11,16.0,Master,Busan,Manager,727.2,31478.53,Full-time,294800.72,4.0,8.0,495271.73
56,3591.47,29.0,Master,Seoul,Service,600.1,8072.92,Full-time,238482.12,2.0,27.0,465780.29
58,5124.63,32.0,Master,Gwangju,Engineer,666.2,21690.11,Full-time,234784.62,3.0,30.0,425480.93
47,4837.7,29.0,Bachelor,Incheon,Office,658.5,16411.33,Full-time,214417.85,3.0,0.0,404251.47
60,2547.34,35.0,High School,Busan,Teacher,,38681.34,Self-employed,180827.52,1.0,27.0,468462.49
54,,36.0,Master,Gwangju,Manager,700.0,44204.08,Self-employed,326257.22,2.0,1.0,506830.97
37,2730.24,15.0,High School,Daegu,Office,733.9,35933.23,Full-time,179634.39,2.0,7.0,357701.34
33,5181.19,6.0,Master,Seoul,Manager,759.7,26448.33,Full-time,110946.53,2.0,30.0,366959.85
54,3127.17,29.0,Master,Incheon,Manager,,19124.57,Full-time,245986.07,4.0,12.0,505738.14
63,4055.06,40.0,Master,Seoul,Manager,517.2,38518.79,Self-employed,98354.93,,5.0,384024.16
60,3990.3,36.0,Master,Incheon,Service,665.7,40544.0,Full-time,345289.77,3.0,18.0,615980.08
26,,1.0,High School,Incheon,Service,734.2,26853.43,Full-time,254953.02,1.0,30.0,392320.52
60,6693.83,37.0,Bachelor,Incheon,Manager,690.4,28717.74,,50000.0,4.0,18.0,417151.58
32,3838.56,9.0,High School,Seoul,Manager,546.6,23792.78,Full-time,252372.98,6.0,29.0,560656.58
37,6026.89,14.0,High School,Daegu,Teacher,596.5,32994.54,Part-time,188278.14,6.0,26.0,395767.8
56,4920.0,34.0,Bachelor,Busan,Office,609.0,23335.13,Full-time,328322.8,4.0,24.0,598896.57
32,6327.6,7.0,High School,Busan,Office,706.3,27052.74,Part-time,208058.55,1.0,1.0,389261.51
55,3692.35,36.0,,Daegu,Engineer,698.7,13950.39,Full-time,,2.0,30.0,403059.47
50,5244.2,26.0,PhD,Daegu,Engineer,801.9,31146.79,,185979.35,3.0,9.0,447967.38
21,4111.1,0.0,Bachelor,Incheon,Engineer,681.0,,Part-time,194871.25,4.0,4.0,414066.03
35,1000.0,17.0,Bachelor,Incheon,Service,696.3,32167.86,Self-employed,50000.0,1.0,22.0,250043.42
28,2565.23,6.0,Master,Busan,Service,573.0,40508.82,Part-time,171618.88,1.0,21.0,388126.93
28,5073.57,,Master,Incheon,Teacher,667.5,37162.74,Full-time,134664.06,2.0,29.0,363452.64
57,4974.4,36.0,Master,Incheon,,850.0,,Full-time,184334.08,5.0,0.0,486045.84
30,2257.53,6.0,Bachelor,Daegu,Engineer,707.4,27835.56,Full-time,312851.22,5.0,12.0,505538.44
41,4530.55,,Master,Seoul,Manager,635.2,21427.37,Self-employed,357594.48,5.0,11.0,602491.3
52,4954.89,31.0,High School,Gwangju,Engineer,713.2,39744.16,Full-time,237774.46,5.0,,472221.46
55,4148.0,37.0,Master,Gwangju,Teacher,763.4,33618.8,Full-time,168774.48,4.0,2.0,449156.27
64,5293.23,,Master,Incheon,Manager,719.8,40035.67,Full-time,99689.15,6.0,14.0,489370.07
42,5088.83,15.0,Master,Incheon,Service,746.5,29284.89,Full-time,178245.78,6.0,29.0,447241.24
64,4147.28,41.0,Bachelor,Gwangju,Manager,756.7,6527.87,Full-time,113910.64,1.0,4.0,321259.49
64,3433.76,40.0,Master,Daegu,Teacher,692.5,19343.68,Full-time,200938.35,6.0,27.0,458838.54
53,5763.81,35.0,Bachelor,Gwangju,Service,706.3,40015.86,Self-employed,214981.98,6.0,18.0,478459.39
28,,,Bachelor,Gwangju,Office,632.1,25641.82,Self-employed,235886.68,3.0,18.0,430342.12
43,2127.85,,,Gwangju,Engineer,631.2,40753.85,Full-time,228575.83,6.0,20.0,482520.98
27,4531.35,0.0,High School,Incheon,Engineer,673.6,,Full-time,56252.57,6.0,28.0,311430.12
26,2473.46,3.0,Bachelor,,Teacher,574.0,39158.48,Full-time,138405.32,6.0,12.0,382101.9
55,2753.15,36.0,Master,Gwangju,Teacher,709.5,38701.68,Part-time,140001.27,4.0,7.0,374172.72
37,3222.13,16.0,Master,Incheon,Engineer,616.3,,Full-time,182020.94,5.0,25.0,419106.67
22,4267.31,0.0,Master,Gwangju,Manager,694.3,25195.02,Full-time,228659.61,3.0,7.0,371931.12
47,4761.73,26.0,High School,Daegu,Office,,27927.79,Self-employed,,3.0,29.0,407984.9
25,3586.59,0.0,,Incheon,Office,574.7,38737.7,Full-time,488659.68,6.0,23.0,692616.03
63,3652.23,39.0,High School,Seoul,Teacher,712.8,29363.94,Full-time,324395.05,6.0,5.0,612608.9
63,3445.13,43.0,Master,Incheon,Teacher,514.8,10057.77,Part-time,131869.72,5.0,8.0,423499.3
40,5771.27,17.0,Bachelor,Daegu,Manager,727.1,10330.85,Part-time,332875.52,3.0,13.0,526720.94
47,1000.0,26.0,Master,Daegu,Teacher,728.2,22180.62,Full-time,361507.8,4.0,4.0,502318.35
59,3736.98,39.0,Bachelor,Incheon,Office,733.6,60257.96,Full-time,113694.02,2.0,15.0,371775.65
20,6517.48,0.0,PhD,Busan,Engineer,707.5,31365.38,Full-time,119298.17,4.0,13.0,388939.06
55,4975.85,36.0,Bachelor,Gwangju,Office,638.5,34144.33,Part-time,230610.0,4.0,9.0,533481.59
40,,20.0,Bachelor,Gwangju,Manager,641.4,10310.81,Full-time,310124.2,2.0,22.0,452475.17
62,1148.63,35.0,Bachelor,Daegu,Engineer,630.7,41242.54,Full-time,247785.73,5.0,16.0,465343.43
54,2336.63,,Master,Incheon,Engineer,762.4,24190.91,Full-time,73574.04,5.0,30.0,440998.44
32,4971.07,12.0,Bachelor,Busan,Office,815.3,46055.41,Full-time,152520.46,2.0,15.0,413021.79
29,6525.95,3.0,High School,Seoul,Engineer,686.8,13086.79,Self-employed,169989.99,,19.0,456451.59
63,2488.15,42.0,Bachelor,Gwangju,Engineer,600.9,26873.71,Part-time,291432.69,4.0,16.0,507791.16
29,3618.36,9.0,Master,Busan,Teacher,657.8,21862.89,Self-employed,99281.36,1.0,15.0,306888.61
65,,40.0,Bachelor,Gwangju,Engineer,758.3,35620.87,Full-time,112887.93,3.0,9.0,417790.3
32,2021.25,14.0,Bachelor,Incheon,Manager,724.3,39759.35,Part-time,225056.47,3.0,17.0,437938.44
56,4982.54,34.0,Bachelor,Gwangju,Engineer,682.7,20443.79,Full-time,219679.63,3.0,5.0,528262.42
57,1000.0,39.0,Master,Seoul,Teacher,658.9,37660.32,Full-time,296696.63,,16.0,527658.27
43,4938.36,19.0,,Incheon,Service,544.9,45025.65,Full-time,167081.73,4.0,8.0,377969.84
21,2707.37,0.0,Master,Daegu,Service,662.8,39771.67,Part-time,311803.72,5.0,21.0,490242.72
41,,22.0,Master,Busan,Manager,649.0,21115.27,Full-time,297608.15,6.0,7.0,529780.92
36,5177.83,18.0,Bachelor,Gwangju,Manager,646.3,22912.42,Full-time,211223.71,2.0,30.0,395181.81
55,4870.88,31.0,Bachelor,Incheon,Engineer,702.5,25447.52,Full-time,174194.8,3.0,25.0,476975.23
33,4188.03,15.0,Master,Incheon,Engineer,820.0,39361.65,Full-time,363383.29,6.0,25.0,651695.28
29,5653.56,9.0,PhD,Gwangju,Service,,33148.69,Self-employed,259726.47,1.0,7.0,303097.55
54,1649.74,31.0,Master,Daegu,,727.9,12903.66,Full-time,195496.18,6.0,11.0,457128.11
44,4506.62,21.0,Bachelor,Gwangju,Office,675.1,27808.3,,137530.72,2.0,17.0,334816.87
22,3014.74,0.0,High School,Daegu,,675.1,47627.81,Self-employed,330698.33,4.0,1.0,474602.4
57,5577.05,39.0,Bachelor,Gwangju,Service,771.3,39830.22,Full-time,165100.41,1.0,2.0,380887.97
36,5230.6,12.0,Bachelor,Incheon,Manager,709.9,20790.2,,174268.05,6.0,26.0,455030.67
31,5285.02,12.0,Bachelor,Seoul,Office,742.3,9568.71,Full-time,155740.37,1.0,23.0,382581.33
43,6668.07,20.0,Bachelor,Seoul,Office,779.2,22012.2,Full-time,187994.84,2.0,10.0,397801.99
48,5889.52,23.0,High School,Incheon,Engineer,709.0,27959.44,Full-time,254017.52,2.0,23.0,474337.53
62,3963.87,40.0,,Seoul,Engineer,699.6,23064.13,,176387.14,,20.0,520812.59
44,4198.1,17.0,High School,,Office,739.0,16219.7,Full-time,211654.89,4.0,29.0,393252.68
55,5101.41,35.0,High School,Incheon,Office,628.1,35030.89,Part-time,160036.81,2.0,12.0,427755.24
45,4404.26,20.0,Master,Daegu,Engineer,629.5,5000.0,Self-employed,261488.78,3.0,17.0,453502.08
57,5257.76,32.0,Bachelor,Incheon,Manager,619.3,41456.38,Self-employed,211435.12,6.0,,463300.91
20,1000.0,0.0,Bachelor,Daegu,Manager,640.8,37059.24,Full-time,115324.67,3.0,13.0,269196.61
39,7021.21,14.0,High School,Daegu,Manager,585.0,33123.64,Full-time,209364.61,2.0,19.0,385276.83
47,4291.54,25.0,Bachelor,Seoul,Manager,547.5,35149.41,,239810.79,,3.0,493001.59
35,1766.3,13.0,Bachelor,,Engineer,614.3,24591.93,Full-time,184919.65,6.0,22.0,434302.95
36,2829.31,16.0,High School,Gwangju,Teacher,491.8,27674.61,Full-time,50000.0,1.0,3.0,241317.98
59,1006.01,,High School,Seoul,Service,702.7,45637.9,,326414.02,1.0,9.0,513757.68
47,2564.65,21.0,Master,Daegu,Service,687.9,26174.59,Full-time,134461.29,3.0,21.0,366273.68
31,3986.63,5.0,High School,Daegu,Service,739.3,32610.51,Part-time,272371.47,1.0,26.0,431927.39
46,6472.07,28.0,High School,Gwangju,Service,605.4,,Full-time,187742.38,4.0,1.0,385801.91
61,4816.01,43.0,Master,Gwangju,Engineer,719.9,29264.43,Part-time,211859.83,1.0,30.0,451277.51
49,4549.29,22.0,Bachelor,Daegu,Teacher,615.3,25431.22,Full-time,203127.79,6.0,30.0,483449.43
60,2497.34,38.0,Master,Gwangju,,741.9,7040.52,Part-time,305255.77,6.0,17.0,581859.19
53,2963.27,35.0,High School,Busan,,534.2,37788.88,Full-time,239820.21,1.0,27.0,441703.61
56,3079.61,35.0,Bachelor,Seoul,Engineer,,40933.88,Full-time,232306.37,3.0,10.0,535903.98
25,3140.81,7.0,,Incheon,Office,648.1,28872.04,Full-time,116469.24,6.0,4.0,345958.66
26,3672.69,7.0,PhD,Gwangju,Teacher,743.8,42919.78,Full-time,347310.82,5.0,16.0,551655.55
51,3785.98,32.0,High School,Gwangju,Service,742.6,32558.9,Full-time,90803.05,4.0,1.0,424727.67
51,3691.38,30.0,Bachelor,Busan,Teacher,,5000.0,,330566.56,3.0,2.0,544327.76
44,3193.01,19.0,High School,Incheon,Manager,518.9,15345.11,Full-time,64770.82,4.0,24.0,308140.12
52,4402.58,33.0,High School,Busan,Teacher,,22131.9,Full-time,374037.63,4.0,24.0,600532.41
26,3728.38,0.0,Master,Incheon,Manager,606.0,20679.54,Full-time,255054.2,1.0,6.0,400738.7
31,1806.65,5.0,High School,Seoul,,816.6,28891.02,Full-time,176181.61,4.0,28.0,481678.45
35,4251.57,16.0,Master,Gwangju,Office,850.0,16984.83,Self-employed,102421.26,1.0,20.0,390756.13
35,4024.85,17.0,High School,Seoul,Teacher,775.3,48441.65,Full-time,218641.17,4.0,1.0,551474.02
62,1830.56,35.0,Master,Incheon,Office,611.4,5000.0,Self-employed,258993.76,6.0,1.0,539662.9
55,3313.05,28.0,Bachelor,Gwangju,Service,580.4,27029.25,Full-time,224877.23,5.0,7.0,441366.77
32,5095.61,6.0,Master,,Teacher,623.6,,Full-time,185385.96,4.0,15.0,350617.8
26,2495.33,7.0,High School,Daegu,Engineer,725.6,12363.25,Full-time,,2.0,2.0,345211.98
55,2336.73,30.0,Master,Busan,Engineer,594.9,35076.19,Part-time,320411.32,1.0,22.0,590211.36
28,3712.67,8.0,Master,Daegu,Engineer,531.3,15862.27,,192830.17,5.0,28.0,401765.47
51,5134.4,33.0,Bachelor,Busan,Manager,766.5,28484.37,Self-employed,251467.7,1.0,21.0,488842.53
30,6915.49,12.0,Master,Incheon,Engineer,632.0,16585.87,Full-time,266451.78,5.0,30.0,515142.63
27,5188.4,0.0,Bachelor,Seoul,Service,753.2,5146.4,Full-time,114465.67,1.0,28.0,349634.21
52,5827.24,33.0,Master,Daegu,Teacher,741.7,25326.35,Full-time,211384.7,2.0,5.0,423512.05
42,4720.05,18.0,Bachelor,Incheon,Teacher,695.8,31668.88,Part-time,331624.1,6.0,18.0,604780.37
44,3172.33,21.0,Bachelor,Seoul,Manager,747.1,20824.7,Full-time,244702.46,2.0,21.0,470764.59
27,5177.57,8.0,Master,Seoul,Manager,798.5,,Full-time,257884.65,5.0,12.0,549418.11
64,4071.59,43.0,Bachelor,Gwangju,Manager,741.1,31549.58,Full-time,183959.09,3.0,3.0,460438.06
41,4765.55,22.0,Bachelor,Gwangju,Service,743.3,36693.2,Full-time,312458.25,1.0,16.0,496941.67
23,2780.96,5.0,PhD,Gwangju,Teacher,711.0,20114.45,Part-time,385916.75,3.0,27.0,486752.73
59,4899.67,39.0,Bachelor,Daegu,Office,,20422.91,Full-time,154050.02,4.0,,473423.57
22,4019.24,1.0,Bachelor,Daegu,Manager,704.7,23930.8,,286772.34,2.0,8.0,451967.88
48,4546.89,21.0,Bachelor,Seoul,Engineer,696.7,23762.46,Full-time,103014.19,1.0,29.0,347343.23
60,4072.39,38.0,Master,Daegu,Office,,22453.84,Full-time,271719.76,2.0,2.0,470309.1
48,3784.2,26.0,PhD,Seoul,Office,706.7,14685.72,Full-time,,4.0,26.0,491779.1
53,4927.04,29.0,PhD,Incheon,Manager,643.4,37486.51,Full-time,122748.19,6.0,0.0,414940.81
53,3590.86,26.0,Master,Busan,Engineer,771.2,10395.47,Full-time,298671.92,5.0,0.0,547987.27
47,1816.97,,Bachelor,Seoul,Manager,637.8,35510.35,Full-time,135331.8,1.0,16.0,368911.97
32,1389.04,6.0,High School,Seoul,Manager,,37956.62,Full-time,384288.69,1.0,24.0,528794.52
34,4476.62,10.0,High School,Incheon,Engineer,721.2,24556.72,Full-time,232206.97,1.0,25.0,474083.91
42,3529.17,20.0,High School,Gwangju,Office,596.0,58423.21,Full-time,206896.96,5.0,12.0,425423.26
63,1606.35,37.0,,Gwangju,Office,804.9,28109.87,Full-time,,2.0,,388092.0
45,4359.8,20.0,Master,Gwangju,Engineer,676.7,24488.11,Part-time,271671.39,5.0,18.0,502496.9
23,4059.19,0.0,Master,Seoul,Office,600.5,25038.69,Full-time,248997.91,6.0,25.0,465043.14
45,3450.58,19.0,Bachelor,Seoul,Service,680.0,41031.48,Part-time,232103.23,2.0,24.0,514258.99
59,4570.21,32.0,PhD,Daegu,Manager,602.0,24816.44,Full-time,156223.65,6.0,9.0,513409.79
28,6172.64,3.0,PhD,Daegu,,633.6,35620.68,Full-time,197234.21,1.0,8.0,367149.71
24,6126.89,1.0,Master,Busan,Service,632.0,11776.0,Full-time,157292.35,5.0,5.0,429224.8
51,4415.65,30.0,Bachelor,Busan,Service,669.1,29758.91,Full-time,74238.27,6.0,20.0,406392.87
39,4072.93,13.0,High School,Daegu,Teacher,789.2,39841.24,Full-time,208118.89,4.0,16.0,455304.78
30,4436.6,4.0,Bachelor,Seoul,Teacher,688.5,27510.42,Self-employed,125337.25,5.0,21.0,451298.48
34,4663.51,7.0,High School,Incheon,Service,693.2,18924.36,Full-time,391573.2,2.0,20.0,530321.75
51,3797.55,24.0,Bachelor,Daegu,Manager,641.8,24579.59,Full-time,379550.61,1.0,24.0,561618.77
47,4461.81,21.0,Master,Seoul,Service,702.7,,,250005.61,2.0,29.0,485500.32
41,1839.56,14.0,Bachelor,Daegu,,677.4,38947.9,Self-employed,64430.28,3.0,6.0,280163.84
60,4322.02,40.0,High School,Gwangju,Teacher,673.3,42644.62,Full-time,258910.89,1.0,15.0,436883.99
36,4915.22,16.0,Bachelor,Daegu,Service,736.6,26477.59,Full-time,201454.59,4.0,18.0,438979.76
45,3465.24,22.0,Bachelor,Gwangju,Manager,604.7,46156.45,Full-time,314738.91,4.0,4.0,550544.16
63,,40.0,High School,Seoul,Manager,781.3,36892.57,Part-time,306607.26,3.0,21.0,516903.15
26,2532.74,3.0,High School,Gwangju,Service,464.3,28220.27,Full-time,155674.46,2.0,26.0,304752.79
61,2324.53,39.0,PhD,Daegu,Manager,672.6,,Full-time,188956.55,4.0,17.0,477252.2
45,4516.22,23.0,Bachelor,Gwangju,Service,788.7,36553.39,Self-employed,182731.55,2.0,6.0,410045.22
44,3105.66,25.0,Master,Incheon,Teacher,776.5,42264.99,Full-time,184537.42,1.0,24.0,341252.14
29,1534.76,5.0,Bachelor,Gwangju,Service,692.7,44705.2,Self-employed,85363.13,5.0,25.0,273251.87
64,2532.33,43.0,Bachelor,Gwangju,Office,615.2,25130.52,Full-time,252502.79,1.0,24.0,450664.59
38,2750.43,18.0,Bachelor,Busan,Teacher,,36268.53,Full-time,226915.34,,4.0,361296.03
30,5361.87,5.0,Master,Incheon,Manager,850.0,5000.0,Full-time,192245.57,6.0,7.0,575976.15
32,4468.67,11.0,Master,Seoul,Manager,736.7,14058.08,Part-time,243334.49,3.0,8.0,526869.29
27,2892.6,6.0,Bachelor,Gwangju,Teacher,544.0,34055.29,Full-time,247743.04,6.0,21.0,415462.61
59,3318.35,34.0,,Incheon,Office,686.6,32358.74,Full-time,319086.22,1.0,27.0,551668.42
23,6168.13,5.0,High School,Seoul,Teacher,632.1,,Self-employed,296142.57,4.0,19.0,545252.3
50,5604.15,24.0,Master,Incheon,Engineer,578.4,23458.52,Full-time,307709.31,1.0,3.0,476322.18
47,2522.91,23.0,Bachelor,Busan,Office,718.6,32277.52,Part-time,143679.16,1.0,2.0,389609.34
30,5945.29,11.0,High School,,Teacher,602.4,27947.95,Full-time,124712.17,,11.0,274719.2
62,4079.06,39.0,Bachelor,Seoul,Engineer,803.9,25258.79,Full-time,300861.53,3.0,8.0,580341.46
20,5399.42,0.0,Bachelor,Gwangju,Service,787.3,11077.39,Full-time,365192.8,2.0,9.0,478074.71
57,3955.04,35.0,Master,Daegu,Office,621.6,32205.71,Full-time,292115.47,3.0,10.0,567369.05
43,5978.74,20.0,Bachelor,Seoul,Service,616.6,25725.27,Self-employed,248037.97,4.0,15.0,482304.1
50,2460.57,23.0,High School,Seoul,Engineer,733.9,54073.54,Full-time,220585.92,2.0,28.0,486392.59
60,3816.82,35.0,High School,Busan,Manager,761.4,,Part-time,463157.4,4.0,30.0,662760.36
65,6024.69,42.0,Bachelor,Busan,Manager,659.9,29613.54,Full-time,290798.42,2.0,10.0,573002.63
45,1000.0,,High School,Busan,Manager,758.3,5000.0,Full-time,203008.55,2.0,21.0,390943.39
24,4130.91,0.0,Master,Gwangju,Service,813.2,57096.88,Full-time,388625.6,6.0,7.0,540198.03
39,3609.68,13.0,Bachelor,Seoul,Office,706.4,37801.77,Full-time,,1.0,13.0,533154.08
60,5226.99,37.0,Bachelor,Busan,Service,597.7,21393.17,Full-time,98196.62,1.0,1.0,380438.44
30,5804.87,4.0,Bachelor,Busan,Service,742.8,38631.22,Full-time,115661.18,3.0,30.0,366008.23
52,5295.43,32.0,Master,Incheon,Manager,691.5,37545.03,Self-employed,202474.73,2.0,3.0,405458.5
57,,35.0,Bachelor,Incheon,Service,654.3,20131.92,,328441.92,4.0,14.0,530717.25
46,4260.85,27.0,Master,Busan,Engineer,740.1,16831.87,Full-time,170724.29,1.0,17.0,373044.76
53,3685.93,28.0,Bachelor,Gwangju,Teacher,776.6,36902.37,Full-time,133312.49,6.0,10.0,411729.2
34,,13.0,Master,Daegu,Teacher,694.9,40906.12,Full-time,289194.48,4.0,26.0,451884.63
51,6389.48,28.0,Master,Incheon,Teacher,497.7,31853.81,Self-employed,55977.06,6.0,18.0,377107.62
40,2954.23,17.0,High School,Incheon,Manager,,31072.65,Full-time,190142.25,1.0,17.0,406244.13
65,3596.88,43.0,High School,Seoul,Manager,698.2,44247.48,Full-time,128725.18,2.0,8.0,429239.9
24,4086.74,,Master,,Teacher,850.0,,Full-time,219300.26,4.0,24.0,440641.23
25,5701.4,1.0,Master,Busan,Office,690.4,5000.0,Full-time,139445.67,3.0,21.0,320034.41
57,4534.95,30.0,Master,Seoul,Teacher,666.3,34412.28,Full-time,207102.37,3.0,27.0,503489.17
41,5675.22,16.0,Master,Seoul,Service,735.2,,Full-time,255828.18,3.0,22.0,503776.62
37,5751.16,19.0,Bachelor,Daegu,Teacher,656.0,33703.06,Full-time,231030.17,1.0,29.0,375630.7
33,,6.0,Bachelor,Gwangju,Teacher,625.1,12652.64,Full-time,174333.15,1.0,4.0,349505.88
29,2604.01,5.0,PhD,Busan,Office,552.4,20302.82,Part-time,190940.35,3.0,9.0,395764.99
65,6691.64,44.0,Master,Daegu,Manager,632.4,26327.34,Full-time,411636.87,4.0,16.0,673663.13
32,6318.57,9.0,Bachelor,Busan,Manager,527.4,12129.24,Full-time,295041.0,1.0,19.0,430425.02
50,4295.31,24.0,Bachelor,Gwangju,Service,702.7,21082.38,Full-time,200289.13,3.0,12.0,396320.52
49,2127.34,27.0,Bachelor,Busan,Teacher,697.3,44737.7,Full-time,235157.48,1.0,3.0,420186.48
22,1859.25,0.0,Bachelor,Seoul,Engineer,735.7,16066.81,Full-time,,5.0,27.0,466524.02
49,4581.47,27.0,,Gwangju,Service,597.5,24436.22,Full-time,,4.0,29.0,315270.43
25,3147.37,6.0,Bachelor,Daegu,Manager,564.9,36599.65,Full-time,220183.45,2.0,13.0,349601.72
48,,27.0,High School,Daegu,Office,844.6,8684.29,Full-time,128764.85,4.0,7.0,322236.24
27,1830.95,8.0,Master,Incheon,Manager,673.7,44271.7,Full-time,135534.59,2.0,20.0,309842.39
63,3495.03,39.0,Master,Daegu,Manager,736.0,20587.59,Full-time,294412.23,3.0,14.0,506002.79
64,4492.39,40.0,Master,Incheon,Office,690.6,15363.22,Full-time,305474.47,1.0,2.0,584507.17
62,6308.57,42.0,Master,Seoul,Teacher,739.6,44652.87,,318035.23,3.0,16.0,573720.38
63,4926.33,39.0,Bachelor,Daegu,Teacher,698.2,38461.16,Full-time,213917.75,6.0,14.0,530822.69
52,3627.89,34.0,Master,Gwangju,Manager,615.8,15701.6,Part-time,178064.14,2.0,0.0,390336.46
36,4769.92,18.0,,Incheon,Service,723.3,23420.17,Part-time,220903.57,5.0,4.0,512055.41
30,4635.85,4.0,PhD,Daegu,Engineer,704.3,31403.06,Part-time,67807.16,2.0,7.0,240147.36
32,5309.32,9.0,High School,Seoul,Service,545.4,24076.29,Full-time,337970.3,1.0,8.0,438020.73
30,4140.09,8.0,Master,Gwangju,Service,703.6,43412.44,Full-time,50000.0,5.0,25.0,318974.95
50,5754.3,27.0,Bachelor,,Manager,649.0,38359.65,Full-time,302710.51,1.0,25.0,476691.96
47,5436.68,24.0,High School,Seoul,Manager,626.7,5000.0,Full-time,,5.0,1.0,463676.79
63,4324.05,45.0,Bachelor,Daegu,Engineer,758.0,18084.54,Full-time,219312.04,1.0,4.0,443570.61
25,4021.16,3.0,Bachelor,Busan,Engineer,674.3,21518.22,Part-time,147654.66,2.0,29.0,321902.4
60,5579.62,34.0,Bachelor,Daegu,Engineer,676.7,22354.88,Full-time,148951.72,2.0,3.0,419765.96
35,3129.79,14.0,Bachelor,Incheon,Manager,687.1,33352.46,Full-time,50000.0,2.0,11.0,317343.62
23,1940.08,3.0,Master,Incheon,Manager,677.4,41617.43,Full-time,112066.35,2.0,18.0,279491.14
54,1931.55,36.0,Bachelor,Daegu,Service,672.2,20313.42,Full-time,297384.74,5.0,26.0,537364.24
45,3005.44,26.0,Bachelor,Incheon,Manager,796.5,14477.52,Full-time,115892.86,4.0,23.0,374659.77
31,5189.48,11.0,Bachelor,Busan,Teacher,625.3,24112.49,Part-time,112283.43,4.0,1.0,381268.5
30,3565.8,9.0,Bachelor,Busan,Teacher,541.1,5000.0,Self-employed,,3.0,15.0,410840.77
56,4506.77,,Master,Gwangju,Engineer,683.6,36362.42,Full-time,50000.0,4.0,1.0,399013.15
44,3457.06,21.0,,Incheon,Manager,,26497.54,Full-time,190183.48,3.0,20.0,448493.47
37,3468.96,12.0,PhD,Daegu,Teacher,592.3,23023.69,Full-time,241970.24,2.0,9.0,398546.7
38,2661.8,12.0,Bachelor,,Service,,30625.01,Full-time,251533.7,1.0,25.0,483087.1
42,4062.16,19.0,Master,Busan,Office,702.0,16987.73,Full-time,131820.37,4.0,9.0,409370.04
57,3937.25,33.0,Master,Gwangju,Service,666.1,23798.27,Full-time,322672.7,4.0,16.0,570674.26
37,4819.0,16.0,Master,Seoul,Office,643.5,19859.64,Self-employed,306806.3,2.0,,449252.08
45,4631.55,26.0,High School,Incheon,Service,664.0,5272.91,Full-time,,2.0,6.0,369323.72
25,3904.28,0.0,Bachelor,Daegu,Teacher,675.9,27919.54,Full-time,280725.34,4.0,8.0,527758.34
23,1940.87,0.0,Bachelor,Busan,Manager,679.8,58212.53,Part-time,232884.88,2.0,13.0,391970.88
63,5805.87,42.0,Master,Gwangju,Office,536.6,28335.29,Full-time,263344.39,4.0,17.0,547769.55
48,4072.43,28.0,High School,Daegu,Manager,749.9,18722.0,Full-time,167619.45,1.0,30.0,414490.17
53,4319.46,,PhD,Incheon,Manager,563.4,28682.21,Full-time,110100.53,6.0,9.0,490054.62
36,6600.74,13.0,High School,Daegu,Teacher,626.3,14862.29,Full-time,207359.57,1.0,15.0,391608.1
62,5562.33,42.0,High School,Incheon,Engineer,555.7,20838.7,Full-time,252150.56,3.0,0.0,464619.71
62,4869.67,44.0,High School,Incheon,Engineer,693.4,22889.15,Self-employed,253707.12,4.0,8.0,564648.96
35,4196.54,14.0,Bachelor,Incheon,Office,623.2,21342.27,Full-time,249116.07,6.0,12.0,538593.16
21,4182.53,3.0,Master,Gwangju,Teacher,665.3,24473.45,Full-time,128589.1,1.0,28.0,311206.16
53,4560.17,34.0,Bachelor,Incheon,Manager,620.6,36289.56,Full-time,336500.0,6.0,15.0,617109.79
27,4810.36,7.0,Bachelor,Daegu,Service,595.7,23119.87,,321383.11,1.0,15.0,417103.11
32,6767.1,7.0,High School,Seoul,Service,479.2,24446.84,Part-time,240964.32,5.0,1.0,474814.12
61,,34.0,Bachelor,Daegu,Office,632.7,5000.0,Part-time,138991.64,6.0,8.0,457294.93
27,4635.39,6.0,High School,Gwangju,Office,,12127.13,Full-time,242316.92,1.0,29.0,375688.05
49,1000.0,28.0,Bachelor,Incheon,Office,721.6,28977.33,Full-time,183634.01,3.0,12.0,453892.09
51,2772.38,24.0,Master,Seoul,Teacher,846.5,41701.25,Self-employed,190057.57,1.0,7.0,451938.46
55,6917.25,29.0,Bachelor,Gwangju,Service,826.4,25740.32,Full-time,276997.86,2.0,22.0,491186.09
49,5277.98,25.0,High School,Busan,Teacher,673.5,27114.05,Full-time,184375.86,5.0,10.0,428885.56
20,4839.07,1.0,High School,Busan,Teacher,616.7,10974.11,Full-time,340199.53,4.0,16.0,520791.2
62,,42.0,Master,Busan,Manager,524.0,18152.51,Full-time,273593.94,3.0,19.0,504093.21
58,,37.0,Master,Seoul,Teacher,646.5,30859.24,Full-time,,6.0,30.0,674569.55
36,,15.0,Master,Daegu,Teacher,607.0,42432.91,Full-time,143798.84,6.0,10.0,447200.22
39,2965.18,12.0,,Seoul,Manager,621.0,30412.77,Full-time,167536.72,1.0,,381331.98
43,5293.97,18.0,PhD,Seoul,Engineer,549.4,26425.37,Full-time,114286.88,4.0,15.0,373271.77
41,2248.95,14.0,Bachelor,Seoul,Manager,736.2,31101.03,Full-time,332221.49,1.0,6.0,460263.2
48,3876.98,21.0,Bachelor,Busan,Office,720.7,15869.62,Full-time,464747.61,5.0,21.0,670717.61
41,5689.44,18.0,High School,Daegu,Engineer,606.8,16822.44,Part-time,264240.0,4.0,0.0,476152.4
63,3825.46,43.0,Bachelor,Seoul,Service,748.5,25228.36,Self-employed,242019.76,2.0,22.0,470271.3
28,3647.33,2.0,Master,Daegu,Teacher,684.8,14137.07,Full-time,179455.54,6.0,29.0,423974.88
56,4215.95,29.0,Master,Incheon,Engineer,,36401.11,Full-time,357427.75,2.0,14.0,567368.15
29,,4.0,Bachelor,Seoul,Service,741.9,39268.19,Self-employed,216193.41,6.0,17.0,395477.36
55,1913.78,29.0,Bachelor,Seoul,Manager,709.2,24732.24,Full-time,164940.94,4.0,27.0,434223.05
56,5271.35,34.0,Master,,Manager,614.4,37068.09,Part-time,94506.66,,28.0,364125.64
47,3566.69,27.0,Bachelor,Incheon,Office,763.9,45848.52,,131195.29,3.0,13.0,368598.6
47,5259.73,26.0,Bachelor,Incheon,Office,741.8,32836.15,Full-time,225971.14,6.0,12.0,553557.56
61,5877.27,39.0,Master,Busan,Engineer,743.0,38763.16,Full-time,64191.95,5.0,23.0,485077.28
62,5997.96,36.0,High School,Gwangju,Teacher,573.7,27087.79,Self-employed,,3.0,1.0,400074.28
40,1768.49,14.0,Master,Daegu,Manager,562.6,38803.42,Full-time,361377.07,4.0,19.0,532320.53
43,3153.26,23.0,PhD,Gwangju,Engineer,801.0,26499.65,Full-time,290498.41,3.0,21.0,472207.87
61,5006.38,37.0,,Seoul,Engineer,629.0,19637.27,Full-time,192356.22,6.0,23.0,562012.11
59,5029.5,,Bachelor,Seoul,Engineer,,36321.23,Full-time,300158.33,5.0,27.0,607072.44
21,7574.16,0.0,Master,Busan,Office,776.5,30637.31,Self-employed,154971.45,,10.0,417308.19
27,2838.58,,Bachelor,Gwangju,Manager,810.6,37357.49,Full-time,286256.46,6.0,18.0,489034.83
46,5952.25,19.0,High School,Seoul,Office,725.9,19107.35,Full-time,189151.55,4.0,27.0,427298.91
41,4758.41,22.0,Master,Gwangju,Office,638.2,31809.94,Part-time,387390.69,6.0,21.0,644508.49
56,1739.65,32.0,Bachelor,Busan,Engineer,657.1,,Part-time,123302.01,3.0,29.0,390069.71
46,3378.28,25.0,Bachelor,Gwangju,Service,709.7,22645.73,Self-employed,350076.35,6.0,5.0,584588.1
48,4593.79,29.0,Bachelor,Daegu,Service,694.0,37612.34,Full-time,,5.0,16.0,540784.33
22,1643.45,0.0,Bachelor,Busan,Service,622.7,46873.8,Self-employed,60347.2,4.0,21.0,245331.83
63,1089.14,44.0,Bachelor,Gwangju,Engineer,467.7,20932.53,Full-time,246290.49,6.0,0.0,538500.61
32,1558.14,5.0,Bachelor,Seoul,Teacher,621.1,31187.83,Part-time,279407.04,5.0,24.0,574738.34
64,4588.7,45.0,Bachelor,Incheon,Manager,663.0,49055.2,Full-time,347436.67,6.0,19.0,674736.04
29,3473.0,5.0,Bachelor,Incheon,Engineer,679.2,10773.65,Self-employed,284717.98,1.0,4.0,390807.84
55,3270.07,37.0,PhD,Busan,Engineer,816.5,32856.13,Full-time,140937.58,1.0,0.0,433681.7
28,3321.57,4.0,Master,Incheon,Office,765.4,36314.11,Full-time,308251.4,5.0,12.0,509349.32
46,2063.82,19.0,High School,Daegu,Service,643.1,28247.12,Full-time,224592.33,4.0,0.0,408227.73
53,3515.4,31.0,High School,Busan,Engineer,720.3,54847.4,Self-employed,85596.3,1.0,11.0,302820.95
20,1469.4,2.0,Bachelor,Seoul,Teacher,466.8,33890.19,Part-time,212825.86,5.0,8.0,484379.88
51,5981.46,28.0,Bachelor,Seoul,Manager,778.1,44137.97,,119978.96,6.0,21.0,478687.24
44,6738.49,20.0,Master,Busan,Teacher,640.3,38003.59,Full-time,208122.83,2.0,28.0,394419.4
48,1000.0,30.0,Bachelor,Incheon,Engineer,695.0,45933.75,Self-employed,281921.57,6.0,25.0,607476.14
26,3496.31,,Bachelor,Incheon,,682.4,30114.35,Full-time,124244.27,3.0,29.0,280983.8
22,3593.98,0.0,Bachelor,Seoul,Office,762.1,12337.89,Full-time,245010.06,5.0,12.0,495427.36
39,3938.27,21.0,Master,Daegu,Teacher,652.1,34556.27,Full-time,312081.18,,9.0,432402.38
39,5702.3,19.0,Master,,Office,,,Full-time,166879.8,5.0,15.0,486189.64
49,3500.68,27.0,Bachelor,Daegu,Teacher,,,Full-time,195838.02,6.0,5.0,462063.88
54,4067.62,33.0,Bachelor,Incheon,Service,689.8,22403.69,Full-time,310814.63,4.0,20.0,521427.27
54,8668.58,,High School,Busan,Service,671.4,23345.03,Part-time,314688.52,1.0,21.0,539956.21
58,4033.06,40.0,,Gwangju,Teacher,639.2,,Full-time,121524.91,4.0,,396950.47
46,6849.36,25.0,High School,Seoul,Office,666.7,27694.59,Full-time,131545.41,4.0,7.0,479381.58
45,4952.98,21.0,Master,Busan,Service,649.4,52669.28,Full-time,287175.85,6.0,22.0,554622.13
33,3369.44,12.0,Bachelor,Incheon,Engineer,713.5,27223.12,Full-time,200358.87,4.0,6.0,516087.96
36,3118.9,10.0,Master,Seoul,Manager,589.2,5000.0,Full-time,206814.09,5.0,24.0,443930.89
37,4189.09,12.0,PhD,Gwangju,Office,685.8,20893.55,Full-time,70616.8,1.0,24.0,306642.26
64,2510.29,39.0,High School,Gwangju,Teacher,801.3,38207.42,Full-time,180787.66,4.0,12.0,454839.36
48,2904.2,26.0,Master,Incheon,Manager,,11827.55,Full-time,206106.85,2.0,24.0,425440.21
39,3565.41,21.0,Master,Seoul,Manager,715.1,23728.39,Full-time,281461.47,3.0,16.0,551398.56
46,4640.02,20.0,Bachelor,Incheon,Engineer,494.1,37796.55,Full-time,188329.44,5.0,11.0,414783.18
37,6939.0,18.0,Bachelor,Gwangju,Office,553.5,24214.5,Self-employed,281715.67,2.0,26.0,494608.77
23,3472.57,0.0,Bachelor,Busan,,669.4,21342.42,Full-time,205353.26,1.0,10.0,373939.09
20,4892.28,0.0,Master,Busan,Office,674.0,43051.04,Part-time,326743.1,3.0,5.0,512091.36
20,1758.15,0.0,Bachelor,Daegu,Engineer,683.3,25277.14,Self-employed,218777.28,4.0,14.0,419622.37
45,5790.43,18.0,Bachelor,Gwangju,Teacher,850.0,15492.96,Full-time,176172.72,2.0,4.0,423934.34
64,1617.48,39.0,High School,Gwangju,,633.4,38003.41,Full-time,157857.11,2.0,15.0,413094.55
39,5397.58,19.0,High School,Incheon,,686.8,41641.51,Full-time,131821.75,4.0,23.0,458137.28
42,,19.0,High School,Daegu,Manager,622.7,30166.95,Full-time,,6.0,10.0,490111.53
29,4019.02,6.0,High School,Daegu,Office,739.0,21044.95,Full-time,386607.43,6.0,9.0,573670.64
30,3749.6,3.0,Bachelor,Seoul,Manager,588.0,17352.17,Full-time,286781.92,4.0,28.0,509927.61
60,2248.12,40.0,High School,Incheon,Office,624.1,21356.74,Self-employed,255079.11,2.0,7.0,494941.66
60,2327.59,36.0,High School,Busan,Service,607.9,12873.33,Part-time,115268.18,1.0,23.0,380977.69
24,5454.78,,Master,Seoul,Service,745.9,22089.34,,119626.6,5.0,4.0,478384.81
20,4217.91,0.0,Master,Daegu,Office,690.1,34591.45,Full-time,300785.96,1.0,9.0,374385.34
36,3738.66,10.0,Master,Busan,Service,702.7,36840.04,Full-time,259185.47,1.0,26.0,420841.4
41,4865.1,18.0,Master,Gwangju,Engineer,,28325.28,Full-time,165998.07,5.0,9.0,385946.84
53,4351.97,26.0,High School,Incheon,Engineer,776.7,32589.29,Full-time,74191.38,1.0,0.0,328445.4
64,3010.6,43.0,High School,Daegu,Service,667.6,25178.39,Full-time,203125.82,3.0,,450907.99
60,7891.49,35.0,Bachelor,Gwangju,Teacher,837.2,19234.3,Self-employed,143606.16,4.0,19.0,447984.11
48,,22.0,Master,Daegu,Office,781.6,23890.94,Full-time,175088.39,2.0,22.0,427722.64
23,4390.6,0.0,Master,Busan,Service,561.9,41491.61,Full-time,110880.87,5.0,17.0,355101.0
24,3429.58,2.0,,Seoul,Office,731.1,5000.0,Self-employed,288548.62,1.0,22.0,432699.94
30,5629.14,11.0,High School,Busan,Service,781.4,14245.31,Full-time,168121.02,2.0,4.0,419937.01
40,3018.65,17.0,Bachelor,Incheon,Engineer,647.4,22320.61,Full-time,263450.31,6.0,15.0,521774.39
54,2892.34,29.0,Bachelor,Incheon,Teacher,712.9,14665.72,Full-time,252860.83,3.0,5.0,478833.21
31,,9.0,Bachelor,Daegu,Office,561.8,33257.61,Full-time,170549.58,1.0,21.0,291180.67
45,,27.0,Master,Busan,Teacher,600.3,9599.14,Part-time,204260.38,,30.0,352580.7
38,3054.98,13.0,Bachelor,Seoul,Engineer,659.9,42440.31,Full-time,369579.23,1.0,20.0,511970.72
64,4208.53,38.0,Master,Incheon,Manager,571.6,51475.46,Full-time,132518.9,3.0,9.0,418676.97
26,,8.0,Bachelor,Seoul,Manager,684.4,30985.55,Full-time,,4.0,6.0,453019.34
26,5131.88,1.0,Bachelor,Gwangju,Office,732.0,20573.15,Part-time,50000.0,2.0,19.0,182662.12
45,5661.39,,Master,Daegu,Engineer,606.7,39121.95,Full-time,,1.0,28.0,439581.55
59,2325.67,40.0,Bachelor,Seoul,Office,,24605.39,Part-time,50000.0,6.0,15.0,396930.12
24,5623.72,3.0,Bachelor,Daegu,Office,553.7,17745.22,Full-time,178533.64,1.0,0.0,299570.21
40,3931.41,21.0,,Gwangju,Office,777.0,28632.2,Full-time,66282.41,3.0,24.0,315575.48
33,4333.65,14.0,Master,Seoul,Teacher,540.6,9078.08,Full-time,281729.8,3.0,6.0,470541.99
23,6014.24,0.0,High School,Seoul,Service,703.7,19120.33,Part-time,205694.88,2.0,24.0,404121.07
42,5254.09,22.0,Bachelor,Gwangju,Engineer,784.5,18810.96,Full-time,50000.0,2.0,11.0,298966.61
61,4726.58,36.0,,Busan,,,26864.91,Full-time,137738.87,6.0,26.0,461023.7
39,1224.0,18.0,Master,Seoul,Service,612.5,8924.68,Full-time,179475.2,1.0,24.0,437308.43
34,4131.75,10.0,PhD,Seoul,Office,694.1,16880.57,Full-time,264781.56,6.0,22.0,516811.31
64,3022.99,37.0,High School,Incheon,Manager,699.3,21838.3,Full-time,293849.56,,14.0,662997.04
48,5266.57,28.0,High School,Busan,Teacher,640.1,33688.76,Full-time,253548.29,6.0,1.0,561992.37
27,5686.44,0.0,Master,Seoul,Engineer,656.2,28030.81,Full-time,245733.64,1.0,26.0,365139.71
60,3746.95,40.0,Bachelor,Gwangju,Engineer,687.3,47618.3,Full-time,,1.0,17.0,434507.27
38,3199.44,19.0,Bachelor,Daegu,Service,647.7,17143.34,Part-time,275104.52,1.0,3.0,386580.15
58,6534.45,35.0,High School,Gwangju,Teacher,650.4,38598.89,Part-time,220970.71,1.0,24.0,435663.26
65,3295.28,42.0,Bachelor,Busan,Office,835.4,38589.98,Full-time,201605.24,6.0,12.0,594513.98
47,2408.19,29.0,,Incheon,Service,761.1,30164.76,Full-time,235668.99,3.0,22.0,516415.21
65,2950.99,41.0,Bachelor,Incheon,Engineer,767.4,29699.78,Full-time,319046.16,4.0,8.0,562717.11
46,3367.5,25.0,Bachelor,Incheon,Teacher,652.7,31167.87,Full-time,50000.0,2.0,3.0,356188.55
23,2907.96,3.0,Master,,Manager,542.5,16728.88,Self-employed,50000.0,3.0,8.0,206233.55
34,5468.09,9.0,High School,Daegu,Office,,39525.83,Full-time,267615.72,5.0,22.0,468631.7
54,1000.0,35.0,High School,Daegu,Engineer,630.7,28898.4,Self-employed,,5.0,23.0,452150.52
56,2876.16,30.0,Master,Seoul,Teacher,704.7,13569.98,Full-time,225932.96,5.0,0.0,570374.63
20,4128.75,0.0,Master,Daegu,,742.7,42294.05,Full-time,217326.24,2.0,24.0,397288.84
22,4515.37,0.0,Bachelor,Daegu,Engineer,633.6,26696.37,Full-time,403830.57,1.0,27.0,480179.31
43,6737.75,23.0,Bachelor,Seoul,Manager,752.1,28635.94,Full-time,277411.6,5.0,7.0,579979.13
46,6517.86,25.0,Bachelor,Gwangju,Engineer,680.7,5000.0,Part-time,305396.42,5.0,0.0,512341.43
59,1798.89,40.0,Bachelor,Gwangju,Service,658.9,27010.35,Self-employed,193604.62,4.0,29.0,457834.42
55,1337.93,36.0,High School,Busan,Service,633.5,43229.53,Full-time,151535.55,3.0,28.0,385994.94
53,4237.46,32.0,Bachelor,Gwangju,Service,600.3,20469.95,Full-time,148054.29,6.0,15.0,441419.32
48,,25.0,High School,Incheon,Teacher,531.0,12544.54,Full-time,324202.93,2.0,23.0,584144.02
43,2411.96,21.0,Master,Incheon,,850.0,33471.21,Full-time,264580.91,2.0,14.0,496016.07
43,4224.18,25.0,Bachelor,Busan,Teacher,796.6,7086.28,Full-time,226465.87,4.0,14.0,454758.57
61,,34.0,Bachelor,Daegu,Office,688.2,35212.93,Full-time,365484.46,5.0,4.0,647744.58
23,2941.55,5.0,High School,Busan,Service,804.8,25557.0,,208168.48,6.0,18.0,513408.24
22,3263.87,0.0,High School,Seoul,Teacher,794.3,28979.1,Self-employed,154492.37,,23.0,495716.27
53,3056.94,33.0,Master,Busan,Engineer,727.7,56375.93,Full-time,190907.5,4.0,10.0,453710.28
42,3582.76,22.0,Master,Busan,Teacher,652.4,31005.23,Full-time,311372.68,1.0,26.0,472234.71
42,5012.17,18.0,Master,Incheon,Teacher,765.9,11939.56,Full-time,103453.86,5.0,18.0,370005.77
64,2583.14,46.0,Master,Seoul,Engineer,752.7,29378.16,Part-time,215947.2,6.0,23.0,638974.59
24,3238.97,6.0,High School,Seoul,Teacher,743.3,36916.47,,356821.72,2.0,20.0,536550.77
50,3601.08,23.0,Master,Busan,Engineer,653.0,5000.0,Part-time,254526.46,6.0,,477900.4
60,4189.87,40.0,High School,Seoul,Manager,710.3,27846.61,Full-time,203251.64,3.0,2.0,568505.76
25,4613.98,0.0,High School,Seoul,Service,701.9,7226.31,Part-time,383708.34,4.0,25.0,553326.68
56,7263.39,38.0,Master,Gwangju,Office,649.5,28296.79,Full-time,249664.75,6.0,21.0,544299.88
29,5058.19,2.0,Master,Seoul,Teacher,709.6,46534.51,Full-time,83049.77,6.0,27.0,358499.51
59,5093.9,38.0,Master,Daegu,Engineer,,,Self-employed,205364.86,6.0,21.0,482476.19
26,3800.08,0.0,Master,Seoul,Service,802.0,28944.58,Self-employed,323330.61,4.0,3.0,553379.52
58,2730.2,37.0,PhD,Incheon,Teacher,720.0,,Full-time,234269.25,2.0,20.0,458768.35
57,3407.68,30.0,High School,Gwangju,Service,666.7,32111.13,Full-time,351977.03,,15.0,546652.38
40,3134.5,15.0,PhD,Incheon,Manager,748.4,29777.27,Full-time,128734.21,6.0,11.0,467711.9
39,4788.35,15.0,Bachelor,Incheon,Teacher,610.2,5000.0,Part-time,212674.5,5.0,27.0,487285.93
22,1723.08,2.0,Master,Daegu,Engineer,649.8,30215.24,Part-time,250275.45,5.0,6.0,491276.0
41,5088.8,17.0,Master,Gwangju,Manager,782.0,20386.13,Full-time,114195.29,5.0,0.0,384287.35
23,4024.14,0.0,Bachelor,Busan,Teacher,829.7,14310.93,Self-employed,219496.23,6.0,23.0,473713.52
47,5300.02,20.0,Master,Seoul,Service,771.2,30391.17,Full-time,256106.5,,10.0,580528.13
31,3114.14,,Bachelor,Daegu,Manager,673.5,29670.15,Self-employed,112530.4,6.0,14.0,377869.22
57,2847.95,38.0,Master,Daegu,Engineer,504.8,6741.73,Self-employed,94087.01,3.0,18.0,351774.32
55,3590.0,29.0,High School,Busan,Teacher,,23207.73,Full-time,320960.93,3.0,22.0,534365.38
60,3554.03,42.0,Bachelor,Daegu,Service,721.9,44101.33,Full-time,,5.0,14.0,456106.59
24,5409.52,0.0,High School,Busan,Service,724.2,12902.31,Full-time,50000.0,3.0,8.0,295531.31
32,,11.0,Bachelor,Busan,Manager,565.3,30006.27,Full-time,,4.0,12.0,412825.95
42,7057.53,23.0,Bachelor,Busan,Teacher,653.6,13534.07,Self-employed,226735.1,6.0,17.0,510590.89
49,3456.76,30.0,High School,Daegu,Service,829.2,47685.21,Full-time,50000.0,5.0,28.0,457306.97
56,1000.0,31.0,Bachelor,Busan,Manager,598.1,36376.12,Full-time,141653.38,3.0,25.0,368510.29
44,3585.87,20.0,Bachelor,Daegu,Office,726.3,18047.51,Self-employed,192788.35,6.0,25.0,439781.92
46,4545.99,22.0,High School,Gwangju,Service,627.5,30565.58,Full-time,192804.83,6.0,22.0,479565.94
33,5271.8,11.0,Bachelor,Busan,Manager,720.6,11554.52,Full-time,130346.15,4.0,16.0,395016.05
55,4655.41,28.0,PhD,Daegu,Office,664.1,6249.48,Full-time,208018.24,4.0,4.0,397491.81
58,3455.58,33.0,High School,Daegu,Manager,776.5,26861.54,Part-time,185530.46,3.0,26.0,464093.07
35,6771.25,16.0,Bachelor,Daegu,Service,683.3,18908.5,Part-time,203502.34,5.0,15.0,437706.6
41,2649.4,22.0,High School,Seoul,Office,759.6,30379.8,Full-time,246284.66,5.0,6.0,580856.11
40,3788.03,18.0,High School,Seoul,Manager,848.9,7886.93,Part-time,61861.8,3.0,29.0,384796.36
40,2580.14,22.0,Master,Busan,Teacher,758.9,21324.79,Self-employed,280684.03,3.0,20.0,488653.84
27,4229.37,4.0,Bachelor,Gwangju,Office,726.1,46367.64,Self-employed,264790.46,1.0,4.0,443296.53
35,6583.51,14.0,Bachelor,,Manager,772.6,45168.65,,261140.99,4.0,21.0,485074.35
50,3988.61,27.0,High School,Incheon,Teacher,725.0,48075.66,Full-time,204796.34,5.0,25.0,453199.95
61,3997.8,37.0,Master,Incheon,Office,631.4,55116.38,Full-time,203011.58,2.0,25.0,407709.6
29,1656.06,,Master,Gwangju,Manager,612.3,,Part-time,,4.0,10.0,404174.65
51,3769.51,26.0,High School,Gwangju,,735.2,5000.0,Full-time,226304.58,6.0,15.0,570714.72
53,5925.73,29.0,High School,Gwangju,Office,630.0,41247.31,,287306.47,5.0,29.0,534514.6
28,3824.65,10.0,High School,Seoul,Office,622.2,14601.1,Full-time,284229.52,6.0,29.0,573557.69
36,3723.31,13.0,Master,Seoul,Teacher,664.8,52714.9,Part-time,196022.16,1.0,,412902.85
30,5858.57,6.0,High School,Incheon,Manager,541.9,28994.13,Full-time,270059.68,4.0,21.0,457611.85
51,3729.65,30.0,Bachelor,Gwangju,Service,,47627.99,Part-time,261522.05,4.0,25.0,435096.18
29,6138.08,10.0,High School,Daegu,Teacher,621.2,26147.77,Full-time,278880.63,6.0,12.0,510214.42
41,2273.04,14.0,High School,Incheon,Office,850.0,,Full-time,187262.56,5.0,1.0,492767.1
36,5216.78,10.0,High School,Gwangju,Teacher,740.1,36729.21,Full-time,329150.86,2.0,11.0,500688.59
23,6669.49,0.0,Bachelor,Daegu,Teacher,646.3,33870.94,Full-time,288683.64,3.0,,429527.45
44,5711.79,26.0,High School,Gwangju,Teacher,618.7,14256.27,Full-time,127414.07,2.0,9.0,338050.7
40,1399.09,15.0,Bachelor,Busan,Office,485.0,27584.58,Self-employed,151889.71,6.0,26.0,377925.91
56,3242.55,,Bachelor,Daegu,Engineer,,,Full-time,349185.56,1.0,25.0,479783.16
57,3837.07,36.0,Bachelor,Busan,Teacher,547.2,30450.77,Full-time,62292.36,4.0,12.0,364343.19
20,5714.93,,Master,Seoul,Engineer,601.9,27583.13,Full-time,217811.15,6.0,11.0,476673.66
44,2202.57,26.0,Master,Incheon,Service,679.2,29637.47,Full-time,398496.62,6.0,24.0,664288.27
55,2671.59,32.0,Master,Gwangju,Service,665.0,28186.03,Full-time,311330.81,5.0,18.0,518097.1
36,1792.27,9.0,Master,Incheon,Service,,,Part-time,307180.41,4.0,16.0,493253.28
60,2961.3,37.0,Bachelor,Gwangju,,675.9,32315.71,Full-time,118674.4,3.0,26.0,384098.41
43,2322.59,24.0,High School,Busan,Office,565.3,18898.6,Full-time,287604.74,2.0,15.0,446162.11
21,6596.86,0.0,Bachelor,Daegu,Engineer,715.5,47781.35,Full-time,350367.02,2.0,16.0,488383.75
59,3228.93,,Bachelor,Daegu,Manager,741.1,27808.89,,193670.59,1.0,24.0,376293.76
34,5236.39,9.0,Bachelor,Gwangju,Engineer,719.4,38106.74,Full-time,220260.46,5.0,5.0,494250.03
51,4226.95,,High School,Busan,,,21584.95,Full-time,306060.32,3.0,22.0,553222.81
58,4205.94,37.0,Bachelor,Gwangju,Teacher,,22907.4,Self-employed,201660.71,6.0,,512767.49
25,3312.83,4.0,Master,Gwangju,Manager,683.2,39066.37,Full-time,91213.76,3.0,10.0,292245.16
20,5355.03,0.0,Bachelor,Gwangju,Office,,37117.03,Self-employed,50000.0,5.0,,280223.12
42,4431.52,19.0,PhD,Daegu,Manager,587.9,26527.42,Full-time,246822.94,1.0,11.0,372346.42
58,4345.12,33.0,Bachelor,Gwangju,Service,566.8,6581.66,Full-time,177169.79,6.0,16.0,439082.99
36,3309.87,,High School,Daegu,Manager,850.0,21711.41,Full-time,50000.0,3.0,1.0,240734.03
53,3555.34,29.0,Bachelor,Seoul,Teacher,752.9,26939.21,Full-time,152147.13,1.0,12.0,417285.37
60,5083.37,40.0,Bachelor,,Teacher,809.8,19811.37,Full-time,186936.73,5.0,18.0,545251.48
48,4545.08,21.0,Bachelor,Seoul,Engineer,708.2,12733.78,Full-time,178810.15,5.0,18.0,445259.02
28,4385.21,10.0,Bachelor,Gwangju,Manager,613.8,38248.13,Full-time,316050.85,5.0,23.0,555913.49
32,3068.94,10.0,Bachelor,Daegu,Service,733.7,25833.51,Full-time,275948.93,3.0,3.0,391312.39
25,7116.16,0.0,High School,Busan,Teacher,850.0,49706.68,Full-time,207661.69,5.0,0.0,493230.12
25,3480.44,0.0,Bachelor,Incheon,Engineer,722.0,25988.67,,111703.25,3.0,1.0,302223.27
39,4154.62,20.0,Bachelor,Busan,Service,671.0,30129.33,Full-time,280023.68,1.0,24.0,491075.6
22,3919.45,,PhD,Busan,Service,701.7,20934.5,Full-time,344919.45,4.0,17.0,541197.97
36,7132.07,17.0,Bachelor,Gwangju,Service,769.2,46132.55,Full-time,367196.24,1.0,11.0,616506.85
31,,7.0,Master,Seoul,Office,678.7,24371.69,Full-time,196783.09,3.0,8.0,405436.59
64,3626.49,44.0,Bachelor,Seoul,Teacher,670.7,25564.96,Full-time,270325.96,2.0,4.0,465873.27
20,4377.47,0.0,High School,Incheon,Office,625.8,16572.85,Full-time,165134.98,2.0,15.0,280651.71
36,3159.69,,Bachelor,,Office,708.4,32555.23,Full-time,149877.49,6.0,3.0,400998.25
22,4367.4,0.0,Bachelor,Busan,Teacher,,24041.62,Self-employed,281446.0,4.0,19.0,460090.32
45,7757.41,22.0,PhD,Seoul,Manager,649.2,16368.55,Self-employed,113636.34,5.0,2.0,425208.9
34,4649.54,12.0,Master,Seoul,Engineer,669.7,27417.54,Self-employed,178806.54,1.0,17.0,404863.7
55,4594.87,35.0,Master,Daegu,Teacher,595.2,36693.97,Self-employed,317585.21,1.0,,518857.56
51,3123.14,31.0,Master,Busan,Engineer,678.2,47777.75,Part-time,177419.68,3.0,21.0,452705.5
51,6763.81,27.0,Bachelor,Gwangju,Manager,756.3,,Full-time,132187.99,6.0,24.0,454726.13
23,7108.55,1.0,Master,Seoul,Teacher,796.0,21393.03,Full-time,389458.29,4.0,1.0,577755.16
37,5479.02,14.0,Bachelor,Gwangju,Service,661.1,33480.34,Part-time,267965.79,5.0,11.0,522620.33
38,5180.75,15.0,Master,Busan,Teacher,643.6,26315.0,Full-time,80666.1,4.0,0.0,396999.64
62,3847.85,,Bachelor,Busan,Manager,659.1,28675.66,Full-time,248522.43,2.0,23.0,458884.78
54,4787.01,36.0,Bachelor,Seoul,Office,730.1,27974.9,Full-time,209742.7,6.0,,525057.3
59,2947.26,34.0,Bachelor,Incheon,Teacher,630.1,33536.52,Full-time,,4.0,20.0,584266.63
33,2510.83,6.0,High School,Gwangju,Service,630.0,,Full-time,262713.44,5.0,17.0,464637.47
52,1968.96,30.0,Bachelor,Gwangju,Teacher,701.7,27406.88,Full-time,216250.34,6.0,9.0,505790.65
33,4816.01,10.0,Master,Daegu,Office,721.5,70215.61,Full-time,242481.81,5.0,20.0,524692.09
53,2132.44,30.0,Bachelor,Busan,Teacher,696.1,39022.98,Full-time,247040.16,1.0,7.0,380701.67
23,3450.55,5.0,Bachelor,Busan,Service,689.9,5000.0,Self-employed,254046.27,1.0,29.0,392158.81
43,4108.16,,Bachelor,Seoul,Manager,641.2,23837.77,Full-time,188046.16,5.0,29.0,502343.94
48,5692.94,25.0,Master,Seoul,Service,681.6,27767.3,,97566.43,1.0,3.0,436955.27
38,3332.67,12.0,Bachelor,Seoul,Manager,489.3,35310.55,Part-time,201171.35,1.0,29.0,378939.84
25,5869.91,2.0,PhD,Daegu,Service,804.0,50009.02,Full-time,181196.5,1.0,17.0,327205.08
52,5608.74,29.0,PhD,Incheon,Engineer,692.9,19367.11,Part-time,214875.61,5.0,2.0,523732.09
59,2593.04,41.0,Master,Seoul,Teacher,848.3,41811.17,Full-time,313772.22,1.0,2.0,593874.74
38,5884.24,12.0,High School,Seoul,,783.1,30443.36,Self-employed,343698.99,2.0,24.0,595300.46
20,3774.63,0.0,Bachelor,Seoul,Office,614.8,31949.51,Full-time,281087.17,6.0,28.0,572941.02
24,3451.57,5.0,Master,Daegu,Engineer,650.9,42331.71,Self-employed,289052.42,5.0,11.0,406198.8
46,3780.97,28.0,Master,Gwangju,Office,591.8,8035.46,Self-employed,212166.24,4.0,18.0,420792.7
35,4194.74,15.0,Master,Incheon,Teacher,626.4,34418.14,Full-time,187180.06,6.0,16.0,497753.99
25,3577.43,5.0,Bachelor,Gwangju,,554.9,47829.64,Self-employed,282551.71,3.0,22.0,435512.99
59,2940.46,37.0,Bachelor,Busan,Manager,606.1,15304.74,Full-time,302684.45,,16.0,599087.16
32,3073.12,14.0,High School,Busan,Engineer,597.2,,Full-time,301550.42,3.0,21.0,456104.51
54,4408.41,30.0,Master,Seoul,Service,750.5,36140.13,Part-time,207935.48,2.0,25.0,488479.58
38,3959.3,20.0,Master,Gwangju,,550.4,,Self-employed,227085.03,5.0,3.0,447039.7
31,4990.96,10.0,High School,Daegu,Service,850.0,32031.66,Full-time,384723.05,4.0,6.0,586106.74
35,4278.54,12.0,Bachelor,Incheon,Office,654.3,24870.85,Self-employed,50000.0,5.0,22.0,361604.05
62,4315.52,44.0,Bachelor,Gwangju,Teacher,787.8,44821.68,Full-time,303349.57,4.0,30.0,588783.73
29,,5.0,Master,Gwangju,Manager,602.9,19126.32,Full-time,191061.86,4.0,6.0,398711.68
44,6328.38,17.0,High School,Incheon,Engineer,742.3,27495.42,Full-time,191082.39,5.0,29.0,475487.26
39,6388.53,15.0,Bachelor,Gwangju,Service,562.5,,Part-time,195733.83,6.0,,507869.8
50,6210.61,30.0,High School,,Manager,,26571.58,Full-time,62628.64,1.0,6.0,333626.99
23,5505.67,2.0,Bachelor,Incheon,Teacher,767.6,19387.42,Full-time,202161.93,3.0,7.0,421597.06
63,7328.12,40.0,Master,Daegu,Engineer,670.2,23373.35,Self-employed,328745.55,1.0,18.0,559709.73
42,4856.74,18.0,Master,Incheon,Engineer,664.1,14243.65,Self-employed,195025.33,3.0,20.0,504822.69
21,4688.32,0.0,Master,Seoul,Service,599.7,19647.69,Full-time,206728.27,1.0,29.0,346839.08
41,7565.88,14.0,Master,Seoul,Manager,610.3,18991.55,Full-time,144333.32,5.0,25.0,425684.38
56,1000.0,30.0,Bachelor,Seoul,Manager,552.3,22496.25,Full-time,221850.39,5.0,,506675.86
27,3879.16,1.0,,Seoul,Engineer,638.1,26601.15,Full-time,50000.0,4.0,8.0,328640.23
26,6078.74,0.0,PhD,Busan,Office,,5000.0,Self-employed,152578.12,2.0,23.0,326189.0
33,5670.39,6.0,Master,Daegu,Engineer,,29714.89,Full-time,252892.97,5.0,21.0,488280.99
22,8048.48,,Bachelor,Busan,Teacher,687.2,42869.52,Full-time,107230.64,3.0,28.0,334268.11
35,4361.23,16.0,Master,Gwangju,Manager,515.8,37047.08,Self-employed,114778.08,4.0,8.0,380232.08
38,3553.77,19.0,Master,Gwangju,Service,695.7,17597.3,Part-time,180319.09,3.0,13.0,373925.09
37,3701.87,16.0,High School,Incheon,Manager,654.5,40272.92,,262297.74,1.0,25.0,406890.44
35,4677.1,9.0,Bachelor,Seoul,Engineer,617.1,18294.82,Full-time,305956.78,2.0,28.0,485872.21
27,6632.47,7.0,,Incheon,Teacher,,31514.47,Self-employed,220101.91,5.0,20.0,458101.31
52,6651.21,29.0,Master,Gwangju,Office,733.1,5000.0,Full-time,193337.47,1.0,17.0,381682.71
31,4115.98,12.0,Bachelor,Seoul,Manager,509.9,35314.05,Full-time,254449.44,4.0,30.0,484720.3
30,4579.51,12.0,Bachelor,Daegu,Engineer,581.3,28060.29,Full-time,201021.14,3.0,8.0,360896.71
24,3282.6,2.0,,Gwangju,Engineer,691.8,29663.8,Full-time,,6.0,29.0,555165.15
46,3439.18,21.0,Bachelor,Incheon,Engineer,,28208.91,Full-time,346239.86,2.0,4.0,523655.62
31,5769.39,4.0,Master,Incheon,Teacher,710.3,50418.6,Full-time,206593.67,5.0,7.0,470715.12
36,6603.32,,High School,Gwangju,Engineer,687.7,38485.35,Full-time,123154.75,3.0,23.0,303093.47
25,3154.07,6.0,Bachelor,Busan,,625.7,,Self-employed,215052.28,5.0,3.0,454594.58
52,,25.0,Master,Daegu,Engineer,544.6,34663.38,Self-employed,391237.95,5.0,19.0,558398.63
24,3835.38,,Bachelor,Gwangju,Manager,,52069.38,Full-time,246930.77,3.0,13.0,444191.47
47,5495.81,22.0,Master,Gwangju,Engineer,666.2,24976.21,Full-time,136523.84,5.0,16.0,359301.22
33,3617.23,13.0,Bachelor,Incheon,Teacher,574.8,11336.53,Full-time,223051.22,4.0,20.0,443835.83
24,1310.32,6.0,,Seoul,Manager,512.1,48603.67,Full-time,,2.0,30.0,423701.79
52,5705.54,31.0,PhD,Seoul,Engineer,706.6,22297.88,Self-employed,149359.26,1.0,15.0,427686.18
60,3744.77,35.0,Bachelor,Seoul,,629.2,33947.71,,327213.79,2.0,8.0,557736.53
38,3900.83,18.0,Master,Incheon,Teacher,,34255.95,Full-time,272517.06,1.0,27.0,488885.68
41,4853.38,14.0,PhD,Seoul,,774.2,19192.57,,318564.65,,,540160.58
24,,5.0,PhD,Gwangju,Teacher,530.0,11035.87,Full-time,50000.0,2.0,4.0,195773.96
21,4884.18,0.0,Bachelor,Busan,Office,660.0,,Full-time,243803.29,4.0,29.0,401945.6
49,1755.4,28.0,Bachelor,,Engineer,738.0,43221.28,Part-time,226649.2,3.0,5.0,427721.61
58,5034.46,35.0,Bachelor,Busan,Office,719.1,35599.75,Full-time,136444.74,1.0,5.0,403342.62
23,1336.42,1.0,Bachelor,Seoul,Office,575.7,32825.78,Full-time,257211.1,3.0,7.0,424336.06
52,5354.35,33.0,Bachelor,Busan,Teacher,785.4,11219.19,Self-employed,137984.61,3.0,15.0,465529.54
32,5877.57,5.0,Bachelor,Seoul,Engineer,793.6,24018.3,Self-employed,83456.64,2.0,13.0,360329.08
39,2147.22,20.0,Master,Gwangju,,762.0,42563.99,Full-time,281739.71,5.0,0.0,525256.58
26,4692.65,,,Gwangju,Engineer,610.7,18637.4,Full-time,206826.91,5.0,15.0,346090.6
34,5785.77,7.0,Master,Incheon,Service,662.0,29593.59,Full-time,,4.0,14.0,366380.09
42,3526.49,23.0,Master,Incheon,Manager,780.6,33533.93,Full-time,342114.09,2.0,4.0,588226.59
33,5210.45,8.0,,Daegu,Manager,715.5,34175.71,Part-time,225118.57,3.0,8.0,415975.93
42,1000.0,17.0,Bachelor,Gwangju,Teacher,628.9,15705.07,Full-time,151653.8,6.0,30.0,370779.63
38,5847.29,20.0,Master,Seoul,Engineer,663.0,,Full-time,,4.0,2.0,341412.71
48,4244.99,30.0,High School,Daegu,Office,558.0,38150.16,Full-time,126155.05,3.0,30.0,397662.54
39,3813.26,18.0,High School,Gwangju,Manager,771.9,50308.44,Self-employed,81111.66,4.0,26.0,352706.57
48,5676.06,29.0,Master,Seoul,Teacher,671.8,,Full-time,365598.89,6.0,6.0,617417.87
43,6793.93,25.0,High School,Gwangju,Teacher,819.4,32933.97,Part-time,,1.0,6.0,576160.15
37,4928.57,11.0,Master,,Teacher,533.9,14083.94,Full-time,324237.43,4.0,15.0,492330.96
29,6613.07,9.0,Master,Seoul,Engineer,602.3,25088.27,Full-time,,4.0,27.0,421940.63
60,1870.08,42.0,,Gwangju,Teacher,675.8,22000.27,Part-time,265975.06,3.0,27.0,473144.2
27,5198.92,8.0,Master,Gwangju,Service,850.0,51255.15,Full-time,418349.13,5.0,25.0,627403.56
45,4001.99,20.0,Bachelor,Gwangju,Office,686.2,36797.55,Full-time,151772.79,3.0,2.0,420705.55
48,3017.67,26.0,Master,Incheon,Teacher,619.2,29121.3,Full-time,212299.19,2.0,14.0,447970.34
29,1306.98,5.0,Master,Busan,Engineer,681.4,5155.35,Self-employed,372613.39,3.0,6.0,507268.7
36,5117.68,13.0,,Gwangju,Office,625.9,31700.9,Part-time,249610.05,6.0,2.0,477700.96
21,5512.94,3.0,Bachelor,Seoul,Office,755.7,31821.65,Self-employed,276783.96,5.0,15.0,521514.71
25,6213.03,2.0,Bachelor,Gwangju,Manager,748.9,25278.14,Full-time,161818.55,2.0,30.0,329944.68
24,5964.74,0.0,High School,Incheon,Teacher,808.8,28560.33,Part-time,95660.31,6.0,5.0,372103.26
47,3042.44,26.0,PhD,Incheon,Teacher,548.6,49617.97,,260943.13,5.0,7.0,553748.6
60,6136.06,35.0,Bachelor,Gwangju,Engineer,535.6,39385.11,Full-time,,2.0,15.0,443098.34
24,6294.52,0.0,Bachelor,Daegu,Service,661.4,17375.62,Full-time,164292.28,3.0,23.0,373531.99
37,3810.02,,High School,Busan,Service,745.3,51428.42,Part-time,152323.33,5.0,5.0,429079.51
45,4242.64,26.0,Bachelor,Seoul,Manager,762.0,18468.96,Full-time,290280.23,6.0,15.0,612136.49
39,2798.77,16.0,,Seoul,Service,699.2,47392.53,Full-time,260691.48,6.0,1.0,491845.41
60,6421.33,37.0,,Seoul,Engineer,745.1,19310.88,Full-time,382728.3,5.0,0.0,714346.21
46,,22.0,Master,Seoul,Manager,801.2,26183.39,Part-time,318338.89,6.0,18.0,611404.25
31,5002.46,8.0,Master,Incheon,Teacher,617.0,5000.0,Full-time,233065.09,6.0,13.0,447555.13
26,3304.76,7.0,Bachelor,Busan,Service,,34328.2,Full-time,,1.0,18.0,433957.28
22,2538.22,0.0,Bachelor,Gwangju,Engineer,799.8,5000.0,Self-employed,310093.26,1.0,22.0,418579.0
29,1387.91,8.0,High School,Gwangju,Engineer,635.8,30487.93,Self-employed,232736.16,4.0,3.0,438632.2
53,3876.89,27.0,High School,Daegu,Teacher,604.1,22784.72,Full-time,325702.33,1.0,1.0,488921.29
44,2303.12,19.0,High School,Gwangju,Engineer,740.6,22919.18,Self-employed,235334.6,5.0,1.0,441979.53
54,4284.63,34.0,Master,Busan,Manager,839.3,32727.9,Full-time,276906.49,4.0,11.0,582736.56
35,6854.01,15.0,PhD,Gwangju,Manager,,37835.07,Full-time,348039.6,3.0,22.0,497418.81
21,4499.26,0.0,High School,Incheon,Office,833.6,43705.35,Self-employed,87623.47,4.0,23.0,292002.22
43,7195.92,24.0,Bachelor,Gwangju,Teacher,603.2,13963.65,Full-time,339793.36,6.0,10.0,615010.37
29,2726.59,3.0,High School,Seoul,Engineer,662.4,24265.98,Part-time,345307.3,2.0,20.0,511716.15
57,,36.0,Master,Seoul,Service,589.6,27427.54,Self-employed,200729.77,4.0,17.0,497829.15
41,2659.48,18.0,,Seoul,Manager,714.5,35235.47,Self-employed,230391.07,1.0,18.0,465896.05
45,4102.35,25.0,Bachelor,Seoul,Teacher,690.9,,Full-time,194372.1,3.0,16.0,428056.47
62,8284.42,42.0,Bachelor,Incheon,Teacher,,17863.5,Self-employed,173106.28,2.0,30.0,438414.68
58,1706.83,38.0,Master,Incheon,Manager,629.8,42422.33,Full-time,328850.79,4.0,25.0,537413.34
46,5129.49,19.0,Bachelor,Incheon,Office,645.8,,Full-time,101467.31,3.0,3.0,348521.42
48,3150.05,29.0,High School,Gwangju,Teacher,674.7,49467.71,Part-time,233562.8,1.0,22.0,430363.15
57,3864.3,32.0,High School,Seoul,Engineer,659.1,31805.0,Self-employed,,3.0,25.0,487808.48
39,2312.97,13.0,Bachelor,,Service,676.6,5000.0,Full-time,176993.08,3.0,11.0,359608.57
46,5518.71,21.0,Master,Daegu,Service,560.3,18119.29,Self-employed,,2.0,24.0,337516.26
60,4134.11,33.0,Bachelor,Seoul,Manager,507.9,26067.85,Self-employed,229422.35,5.0,,476347.69
39,5831.18,19.0,High School,Busan,Teacher,707.8,17869.33,Self-employed,266700.17,1.0,15.0,434695.81
63,4462.87,39.0,Master,Gwangju,,710.4,17426.32,Full-time,,2.0,3.0,463845.69
38,1302.56,11.0,High School,Daegu,,698.7,50852.67,Self-employed,220379.98,2.0,27.0,455611.56
39,5844.81,20.0,High School,Incheon,Manager,722.2,13008.16,Full-time,388130.11,2.0,5.0,510774.97
54,1180.5,33.0,Master,Busan,Office,643.8,21648.1,Full-time,184011.2,5.0,0.0,445649.86
21,1395.15,0.0,Master,Incheon,Service,651.9,28794.25,Self-employed,,5.0,4.0,475473.63
49,2824.2,27.0,Bachelor,Busan,Engineer,641.8,12215.79,Full-time,338936.98,4.0,9.0,618630.86
53,2844.22,27.0,Master,Busan,Manager,535.2,26043.0,Full-time,192426.48,4.0,30.0,441997.95
41,6294.03,14.0,Master,Gwangju,Office,726.0,5000.0,Full-time,270962.02,1.0,13.0,386446.17
22,3943.27,1.0,High School,Incheon,Engineer,742.8,21387.09,Full-time,50000.0,6.0,4.0,335990.9
25,6071.08,3.0,Master,,Engineer,754.5,14577.02,Full-time,317854.18,1.0,9.0,476025.7
34,3348.12,13.0,Bachelor,Daegu,Service,655.1,24318.82,Self-employed,151439.95,5.0,24.0,364944.33
46,4676.47,21.0,PhD,Seoul,,622.6,27330.73,Self-employed,353432.86,5.0,8.0,583388.34
29,4911.06,4.0,PhD,Seoul,Manager,642.4,44184.39,Full-time,,5.0,12.0,445389.31
28,5244.1,8.0,Bachelor,Daegu,Engineer,638.8,20677.2,Full-time,303406.57,2.0,16.0,416509.38
52,3502.61,34.0,Bachelor,Busan,,519.7,53646.36,Full-time,170395.17,5.0,18.0,419883.41
51,3633.22,28.0,High School,,Office,,30547.04,Full-time,490356.96,2.0,28.0,596618.07
25,3752.8,6.0,High School,Daegu,Engineer,747.5,16686.1,Self-employed,237010.37,2.0,19.0,383366.05
60,1721.38,41.0,Bachelor,Incheon,Office,697.3,29621.83,Full-time,420556.03,1.0,27.0,631574.99
55,,35.0,Master,Daegu,Manager,681.8,42826.3,Full-time,221231.32,3.0,0.0,413981.17
21,3624.47,0.0,Bachelor,Busan,Service,629.8,15187.16,Self-employed,192499.9,4.0,8.0,361078.74
48,5070.11,28.0,Bachelor,,Office,741.0,,Full-time,278727.97,4.0,17.0,568254.14
23,4336.95,0.0,Master,Gwangju,,673.0,34385.95,Full-time,,1.0,30.0,446777.71
20,6204.57,0.0,Master,Daegu,Office,582.5,14271.64,Part-time,299249.07,1.0,4.0,454579.08
38,4305.13,11.0,Master,Daegu,Office,785.9,21733.52,Full-time,268668.89,5.0,13.0,515573.95
45,3356.69,19.0,High School,Incheon,Service,731.7,23011.95,Self-employed,225136.05,5.0,28.0,500007.71
44,4286.55,19.0,Master,Incheon,Service,812.4,41299.48,Full-time,294125.07,5.0,18.0,559623.77
29,5286.25,11.0,Master,Daegu,Engineer,773.0,13847.46,Part-time,256496.67,2.0,14.0,426735.65
34,1540.19,10.0,High School,Daegu,,630.2,46473.54,Full-time,209028.14,2.0,3.0,316627.16
41,3127.13,17.0,,Busan,Office,657.2,41699.25,Full-time,207627.12,5.0,30.0,470708.83
40,3158.73,15.0,PhD,Seoul,Service,760.9,47972.48,Full-time,343690.83,2.0,3.0,527889.55
41,4816.49,14.0,Bachelor,Seoul,Teacher,586.0,28705.73,Full-time,109160.15,1.0,26.0,339657.57
55,,33.0,Bachelor,Gwangju,Service,812.5,42818.63,Full-time,295670.61,5.0,17.0,538381.15
53,4351.84,26.0,High School,Seoul,Teacher,706.2,25111.4,Full-time,286529.42,4.0,26.0,556623.73
49,1000.0,23.0,Bachelor,Gwangju,Service,746.2,,Full-time,410867.34,4.0,17.0,557103.69
44,1722.12,18.0,Bachelor,Incheon,Manager,705.8,29050.46,Part-time,50000.0,6.0,7.0,386333.87
64,3841.6,39.0,High School,Gwangju,Office,684.3,49612.82,Full-time,89587.2,2.0,1.0,345547.78
47,3447.8,24.0,Bachelor,Gwangju,Teacher,656.8,31219.99,Full-time,145060.77,4.0,15.0,400052.26
20,4208.06,0.0,High School,Seoul,Manager,668.3,17864.21,Full-time,166545.01,5.0,30.0,410032.14
64,3495.9,46.0,Master,Daegu,Teacher,466.3,46154.77,Self-employed,300966.03,4.0,13.0,555665.86
23,6497.46,0.0,PhD,Incheon,Engineer,725.0,30502.12,Full-time,107373.39,1.0,25.0,319715.86
26,1000.0,5.0,Bachelor,Busan,Engineer,850.0,21560.31,Full-time,195800.89,2.0,,350786.62
28,4653.94,7.0,Bachelor,Gwangju,Office,613.7,20991.31,Full-time,161744.73,4.0,0.0,337761.39
55,5442.02,36.0,Bachelor,Gwangju,Manager,562.6,17319.18,Full-time,195609.21,2.0,16.0,451274.7
38,5252.31,17.0,High School,Gwangju,Manager,805.5,,Full-time,338989.58,1.0,9.0,416518.52
20,5380.91,0.0,PhD,Daegu,Engineer,710.2,22933.3,,268925.09,4.0,15.0,493250.17
29,,7.0,High School,,Office,752.4,30458.11,Part-time,168051.71,6.0,2.0,421484.91
55,3294.03,33.0,High School,Seoul,Engineer,720.3,23425.51,Full-time,102630.76,5.0,18.0,474305.27
28,2547.77,7.0,Bachelor,Incheon,Manager,605.8,5000.0,Full-time,265745.96,3.0,10.0,456456.89
64,1147.98,46.0,Master,Daegu,Teacher,752.7,9555.13,Full-time,164532.69,4.0,24.0,439124.93
65,3656.1,38.0,Bachelor,Busan,Manager,640.6,,Full-time,197263.5,1.0,29.0,434474.03
61,3033.7,,High School,Incheon,Office,613.9,26626.63,Full-time,199181.8,6.0,14.0,516734.09
51,5942.41,31.0,Master,Seoul,Manager,731.1,7528.55,Full-time,314473.85,6.0,17.0,665472.45
51,3768.66,32.0,Bachelor,Incheon,Service,693.8,23733.28,Full-time,,3.0,19.0,431502.3
25,2654.39,0.0,High School,Gwangju,Manager,713.1,29495.37,Full-time,185152.41,6.0,18.0,433256.33
57,2417.2,33.0,Bachelor,Gwangju,Service,710.2,39464.22,Full-time,142469.83,4.0,6.0,345162.9
36,7183.23,10.0,Bachelor,,Engineer,746.4,19763.53,Self-employed,155566.77,2.0,30.0,379859.36
29,4166.87,10.0,Bachelor,Incheon,Service,783.7,35611.31,Full-time,297928.86,1.0,5.0,467477.23
46,3027.74,20.0,Master,Gwangju,Manager,696.9,27733.66,Full-time,220635.93,4.0,8.0,460926.11
54,4386.06,27.0,Master,Daegu,Manager,795.6,23551.83,Full-time,203422.75,1.0,,427596.66
40,7045.33,14.0,Bachelor,Daegu,Manager,770.5,38476.36,Full-time,107445.31,5.0,7.0,439162.24
44,3615.48,18.0,High School,Daegu,Office,739.2,16661.0,,132101.56,3.0,17.0,362777.53
47,5230.52,20.0,High School,Seoul,Engineer,634.0,,Full-time,265568.88,3.0,2.0,478015.05
34,5979.69,7.0,Bachelor,Gwangju,Service,758.4,14303.13,Full-time,201588.11,5.0,0.0,504945.03
23,1362.86,2.0,High School,Gwangju,Teacher,714.2,21084.15,Self-employed,201514.88,3.0,23.0,378698.16
48,3242.38,21.0,Bachelor,Busan,Service,572.6,23387.26,Part-time,,3.0,28.0,482142.08
28,5791.63,8.0,High School,Seoul,Manager,585.3,26669.88,Full-time,274818.11,6.0,,526445.41
46,3151.04,23.0,Bachelor,Gwangju,Teacher,582.8,5000.0,Full-time,278990.37,5.0,3.0,485755.48
45,4821.94,25.0,Bachelor,Gwangju,Teacher,584.5,29266.48,Part-time,196021.87,2.0,17.0,401205.11
38,,12.0,High School,Busan,Service,592.3,6074.27,Self-employed,209949.72,6.0,15.0,477079.43
47,3531.67,27.0,Bachelor,Incheon,Service,746.9,30011.61,Full-time,,3.0,17.0,518862.82
36,3348.95,17.0,Bachelor,Incheon,Service,686.6,31291.93,Part-time,50000.0,2.0,30.0,265172.48
62,5155.01,37.0,Master,Seoul,Service,750.6,39719.72,,,1.0,2.0,553948.54
60,,37.0,Bachelor,Daegu,Engineer,590.4,11976.22,Self-employed,280520.22,,,421384.14
61,4348.29,36.0,High School,Busan,Office,,30751.94,Full-time,161115.0,3.0,9.0,434097.6
39,7961.24,15.0,Bachelor,Busan,Office,610.9,27427.64,Full-time,111565.66,1.0,28.0,328661.2
64,6809.55,44.0,Bachelor,Gwangju,Service,735.4,21187.08,Full-time,341430.09,5.0,4.0,718626.38
59,1228.13,34.0,Master,Gwangju,Office,739.8,15101.78,Full-time,,3.0,7.0,388136.15
58,3534.89,31.0,PhD,Busan,Service,661.8,28970.1,Full-time,,5.0,25.0,454709.27
42,7839.7,24.0,High School,Daegu,Service,705.8,44043.04,Full-time,246436.96,2.0,17.0,480281.97
51,3338.11,33.0,Master,Incheon,Service,639.5,25112.78,Full-time,142673.45,4.0,29.0,417452.6
52,7331.62,25.0,Bachelor,Seoul,Engineer,621.9,43044.96,Full-time,86108.53,4.0,28.0,450109.06
65,3560.51,40.0,High School,Incheon,Manager,711.8,41751.44,Self-employed,243903.61,6.0,4.0,602803.43
24,3849.0,0.0,High School,Seoul,Office,733.0,5000.0,Self-employed,101713.2,,26.0,372214.34
62,5495.36,,Master,Daegu,Office,823.2,17689.24,Full-time,277335.51,,11.0,534072.75
53,4064.69,30.0,Bachelor,Busan,Engineer,600.1,21414.9,Full-time,207292.52,4.0,28.0,496076.88
59,4941.94,37.0,PhD,Daegu,Engineer,590.1,43885.75,Full-time,402535.08,3.0,3.0,673514.42
30,6562.42,11.0,,Busan,Service,640.4,27760.74,Full-time,232145.15,6.0,11.0,482675.66
22,5338.2,0.0,High School,Gwangju,Service,729.1,43487.89,Part-time,159267.48,4.0,12.0,363752.96
52,4412.3,,Master,Seoul,Manager,840.6,26363.17,Full-time,287128.43,6.0,13.0,615147.45
30,6710.29,5.0,Master,Gwangju,Office,691.3,43824.49,Full-time,311403.65,4.0,13.0,487454.53
35,5515.03,9.0,Master,Busan,Engineer,611.0,33428.01,Self-employed,105684.45,1.0,,302764.87
37,3099.69,11.0,Master,Seoul,Manager,588.9,26851.2,Full-time,256719.4,3.0,9.0,467614.53
49,7170.11,24.0,Bachelor,Seoul,Office,633.4,42096.63,Self-employed,249295.91,6.0,21.0,567594.54
29,5163.55,2.0,High School,Gwangju,Manager,698.4,21944.78,Full-time,302260.59,6.0,8.0,482643.79
37,3879.48,12.0,Bachelor,Seoul,Manager,737.0,52248.76,Full-time,132855.47,4.0,23.0,457541.29
57,1168.77,37.0,Bachelor,Busan,Service,697.5,10461.18,Full-time,281278.95,6.0,17.0,583021.58
38,2133.64,18.0,PhD,Busan,Manager,622.4,22833.64,Self-employed,255085.2,3.0,16.0,484217.0
55,6750.2,36.0,Master,Gwangju,Service,575.4,29209.46,Self-employed,199467.19,1.0,23.0,435510.58
32,6809.5,14.0,Master,Daegu,Office,732.5,19098.27,Full-time,447177.16,3.0,4.0,509120.75
65,4327.93,44.0,Bachelor,Busan,Office,635.9,32732.36,Full-time,119047.37,1.0,1.0,413687.34
22,1544.63,3.0,Master,Busan,Service,642.6,26552.92,Full-time,,4.0,9.0,421365.42
29,2569.54,10.0,Master,Seoul,Teacher,598.9,31958.64,Full-time,143910.75,6.0,,441054.91
57,1764.35,35.0,Bachelor,Seoul,Manager,555.7,17330.7,Self-employed,248761.37,6.0,26.0,633037.36
20,1709.83,0.0,Bachelor,Busan,Office,811.6,15806.42,Self-employed,365044.81,4.0,7.0,568303.84
46,7240.2,28.0,Master,Gwangju,Manager,627.3,27656.75,Self-employed,341760.77,4.0,7.0,601685.0
65,7289.88,39.0,Bachelor,Daegu,Teacher,522.9,36749.07,Full-time,50000.0,1.0,5.0,241012.59
27,2518.73,6.0,PhD,Seoul,Manager,693.0,50121.35,Full-time,354233.63,2.0,20.0,567670.6
65,4186.9,43.0,Bachelor,Seoul,Teacher,668.1,6072.67,Full-time,177511.6,1.0,4.0,480558.8
61,2272.81,37.0,High School,Daegu,Engineer,530.2,25635.43,,160566.17,1.0,21.0,307883.64
36,4177.14,17.0,Bachelor,Seoul,Teacher,771.3,33314.44,Full-time,232697.08,6.0,20.0,554558.89
28,6658.96,3.0,Bachelor,Gwangju,Office,733.0,32383.1,Full-time,195717.67,5.0,17.0,370550.89
25,5818.08,6.0,Bachelor,Seoul,Service,747.4,13349.43,Full-time,,4.0,6.0,481418.68
62,5412.99,35.0,High School,Seoul,Service,701.4,19277.45,Full-time,157586.73,4.0,3.0,494779.56
44,3908.73,22.0,Master,Busan,Manager,575.7,27834.22,Full-time,247280.78,5.0,22.0,471557.39
58,6092.95,39.0,Master,Gwangju,Engineer,675.0,60200.81,Full-time,323514.62,6.0,0.0,637596.93
47,,28.0,,Gwangju,Manager,641.5,39317.26,Full-time,232397.32,2.0,21.0,413233.48
52,4805.87,31.0,High School,Busan,,628.0,32205.15,Full-time,211564.35,3.0,1.0,464467.08
56,4026.89,35.0,Bachelor,Incheon,Service,810.9,5000.0,Self-employed,272601.24,4.0,18.0,599646.93
28,4677.56,3.0,Master,Daegu,Teacher,600.7,12190.73,Full-time,327752.74,4.0,2.0,467970.36
37,4632.38,14.0,Bachelor,Gwangju,Service,642.9,13253.44,Full-time,230865.23,1.0,25.0,354004.62
40,3387.85,,High School,Incheon,Service,683.0,32296.17,Full-time,206398.85,2.0,0.0,446494.95
21,3037.63,0.0,Bachelor,Daegu,,711.5,26365.5,Full-time,273810.31,2.0,29.0,405812.49
62,2704.64,38.0,Master,Gwangju,Office,815.4,20377.63,Full-time,,6.0,20.0,559462.06
57,2800.71,30.0,Bachelor,Seoul,Teacher,666.9,32013.36,Full-time,,2.0,12.0,361688.97
59,3917.85,38.0,Master,Gwangju,Manager,,9871.45,Part-time,271979.5,2.0,7.0,519271.57
55,3670.97,36.0,PhD,,Engineer,583.7,18222.22,Self-employed,184419.3,5.0,11.0,468631.15
62,3268.9,36.0,High School,Incheon,Manager,726.0,27209.34,Full-time,175050.5,1.0,29.0,441442.51
56,,37.0,Bachelor,Seoul,Teacher,834.8,50430.6,Full-time,58316.46,6.0,7.0,480429.21
34,4637.82,16.0,High School,Daegu,Engineer,,38747.74,Full-time,156462.65,5.0,25.0,426970.06
47,,22.0,,Daegu,Manager,744.2,33172.45,Full-time,189982.45,5.0,,422419.38
37,4183.63,10.0,High School,Gwangju,Engineer,567.2,23191.21,Full-time,342431.11,3.0,26.0,456743.28
53,4085.5,27.0,Bachelor,Busan,Teacher,652.4,27782.01,Full-time,369034.11,1.0,6.0,556048.04
41,2797.67,23.0,Master,Busan,Service,656.4,42592.84,Full-time,204588.33,2.0,22.0,416047.51
30,3865.4,6.0,Bachelor,Seoul,Teacher,708.2,49908.91,Part-time,266596.53,6.0,7.0,508739.82
32,5985.5,13.0,Bachelor,Daegu,Office,668.8,25120.48,Full-time,122461.81,1.0,28.0,319167.96
23,5756.19,0.0,High School,Incheon,Engineer,770.3,33407.34,Full-time,230610.68,2.0,23.0,476657.0
41,5651.96,19.0,Bachelor,Seoul,Teacher,638.9,38969.19,Full-time,185088.14,3.0,14.0,456239.78
26,5603.8,8.0,High School,Seoul,Service,738.5,32905.56,Part-time,85829.21,4.0,29.0,395375.01
62,4855.1,,Bachelor,Gwangju,Service,692.9,12287.59,Full-time,316189.19,5.0,20.0,610061.06
43,4801.81,24.0,,,Teacher,593.7,19060.25,Full-time,,3.0,6.0,448374.96
23,4567.13,0.0,Master,Daegu,Manager,501.7,36887.58,Full-time,278924.34,5.0,11.0,440462.44
47,3574.67,,High School,Daegu,Teacher,691.7,21238.14,Self-employed,186782.14,6.0,17.0,379858.11
34,4325.55,11.0,Master,Daegu,Service,625.2,49523.22,Part-time,50000.0,2.0,3.0,221307.61
20,4523.4,2.0,High School,Seoul,Teacher,702.0,24308.84,,98754.65,6.0,5.0,400573.1
22,5149.75,1.0,Bachelor,Gwangju,Office,579.2,11993.63,Full-time,297637.1,2.0,10.0,379967.18
33,4350.38,6.0,Bachelor,Seoul,Manager,,40415.32,Full-time,199175.29,3.0,29.0,434343.1
57,7357.74,35.0,Master,Busan,Teacher,805.5,23680.19,Part-time,271816.81,4.0,9.0,555942.33
20,2385.28,1.0,Bachelor,Busan,Service,660.8,24630.13,Part-time,183898.18,4.0,29.0,429676.7
57,5331.71,38.0,Bachelor,Daegu,Teacher,520.3,38414.94,Full-time,227925.8,5.0,18.0,564452.8
57,4138.13,33.0,Bachelor,Gwangju,Teacher,675.5,16114.79,Full-time,220047.91,2.0,17.0,438433.05
40,4203.22,16.0,High School,Daegu,Engineer,623.0,28985.52,Part-time,141567.3,2.0,11.0,346343.11
48,2981.14,25.0,,Daegu,Teacher,604.2,13463.65,Full-time,242138.06,4.0,16.0,498361.55
24,5729.01,6.0,Master,Seoul,Office,663.2,,Full-time,351177.22,2.0,19.0,530624.31
29,5179.26,9.0,Bachelor,Daegu,Service,,8335.39,Full-time,,,1.0,453205.89
47,5450.46,21.0,Master,Daegu,Engineer,633.8,17909.92,Full-time,78768.38,2.0,29.0,255814.84
40,4453.87,13.0,Bachelor,Gwangju,Teacher,,38779.61,Full-time,281190.64,3.0,18.0,487134.68
26,3712.66,8.0,Bachelor,Gwangju,Manager,662.8,43566.95,Part-time,103461.03,4.0,11.0,374974.41
22,4100.16,3.0,Bachelor,Gwangju,Office,672.8,17382.31,Part-time,136322.33,4.0,25.0,307949.72
64,4850.2,39.0,High School,Daegu,Office,767.3,17252.32,Full-time,196728.11,6.0,10.0,459601.64
39,1191.64,15.0,Bachelor,Gwangju,Office,657.6,29228.38,Self-employed,273651.93,6.0,14.0,541397.94
38,,12.0,Master,Gwangju,Engineer,741.3,18299.42,Full-time,261215.88,1.0,10.0,410731.61
54,7839.29,27.0,Bachelor,Incheon,Teacher,661.8,39251.95,Full-time,192744.17,6.0,10.0,493250.49
23,4920.5,2.0,Master,Incheon,Office,724.8,11318.05,Full-time,107960.88,4.0,,362334.3
24,3778.61,3.0,Master,,Teacher,658.8,20475.33,Self-employed,448021.82,4.0,9.0,573434.0
20,3958.15,0.0,Bachelor,Seoul,Manager,693.7,49747.69,Full-time,235599.02,6.0,18.0,461505.16
23,5261.31,5.0,Master,Seoul,Teacher,700.6,32538.3,Part-time,289702.78,1.0,2.0,413288.34
31,3812.57,4.0,,Gwangju,Teacher,734.1,35013.12,Full-time,261137.49,2.0,3.0,475948.9
46,5503.01,20.0,Bachelor,Busan,Teacher,718.4,25717.76,Full-time,347857.88,2.0,,592944.89
61,3938.79,42.0,Bachelor,Busan,Service,612.5,,Full-time,129776.83,5.0,14.0,444199.99
42,6771.28,24.0,,Incheon,Engineer,825.6,46586.62,Self-employed,251021.45,2.0,5.0,591622.27
44,6729.89,20.0,Master,Busan,Teacher,682.1,30341.69,Full-time,192784.74,4.0,,502585.17
40,3704.75,17.0,Master,Daegu,Office,753.2,39389.3,Self-employed,127819.77,5.0,7.0,390457.69
43,4078.46,23.0,Bachelor,Gwangju,Service,488.8,24713.88,Full-time,330726.23,5.0,1.0,612151.31
44,4166.45,26.0,High School,Daegu,Teacher,,27692.47,Full-time,139792.96,,18.0,368636.86
64,4186.55,42.0,Bachelor,Seoul,Service,741.2,23200.36,Full-time,261044.43,6.0,14.0,608768.4
65,2778.86,38.0,Master,Incheon,Engineer,698.7,30470.02,Self-employed,363326.22,2.0,30.0,641434.54
51,,30.0,Bachelor,Daegu,Service,499.5,22351.51,Full-time,361499.63,5.0,7.0,547980.56
51,6074.64,29.0,Bachelor,Gwangju,Office,622.2,17652.7,Full-time,141578.56,1.0,18.0,399102.94
24,5834.68,6.0,Master,Daegu,Teacher,598.1,25622.05,Full-time,302816.16,5.0,4.0,456931.13
55,5808.78,37.0,Bachelor,Daegu,Office,773.0,34333.83,Full-time,270194.57,3.0,11.0,496710.37
65,4095.93,43.0,PhD,Busan,Manager,583.7,41963.91,Full-time,119715.13,1.0,26.0,386503.19
61,7038.02,38.0,Bachelor,Incheon,Service,724.3,11830.39,Self-employed,62255.33,4.0,11.0,437570.96
61,4166.3,39.0,PhD,Seoul,Service,656.8,38640.3,Self-employed,220535.54,2.0,27.0,504152.68
58,5494.31,39.0,Bachelor,Gwangju,Service,766.6,19620.86,Full-time,322772.82,2.0,8.0,533880.36
35,2117.07,9.0,High School,,Engineer,698.3,15907.44,Self-employed,467342.4,,17.0,605163.37
52,3855.4,30.0,Master,Seoul,Office,628.4,16566.47,Full-time,168508.55,3.0,24.0,533779.87
40,3966.27,18.0,Master,Gwangju,Manager,618.0,59246.49,Full-time,235478.4,2.0,9.0,423469.6
28,4101.77,1.0,Master,Busan,Engineer,644.7,36932.5,Full-time,,4.0,4.0,389495.98
25,2211.75,0.0,Bachelor,Daegu,Engineer,432.6,14182.05,Full-time,354894.86,5.0,14.0,513739.3
64,5255.82,44.0,Master,Busan,Teacher,821.6,21370.79,Self-employed,247330.04,2.0,24.0,506632.15
54,5742.92,,High School,Busan,,785.1,11712.84,Full-time,257387.03,4.0,,540127.5
58,3084.21,36.0,High School,Busan,Service,685.4,12112.02,Full-time,231022.55,6.0,23.0,511228.2
41,2478.99,22.0,Bachelor,Seoul,Service,755.2,11660.83,Full-time,148984.83,1.0,23.0,418108.24
60,3046.59,39.0,Master,Incheon,Teacher,677.1,15492.83,Full-time,297433.74,4.0,18.0,561882.03
24,4943.25,5.0,Master,Seoul,Service,714.9,37190.22,Full-time,307413.82,6.0,20.0,627059.32
61,3305.09,39.0,Bachelor,Seoul,Office,759.0,40788.28,Full-time,328937.36,3.0,9.0,547817.53
42,3998.9,15.0,,Busan,Service,660.9,16940.1,Full-time,310040.98,4.0,16.0,534474.57
36,2589.81,17.0,High School,Incheon,Office,,23040.24,Full-time,139007.42,2.0,28.0,458779.87
31,7168.93,4.0,Bachelor,Seoul,Teacher,536.3,38063.26,Part-time,203385.05,5.0,5.0,435935.86
42,4309.8,16.0,Bachelor,Incheon,Teacher,697.2,28439.21,Self-employed,256734.94,4.0,8.0,500632.48
35,5924.57,8.0,Master,Busan,Office,678.8,,Full-time,166565.22,3.0,27.0,375395.36
22,4939.75,0.0,Bachelor,Seoul,Service,652.8,21782.23,Full-time,122854.62,1.0,29.0,354615.72
49,4137.18,24.0,Master,Incheon,Teacher,663.5,46371.01,Part-time,196130.0,3.0,16.0,374176.06
41,4059.51,15.0,High School,Gwangju,Teacher,660.6,48608.33,Full-time,233003.88,6.0,17.0,438271.28
28,3112.13,3.0,Bachelor,Seoul,Office,768.6,36674.57,Self-employed,504159.57,1.0,13.0,585874.78
48,3524.31,26.0,Bachelor,Seoul,Teacher,675.3,20796.61,Full-time,330147.81,4.0,22.0,616348.77
56,2688.3,34.0,Master,Seoul,Service,850.0,12196.13,Part-time,159152.25,5.0,5.0,503334.53
42,2524.7,19.0,Bachelor,Incheon,Teacher,604.8,48943.53,Full-time,157962.77,3.0,25.0,367258.58
32,7329.56,14.0,Master,Daegu,Office,724.4,31921.66,Full-time,129161.87,5.0,10.0,415590.98
51,4618.37,26.0,Bachelor,Seoul,Service,,29424.47,Self-employed,,6.0,18.0,609476.61
65,6398.58,46.0,High School,Gwangju,,648.8,36543.83,Self-employed,,4.0,15.0,481933.45
42,3008.91,19.0,High School,Gwangju,Office,582.9,28327.62,Self-employed,,5.0,1.0,420822.4
64,2322.59,38.0,Master,Busan,Manager,643.9,24819.04,Full-time,179314.42,5.0,6.0,445322.84
36,2733.33,16.0,Master,Daegu,Teacher,574.3,54594.37,Full-time,415032.76,3.0,25.0,593057.81
59,3566.89,40.0,High School,Daegu,Service,614.1,42178.5,Self-employed,330733.64,4.0,25.0,611940.2
40,4254.75,13.0,High School,Incheon,Teacher,711.0,47934.66,Full-time,135383.15,,20.0,370843.77
21,3973.6,,Bachelor,Busan,Service,850.0,,Full-time,122951.98,,5.0,298479.99
56,3040.21,30.0,Bachelor,Incheon,Engineer,818.8,5000.0,Self-employed,322703.69,2.0,14.0,563355.71
25,4331.57,2.0,High School,Busan,Teacher,631.4,37984.85,Part-time,138994.97,1.0,24.0,272590.86
63,4463.08,38.0,Bachelor,Daegu,Teacher,755.7,33988.82,Full-time,331753.49,6.0,12.0,639428.85
37,5253.41,12.0,Bachelor,Incheon,Teacher,650.9,20616.07,Full-time,281857.53,5.0,6.0,529820.29
49,6405.65,25.0,Master,Busan,Office,610.4,63292.58,Self-employed,141773.87,4.0,19.0,447787.36
41,3654.16,19.0,Bachelor,Daegu,Service,673.4,29839.96,Full-time,275582.27,1.0,26.0,506720.3
52,6023.22,33.0,Master,Daegu,Service,504.9,21809.7,Full-time,254650.99,4.0,24.0,427897.44
49,4298.91,22.0,Bachelor,Seoul,Service,545.5,26352.94,Full-time,85600.81,6.0,2.0,468825.53
36,1909.02,9.0,High School,Incheon,Office,753.0,35436.08,Self-employed,220474.2,1.0,14.0,374752.35
62,,40.0,Bachelor,Seoul,Service,789.1,,Full-time,189796.35,4.0,19.0,566071.87
51,7608.8,27.0,,Daegu,Teacher,480.8,21683.68,Part-time,251277.24,5.0,25.0,513274.77
61,5128.64,37.0,Master,Incheon,Manager,796.6,38084.21,Full-time,205913.19,3.0,2.0,550594.82
33,4334.68,14.0,,Incheon,Engineer,772.7,28402.43,Full-time,251956.44,1.0,25.0,445931.41
29,3792.89,5.0,High School,Gwangju,Service,652.1,24985.35,Full-time,167481.81,6.0,26.0,379723.85
55,3504.08,32.0,Bachelor,Busan,Office,716.4,25502.97,Full-time,209939.59,4.0,14.0,493514.73
53,6016.05,29.0,Master,Gwangju,,825.4,14013.33,Full-time,107783.17,1.0,27.0,417420.36
28,4174.09,3.0,Bachelor,Gwangju,Service,778.1,16402.84,Self-employed,185827.48,4.0,2.0,411109.63
61,6710.91,40.0,Bachelor,Daegu,Manager,719.5,15362.9,Full-time,184166.35,4.0,27.0,459680.57
47,4252.29,29.0,,Busan,Service,629.3,,Full-time,97773.27,3.0,14.0,364171.25
30,3581.48,5.0,Master,Gwangju,Office,647.2,32103.8,Full-time,225196.86,4.0,0.0,422942.0
33,3298.05,8.0,Bachelor,Gwangju,Engineer,735.9,,Full-time,357697.34,,20.0,479474.28
58,3084.43,38.0,Master,Incheon,Manager,723.3,23045.87,Full-time,159650.03,6.0,19.0,504541.78
38,4971.22,18.0,High School,Daegu,Service,773.0,24377.71,Part-time,319054.95,5.0,10.0,582590.88
34,2258.26,12.0,High School,Gwangju,Engineer,564.4,16162.74,Full-time,244187.91,6.0,24.0,534151.28
47,,27.0,Bachelor,Busan,Service,715.6,23618.11,Self-employed,53256.6,2.0,30.0,351056.7
43,6186.72,21.0,Bachelor,Seoul,Manager,737.5,28957.96,Full-time,429695.34,4.0,3.0,693444.79
27,2768.18,2.0,Master,Seoul,,660.6,19655.33,Self-employed,142302.12,2.0,18.0,388141.32
62,5494.06,44.0,Bachelor,Daegu,Manager,850.0,17004.19,Full-time,221923.67,5.0,21.0,567081.17
28,1105.48,9.0,,Seoul,Teacher,610.8,20681.09,Self-employed,252617.8,6.0,27.0,512918.64
52,6375.13,33.0,Master,Incheon,Service,675.5,39419.35,Part-time,217111.01,2.0,27.0,455840.99
52,2294.65,31.0,High School,Incheon,Engineer,738.5,,Full-time,289544.86,4.0,9.0,528915.7
38,2885.41,12.0,High School,Busan,Engineer,749.1,30014.26,Full-time,324242.38,1.0,26.0,473218.65
22,5220.51,3.0,Master,Daegu,Manager,660.4,21991.96,Self-employed,143241.96,6.0,20.0,399360.83
29,4605.61,3.0,Bachelor,Daegu,Manager,660.2,26721.94,Full-time,201073.06,6.0,3.0,469252.94
59,5542.48,35.0,Bachelor,Seoul,Manager,735.9,38170.89,Full-time,162770.17,3.0,15.0,477125.28
61,2282.61,34.0,Bachelor,Gwangju,Engineer,717.1,17226.84,Full-time,162241.79,6.0,0.0,456494.76
20,3769.79,0.0,Bachelor,Gwangju,Office,687.4,54737.03,Self-employed,229488.96,4.0,26.0,421759.18
48,3274.38,30.0,High School,Gwangju,Engineer,531.2,32285.91,Self-employed,304600.16,4.0,12.0,528332.75
53,2534.72,31.0,Master,Busan,Office,691.8,30447.26,Full-time,82540.04,3.0,18.0,341261.3
32,5093.85,6.0,Bachelor,Daegu,Manager,809.2,15413.43,Full-time,207130.09,3.0,13.0,381733.61
20,5614.58,0.0,High School,Seoul,Teacher,727.2,35803.32,Part-time,148068.56,6.0,12.0,468693.6
53,3694.7,34.0,Master,Busan,Engineer,,47964.55,,273498.78,3.0,28.0,504035.67
48,6484.07,25.0,Bachelor,Incheon,Manager,563.3,18934.13,Full-time,265507.72,3.0,3.0,541198.23
32,3021.45,13.0,Master,Incheon,,,15952.6,Full-time,,3.0,9.0,517557.98
48,6447.7,28.0,High School,Incheon,Manager,643.2,28564.08,Full-time,113394.78,4.0,,417359.81
58,5043.36,33.0,High School,Daegu,Engineer,786.8,15877.54,Full-time,249379.67,,7.0,435793.32
43,2364.65,23.0,High School,Incheon,,785.0,22585.23,Self-employed,213328.96,1.0,8.0,426708.27
45,7172.29,26.0,Bachelor,Gwangju,,668.1,38038.7,Part-time,78730.96,4.0,13.0,336693.65
36,3533.28,13.0,Master,Incheon,Service,706.0,49224.89,Full-time,91022.59,5.0,7.0,336177.81
26,6007.68,6.0,Master,Busan,Office,716.0,38567.32,Self-employed,181105.36,6.0,24.0,507648.1
32,4418.47,14.0,Bachelor,Incheon,Engineer,584.0,17676.6,Self-employed,,4.0,25.0,434827.47
24,4761.66,4.0,Master,Gwangju,Office,,24685.08,Full-time,322897.37,6.0,0.0,578774.48
45,5551.81,22.0,Bachelor,Incheon,Teacher,719.9,23809.96,Full-time,194308.61,4.0,10.0,433298.57
22,5468.78,2.0,Master,Seoul,Service,692.2,29200.75,Full-time,251104.69,2.0,15.0,426046.71
26,3686.78,0.0,Master,Gwangju,Engineer,758.9,38608.68,Full-time,227426.76,6.0,0.0,426840.1
58,4997.5,34.0,Bachelor,Daegu,Office,704.4,18389.62,Full-time,141117.47,3.0,29.0,429937.33
20,4884.9,0.0,High School,Incheon,Manager,593.0,54256.16,Full-time,179361.02,6.0,18.0,445517.97
36,,17.0,Master,Busan,Office,615.6,15511.8,Self-employed,222150.45,5.0,28.0,425942.24
62,3895.03,36.0,Bachelor,Incheon,Engineer,508.3,18032.68,Self-employed,114656.4,2.0,19.0,323912.48
44,,22.0,Master,Busan,Teacher,685.3,18396.06,Full-time,268942.15,1.0,17.0,471578.45
22,7151.31,0.0,High School,Seoul,Service,724.2,57521.73,Full-time,342895.21,5.0,25.0,627432.5
34,3757.46,8.0,Bachelor,Daegu,Manager,665.0,47608.84,Full-time,356163.83,5.0,6.0,579176.21
48,6009.88,27.0,Bachelor,Gwangju,Office,587.5,18218.35,Self-employed,278662.51,2.0,8.0,444544.3
62,3270.55,36.0,High School,Gwangju,Engineer,640.4,22471.09,Part-time,248781.97,5.0,26.0,500605.39
51,2878.03,33.0,Bachelor,Daegu,Engineer,650.5,26856.12,Full-time,62077.35,4.0,5.0,361975.28
45,9114.6,22.0,High School,Seoul,Service,749.4,22219.9,Part-time,133745.37,4.0,19.0,487062.54
35,5010.04,16.0,Bachelor,Seoul,,794.5,38811.47,Full-time,,3.0,5.0,405592.35
44,5051.27,19.0,Master,Incheon,Office,461.1,33882.98,Full-time,179490.48,2.0,0.0,370274.85
47,,25.0,Bachelor,Seoul,Office,673.7,30430.47,Full-time,285163.63,4.0,5.0,573815.9
28,6310.95,8.0,Master,Incheon,Office,631.7,37839.06,Full-time,242416.16,5.0,15.0,492510.38
20,4811.72,1.0,High School,Busan,Service,,33267.17,Full-time,251738.04,5.0,3.0,471201.17
48,5424.33,23.0,,Daegu,Service,747.4,36074.74,Full-time,260146.9,4.0,2.0,525777.69
41,2612.15,17.0,Master,Busan,Manager,640.0,30077.68,Full-time,156492.11,2.0,21.0,399565.28
35,5675.89,9.0,Bachelor,Busan,Office,,48661.24,Full-time,200796.73,2.0,8.0,415155.64
60,3844.86,35.0,Master,Busan,Office,839.3,29579.66,Full-time,238051.57,1.0,23.0,483844.29
63,5207.61,42.0,Bachelor,Busan,Manager,644.0,26218.29,Full-time,314662.87,2.0,23.0,542245.01
60,1627.32,41.0,Bachelor,Gwangju,Manager,662.6,37572.24,Full-time,,6.0,24.0,512117.0
26,5145.27,7.0,,Seoul,Manager,660.8,34816.89,Full-time,200130.97,6.0,21.0,515102.57
33,1000.0,14.0,High School,Daegu,Engineer,,27754.74,Full-time,102391.86,6.0,7.0,399892.52
48,3786.13,25.0,High School,Daegu,Manager,640.0,8340.87,Full-time,150825.1,4.0,6.0,376859.34
38,1641.67,14.0,Bachelor,Busan,,797.6,44917.45,Self-employed,239369.12,1.0,11.0,391394.02
38,5149.56,15.0,Master,Daegu,Service,677.1,42908.9,Full-time,205592.43,5.0,0.0,422250.37
21,4303.9,2.0,Master,Incheon,Manager,693.6,17797.83,Full-time,95304.34,4.0,21.0,382847.12
60,3043.82,39.0,High School,Daegu,Engineer,746.3,32989.68,Self-employed,93664.19,3.0,11.0,316715.56
64,6351.61,44.0,PhD,Busan,Teacher,650.2,21728.4,Full-time,128924.76,3.0,15.0,389832.28
34,2855.0,13.0,Master,Daegu,Engineer,758.6,34340.02,Full-time,196058.46,2.0,13.0,355434.98
22,1000.0,0.0,Master,,Engineer,657.9,41386.74,Full-time,302812.34,1.0,29.0,465432.42
30,4970.45,6.0,Bachelor,Busan,Engineer,594.5,26435.76,Full-time,242102.25,1.0,10.0,379613.32
65,1550.1,39.0,Master,Gwangju,Engineer,761.3,,Full-time,138367.08,5.0,19.0,414750.34
49,2902.49,30.0,Master,Seoul,Office,728.8,11089.68,Full-time,159596.2,2.0,18.0,446091.46
59,3423.98,34.0,Bachelor,Daegu,Service,633.1,17675.31,Full-time,261124.54,1.0,18.0,455961.51
37,2064.01,17.0,PhD,Gwangju,Office,772.2,38811.91,Self-employed,,4.0,12.0,491527.4
21,3459.41,0.0,Bachelor,Seoul,Teacher,601.2,20332.32,Part-time,161616.19,5.0,11.0,458373.51
51,2092.08,24.0,Bachelor,Incheon,Office,713.8,18076.64,Full-time,50000.0,1.0,9.0,337521.71
27,4443.57,6.0,Master,Seoul,Teacher,544.6,19298.76,Full-time,246030.68,3.0,14.0,468727.5
41,2356.88,21.0,PhD,Gwangju,Manager,648.9,15060.02,Full-time,190987.04,3.0,28.0,395140.98
25,4245.22,0.0,,Incheon,Teacher,612.6,,Full-time,367267.03,1.0,28.0,493269.09
31,5943.01,8.0,High School,Daegu,Office,579.3,,Full-time,190925.54,6.0,27.0,413676.59
59,5373.56,32.0,Master,Busan,Office,682.0,18873.41,Part-time,217905.93,6.0,12.0,561717.6
55,4077.43,29.0,Master,Daegu,Teacher,706.6,14714.89,Full-time,201922.52,3.0,12.0,417034.05
34,2716.89,10.0,Bachelor,Busan,Office,729.2,26874.05,Self-employed,257183.63,4.0,23.0,441466.58
47,4438.77,26.0,Bachelor,Busan,,680.1,13959.03,Full-time,253686.2,5.0,14.0,554536.01
64,3156.42,44.0,Master,Gwangju,Engineer,714.5,36469.78,Part-time,124953.33,4.0,16.0,378592.48
37,4501.69,10.0,,Incheon,Service,590.2,28122.66,Full-time,106899.55,3.0,,318580.1
21,1627.07,0.0,PhD,Incheon,Teacher,609.6,23644.52,Full-time,,,22.0,445605.55
32,5410.89,12.0,Bachelor,Seoul,Engineer,678.6,40257.74,,180110.99,1.0,10.0,394947.58
64,,44.0,Bachelor,Daegu,Engineer,609.9,,Full-time,266483.44,5.0,9.0,536634.6
34,7512.78,8.0,,Gwangju,Engineer,680.4,22880.8,Part-time,190762.09,3.0,3.0,362119.64
39,6159.09,18.0,Bachelor,Daegu,Engineer,628.0,13637.28,Full-time,61236.83,3.0,30.0,271706.61
48,5049.28,22.0,Master,Seoul,Teacher,667.3,11450.46,Self-employed,338687.16,3.0,16.0,565357.52
61,4014.01,34.0,PhD,Seoul,Office,546.8,17121.7,Part-time,287132.47,2.0,13.0,469270.19
48,3105.59,26.0,Master,Gwangju,Engineer,543.0,18283.23,Full-time,266295.29,1.0,29.0,420284.14
22,5613.61,0.0,Master,Seoul,Manager,622.6,17176.43,Self-employed,139123.26,3.0,1.0,410899.41
38,3855.8,16.0,High School,Gwangju,Engineer,573.9,26902.62,Full-time,280629.54,5.0,30.0,525498.61
22,5952.55,4.0,Master,Seoul,Office,470.0,26805.16,Full-time,243321.68,6.0,6.0,514126.07
33,4801.23,14.0,Bachelor,Incheon,Office,718.6,9379.26,Self-employed,159333.73,2.0,15.0,393246.04
59,4812.0,37.0,High School,Gwangju,Service,757.7,37566.86,Self-employed,197039.97,3.0,25.0,460275.58
23,5091.79,0.0,High School,Incheon,Service,750.0,9806.98,Full-time,213912.8,1.0,16.0,385870.88
30,2820.56,6.0,Master,Incheon,Engineer,668.5,7268.96,Part-time,170019.23,6.0,21.0,403309.06
50,2666.8,31.0,PhD,Gwangju,Engineer,666.8,40432.71,Full-time,246686.68,,,427783.72
62,2614.94,35.0,Master,Daegu,Service,687.9,14766.83,Part-time,293354.55,4.0,2.0,471946.22
51,5771.25,25.0,Bachelor,Busan,Engineer,627.6,32285.03,Full-time,180835.97,5.0,22.0,494270.12
46,2781.42,23.0,Bachelor,Seoul,Manager,532.6,20994.18,Full-time,210878.12,1.0,24.0,410941.07
49,2968.26,30.0,Bachelor,Seoul,Teacher,775.0,15939.03,Full-time,210529.98,4.0,4.0,576892.23
62,5006.28,43.0,,Daegu,Service,681.1,13772.34,Full-time,,1.0,5.0,478680.68
21,3821.93,1.0,Bachelor,Busan,Service,676.2,32564.56,Full-time,235618.76,5.0,22.0,448901.7
28,3630.31,10.0,Master,Daegu,Office,654.7,16797.25,Full-time,307592.16,3.0,25.0,485691.59
47,3500.17,21.0,PhD,Busan,Engineer,727.5,41143.37,Full-time,164245.64,4.0,28.0,439426.38
50,1000.0,23.0,Bachelor,Gwangju,Service,670.6,9729.73,Full-time,219080.24,4.0,27.0,434809.5
53,2749.68,32.0,Bachelor,Gwangju,Service,640.8,44980.01,Full-time,268966.9,2.0,5.0,519718.81
34,,12.0,Master,Incheon,Manager,653.1,5000.0,Full-time,279790.04,3.0,5.0,459196.16
44,3390.9,20.0,Master,Incheon,Engineer,685.2,,Full-time,187973.5,5.0,18.0,484196.93
55,1349.27,37.0,Master,Gwangju,Teacher,587.8,13894.57,Full-time,217153.3,6.0,10.0,480829.6
27,2688.01,7.0,Bachelor,Incheon,Manager,793.1,8901.89,Full-time,150239.56,2.0,18.0,358332.55
28,4739.78,8.0,Bachelor,Gwangju,Teacher,631.4,26799.51,Full-time,55850.99,4.0,13.0,304100.3
56,4710.05,37.0,PhD,Daegu,Office,616.4,36110.57,Full-time,,1.0,14.0,398017.29
64,3758.58,39.0,,Seoul,Service,649.8,,Part-time,193766.92,5.0,30.0,522655.45
58,3166.19,36.0,Master,Gwangju,Manager,752.7,27472.23,Full-time,,2.0,4.0,376216.49
51,2096.71,,Bachelor,Gwangju,Teacher,658.5,30444.34,Full-time,128140.69,6.0,22.0,459412.87
36,4752.28,17.0,Bachelor,Gwangju,Engineer,773.1,35404.28,Full-time,267905.8,3.0,11.0,425231.29
54,5456.81,36.0,Master,Incheon,Office,653.6,47748.19,Part-time,278653.41,,12.0,636908.91
56,6133.32,33.0,Bachelor,,Office,566.3,19064.33,Full-time,214539.97,1.0,21.0,436818.26
38,2534.12,12.0,Master,Incheon,Service,613.2,33740.83,Full-time,,2.0,17.0,381042.96
63,6248.28,39.0,Bachelor,Incheon,Service,625.1,21121.3,Part-time,170870.33,5.0,2.0,423822.8
48,4115.08,26.0,PhD,Daegu,Teacher,731.9,25903.04,Full-time,217517.68,1.0,11.0,405544.49
26,4239.86,6.0,Bachelor,Gwangju,Teacher,643.3,36185.69,Full-time,292318.69,2.0,4.0,431424.19
47,5540.39,22.0,High School,Daegu,Office,585.6,30171.92,Full-time,107227.89,2.0,30.0,294985.95
28,3388.57,1.0,Bachelor,,Teacher,,19048.63,Self-employed,172821.06,6.0,,441563.46
47,1000.0,26.0,,Daegu,Service,533.5,29255.89,Full-time,,5.0,22.0,431098.59
25,5257.29,0.0,Master,Gwangju,Office,850.0,32234.24,Full-time,284241.31,3.0,28.0,432812.07
48,4722.86,,Bachelor,Gwangju,Office,620.1,35568.9,Full-time,107799.3,1.0,12.0,307738.03
36,,13.0,Bachelor,Incheon,Engineer,715.4,41698.68,Full-time,157329.07,6.0,5.0,478827.03
35,5133.8,,Master,Gwangju,Engineer,583.5,49509.61,Self-employed,50000.0,2.0,28.0,271339.16
42,5440.42,15.0,,Daegu,Teacher,778.2,28030.28,Self-employed,331293.83,6.0,15.0,582336.14
50,1931.99,26.0,Master,Busan,Teacher,611.4,14762.71,Full-time,125849.83,6.0,25.0,446439.04
22,4233.77,0.0,Master,Gwangju,Service,829.7,31799.91,Full-time,262175.34,6.0,2.0,483607.82
40,1000.0,22.0,Bachelor,Daegu,Service,837.8,11944.3,Self-employed,341484.74,5.0,6.0,592652.73
45,4014.46,26.0,High School,Daegu,Engineer,590.8,50826.1,Full-time,339373.29,2.0,20.0,510531.19
55,3640.89,31.0,High School,Daegu,Office,779.1,21310.51,Full-time,,5.0,9.0,406158.01
61,4937.86,36.0,PhD,Gwangju,Manager,830.2,39821.59,Full-time,306256.38,5.0,,563714.48
56,2590.42,35.0,High School,Busan,Manager,551.8,31786.26,Full-time,289265.72,2.0,30.0,492148.54
41,3567.77,18.0,Bachelor,Incheon,Teacher,561.0,30932.64,Full-time,301666.07,6.0,3.0,578854.87
61,1000.0,34.0,Master,Incheon,Manager,512.6,9026.62,Full-time,50000.0,6.0,11.0,434318.65
31,5036.26,11.0,,Gwangju,Manager,604.8,18540.64,Full-time,169564.04,5.0,5.0,437232.79
61,4067.4,37.0,Master,Gwangju,Engineer,599.6,23268.17,Full-time,,1.0,17.0,347917.59
32,4330.86,12.0,Master,Seoul,Office,653.3,23511.0,Full-time,179355.82,6.0,6.0,429919.65
30,1959.85,6.0,PhD,Busan,Service,577.9,29113.94,Self-employed,,5.0,1.0,469503.47
35,4797.09,10.0,Bachelor,Daegu,Engineer,735.3,20063.49,Self-employed,386104.7,3.0,22.0,557369.44
27,6679.12,7.0,Bachelor,Daegu,Service,682.4,33880.35,Full-time,292482.35,3.0,7.0,420912.81
59,3922.63,40.0,Master,Incheon,Engineer,714.0,26844.69,Full-time,254207.57,5.0,17.0,577907.21
59,5175.13,36.0,Bachelor,,Engineer,,35889.57,Part-time,176462.14,1.0,23.0,400419.87
64,2894.07,43.0,Bachelor,Busan,Manager,701.0,,Self-employed,172924.92,6.0,27.0,501100.29
21,4084.72,0.0,Master,Incheon,Service,662.1,37371.01,Full-time,255731.71,4.0,12.0,455947.94
49,1902.99,30.0,Bachelor,Busan,,614.3,47551.52,Full-time,210352.49,4.0,22.0,471346.08
49,5382.18,28.0,Master,Gwangju,Manager,751.8,26086.27,Full-time,268799.41,1.0,30.0,488899.53
31,4439.76,12.0,Master,Daegu,Teacher,701.6,42484.91,Full-time,208647.96,3.0,2.0,365575.95
29,2371.07,10.0,High School,Seoul,Service,697.5,27666.93,Full-time,344079.36,5.0,12.0,608686.87
63,2997.21,44.0,High School,Busan,Engineer,631.6,22978.67,Full-time,304985.59,2.0,6.0,554463.94
30,4291.63,12.0,High School,Daegu,Teacher,,30530.95,Full-time,147830.44,5.0,0.0,384490.52
34,5585.8,13.0,Bachelor,Busan,Manager,617.5,46830.4,Full-time,284963.27,5.0,17.0,547685.56
35,6419.29,16.0,Master,,Engineer,704.8,45866.46,Full-time,241821.11,4.0,20.0,426849.21
36,3998.81,10.0,High School,Busan,Manager,,9626.33,Self-employed,158523.04,5.0,15.0,415720.85
45,2153.03,,Bachelor,Gwangju,Manager,737.2,15655.78,Full-time,395960.09,4.0,10.0,555512.94
21,4557.7,,Master,Incheon,Manager,573.7,26954.82,Full-time,245883.45,2.0,28.0,365472.8
31,6877.32,8.0,Bachelor,Busan,Service,683.8,19515.01,Part-time,249964.9,5.0,24.0,439573.12
45,1765.88,25.0,Bachelor,Gwangju,Teacher,,32588.33,Full-time,287158.01,1.0,16.0,472651.03
42,2768.11,18.0,PhD,Seoul,Teacher,686.0,26337.81,Full-time,268339.01,5.0,4.0,554910.88
37,5116.45,19.0,Bachelor,Incheon,Office,566.2,22558.92,Full-time,303393.22,6.0,5.0,602826.74
51,4430.4,25.0,Master,Gwangju,Engineer,,51728.84,Full-time,115897.8,6.0,13.0,434810.4
57,3382.47,36.0,Master,Seoul,Manager,,37392.47,Full-time,339365.2,1.0,13.0,562117.88
22,4530.17,0.0,Master,Incheon,Engineer,674.3,36578.54,Full-time,,4.0,18.0,550615.71
57,5666.32,34.0,Master,Gwangju,Teacher,614.5,18313.45,Full-time,240895.39,5.0,4.0,548059.03
22,4052.5,2.0,Bachelor,Seoul,Teacher,780.3,27553.76,Self-employed,156613.25,4.0,17.0,377492.67
49,3920.99,28.0,Master,Gwangju,Manager,,26355.67,Self-employed,143321.92,1.0,10.0,363640.32
20,5083.54,0.0,Master,Seoul,Service,585.7,29125.95,Full-time,141297.03,4.0,23.0,391610.83
49,3794.23,29.0,Bachelor,Busan,Manager,639.8,22716.75,Full-time,179001.74,3.0,11.0,418587.76
64,,41.0,Bachelor,Busan,Manager,652.5,39070.49,Full-time,,6.0,18.0,626716.77
51,7240.11,33.0,Master,Incheon,Office,722.7,43973.45,Full-time,105116.89,1.0,20.0,372213.23
47,,22.0,Bachelor,Seoul,Service,665.6,37185.29,Part-time,370083.61,4.0,28.0,588607.57
40,2324.96,15.0,Master,Busan,Engineer,689.8,26799.77,Self-employed,262681.35,5.0,27.0,520353.04
65,4757.58,39.0,Bachelor,Incheon,,668.3,23165.13,Full-time,130580.45,4.0,16.0,453935.62
32,2271.74,,Bachelor,Daegu,,850.0,40989.46,Full-time,303081.24,2.0,20.0,448695.4
46,,28.0,High School,Busan,Manager,725.9,31885.64,Full-time,176789.75,1.0,16.0,466332.67
55,1126.19,35.0,Bachelor,Busan,Manager,656.5,34677.65,Part-time,154307.47,4.0,24.0,482909.99
26,3626.62,8.0,,Gwangju,Manager,657.8,31670.89,Full-time,,6.0,1.0,485961.63
41,4150.51,19.0,Bachelor,Daegu,Manager,717.9,19084.51,Full-time,164207.7,3.0,5.0,451406.36
29,3423.96,9.0,Bachelor,Seoul,Service,603.6,46760.67,Self-employed,224316.23,6.0,24.0,489327.55
58,6285.5,39.0,,Incheon,,701.6,57445.2,Self-employed,297293.74,2.0,18.0,590100.61
34,6173.83,14.0,Master,Daegu,Teacher,692.7,22815.07,Full-time,320385.97,1.0,5.0,532467.11
34,7093.27,8.0,Master,Seoul,Teacher,,27528.04,Full-time,241739.05,2.0,0.0,482020.57
23,4269.79,0.0,Bachelor,Busan,Office,494.8,,Full-time,73116.77,5.0,13.0,385414.86
51,5975.73,31.0,Bachelor,Incheon,Engineer,541.0,20045.43,Full-time,129323.45,3.0,30.0,433869.26
42,4663.28,23.0,High School,Incheon,Teacher,661.6,35155.46,Full-time,343079.74,5.0,22.0,612635.02
25,4512.57,3.0,Bachelor,Daegu,Office,752.6,21051.03,Full-time,293340.06,6.0,1.0,542804.57
43,,25.0,Bachelor,,Service,644.1,16537.63,Full-time,275764.77,6.0,20.0,486273.92
39,1000.0,18.0,Bachelor,Seoul,Engineer,749.3,33354.73,Full-time,158490.7,4.0,20.0,428234.78
56,5155.94,31.0,Bachelor,Daegu,Manager,650.7,17503.96,Part-time,134438.16,2.0,11.0,331396.53
39,5931.2,21.0,High School,Gwangju,Manager,,20607.9,Full-time,99459.3,5.0,16.0,370724.01
31,1911.57,9.0,Bachelor,Gwangju,Service,577.7,19884.78,Full-time,175108.99,4.0,26.0,382757.22
52,4185.45,31.0,PhD,Gwangju,Engineer,605.9,33550.24,Part-time,252168.22,3.0,30.0,464808.81
47,5687.47,24.0,Bachelor,Incheon,Teacher,691.3,28889.95,Self-employed,343405.73,6.0,22.0,614710.96
27,3660.75,3.0,Master,Seoul,Engineer,676.4,5573.87,Full-time,211167.2,5.0,3.0,416964.2
20,5989.66,0.0,Bachelor,Seoul,Office,660.1,31428.97,Full-time,217811.65,2.0,3.0,400165.67
56,3989.58,38.0,,Daegu,Service,663.5,18097.98,Full-time,299517.1,5.0,6.0,616187.6
41,3412.26,14.0,High School,Busan,Teacher,768.4,46451.91,Full-time,178852.48,3.0,25.0,388716.16
25,6075.43,4.0,Bachelor,Daegu,Engineer,830.4,5000.0,Part-time,207488.03,4.0,12.0,414377.75
40,2799.37,17.0,,Seoul,Engineer,621.0,32511.84,Full-time,227042.68,5.0,16.0,504358.85
51,3112.64,24.0,Bachelor,Incheon,Teacher,665.0,37338.73,Full-time,175819.44,5.0,13.0,473013.06
54,2856.68,30.0,High School,Daegu,Office,582.3,13518.98,Part-time,261496.25,6.0,21.0,509490.03
34,2486.11,10.0,Bachelor,Busan,Office,678.8,24656.02,Self-employed,230749.08,1.0,16.0,338097.22
24,4429.55,0.0,Bachelor,Daegu,Engineer,654.8,29144.01,,236486.05,4.0,28.0,429019.18
65,3430.6,38.0,Master,Gwangju,Manager,697.2,26195.69,Full-time,135851.95,6.0,15.0,526524.32
25,4932.92,0.0,Bachelor,Busan,,750.3,33847.31,Full-time,289401.6,1.0,15.0,493999.13
44,1598.04,19.0,Bachelor,Gwangju,,583.2,29892.74,Full-time,363120.19,1.0,5.0,450005.79
65,2516.18,40.0,Bachelor,Incheon,Office,663.0,37436.75,Self-employed,282952.1,6.0,25.0,604433.94
59,4277.37,34.0,High School,Seoul,Office,657.8,31957.48,Full-time,156101.14,3.0,30.0,544747.05
48,6404.52,25.0,Bachelor,Daegu,Service,,29311.3,,86842.59,3.0,1.0,349148.79
26,4767.75,0.0,Bachelor,Daegu,Manager,792.0,24684.02,Full-time,209648.27,2.0,25.0,381034.24
59,3315.91,39.0,Bachelor,Gwangju,Office,628.0,30968.06,Part-time,270278.34,6.0,26.0,501164.01
32,1965.7,9.0,Master,Gwangju,Manager,728.7,48979.69,Self-employed,162118.7,4.0,16.0,412135.45
57,3228.23,35.0,,Seoul,Engineer,813.8,26964.13,Full-time,192794.4,4.0,23.0,527125.93
37,4136.27,12.0,Bachelor,Daegu,Engineer,612.3,12718.93,Full-time,315399.34,3.0,22.0,439893.17
21,1000.0,,Bachelor,Seoul,Service,691.8,41150.27,Full-time,85030.13,3.0,1.0,340056.1
27,2379.94,6.0,Bachelor,Gwangju,Manager,691.1,52908.01,Full-time,246992.62,1.0,17.0,410508.21
30,3093.67,3.0,Master,Gwangju,Teacher,576.3,34930.45,Full-time,129688.0,3.0,20.0,283210.61
52,3813.89,25.0,High School,Busan,Service,726.3,51579.27,Full-time,292228.22,5.0,19.0,492251.5
57,4118.5,35.0,Master,Gwangju,Office,769.8,29715.68,,,4.0,11.0,545548.1
46,3283.7,,Bachelor,Gwangju,Engineer,626.6,63387.77,Full-time,216640.44,2.0,3.0,429923.96
39,4958.81,18.0,Bachelor,Seoul,Engineer,656.8,10378.54,Full-time,244889.72,1.0,8.0,464221.6
31,4387.06,12.0,Master,Busan,Teacher,540.2,26192.04,Full-time,142603.87,5.0,10.0,430648.98
62,3644.91,43.0,High School,Busan,,764.2,35189.55,Self-employed,291564.59,3.0,16.0,497265.94
50,5165.66,30.0,Bachelor,Daegu,Manager,749.2,18823.4,Full-time,253896.27,2.0,29.0,432646.48
46,5042.91,27.0,Bachelor,Incheon,Engineer,603.5,42193.54,Full-time,215763.11,3.0,12.0,470620.1
51,2019.3,33.0,High School,Daegu,Office,612.6,34563.71,Part-time,153712.42,6.0,25.0,384984.24
29,4151.96,4.0,Master,Daegu,,648.2,25413.33,Full-time,228062.03,5.0,24.0,401863.15
22,,0.0,Master,Daegu,Teacher,783.4,33157.19,Full-time,188181.91,6.0,27.0,412369.04
64,5786.23,37.0,High School,Busan,Teacher,674.2,30388.54,Full-time,287329.18,6.0,18.0,630316.18
46,4756.36,28.0,Bachelor,Seoul,Office,692.1,35796.53,Full-time,359596.76,,7.0,629859.4
54,3850.07,28.0,High School,Gwangju,Teacher,692.2,25204.39,Full-time,276263.58,6.0,4.0,569438.69
50,4831.98,25.0,Master,Busan,Manager,789.8,5000.0,Full-time,189931.7,3.0,9.0,515994.65
34,5411.66,13.0,,Gwangju,Manager,650.2,38366.84,Self-employed,,5.0,14.0,595366.73
35,4373.75,10.0,Bachelor,Gwangju,Service,669.1,27218.26,Full-time,,5.0,18.0,446202.82
32,4542.91,5.0,Bachelor,Incheon,Service,773.9,18570.62,Full-time,244344.36,2.0,24.0,462446.41
54,3825.3,30.0,Bachelor,Daegu,Manager,773.1,23502.83,Full-time,184668.55,6.0,8.0,463874.49
30,2194.82,6.0,Master,Incheon,Office,596.5,25640.85,Full-time,221896.86,6.0,15.0,411352.26
40,3938.45,,Master,Daegu,Service,524.3,10153.75,Full-time,72697.58,5.0,15.0,310542.71
30,3184.33,7.0,Bachelor,Busan,Teacher,679.4,17341.15,Full-time,117906.37,3.0,7.0,364737.52
49,3189.12,28.0,Master,Gwangju,Manager,731.7,26620.69,Full-time,214683.74,2.0,,416401.76
54,6350.75,27.0,Bachelor,Incheon,Engineer,705.2,25957.16,Full-time,244883.45,6.0,2.0,578833.23
41,5627.34,14.0,High School,Busan,Office,631.0,16797.17,Self-employed,208274.51,6.0,9.0,414871.53
57,1659.75,30.0,,Busan,Office,829.1,12540.81,Full-time,293776.52,1.0,30.0,510528.37
50,2572.68,,Bachelor,Daegu,Manager,594.5,17763.73,Full-time,,5.0,11.0,309968.19
33,3654.66,6.0,,Gwangju,Engineer,570.9,31560.7,Full-time,260379.94,3.0,14.0,388763.39
43,3239.05,19.0,Master,Daegu,Office,772.4,20243.05,Part-time,,2.0,14.0,554522.81
51,4676.13,25.0,High School,,Service,646.4,38464.49,Self-employed,285994.41,6.0,26.0,613734.21
55,2334.62,33.0,Bachelor,Busan,Engineer,,41945.43,,276352.59,1.0,25.0,449858.11
51,5637.8,26.0,Bachelor,Daegu,Teacher,660.0,48926.25,Self-employed,304572.67,1.0,18.0,462946.82
34,4133.99,12.0,Master,Seoul,Service,649.0,35494.46,Self-employed,117221.62,4.0,13.0,390524.01
62,3689.23,38.0,Master,Gwangju,,719.7,33068.92,Full-time,116828.28,,10.0,474837.01
54,4178.52,30.0,Bachelor,Daegu,Manager,748.4,44528.53,Full-time,193335.39,4.0,5.0,437243.42
22,3573.74,0.0,Master,Daegu,Office,850.0,13381.33,Full-time,211225.11,,11.0,418103.12
35,1154.04,15.0,Master,Incheon,Service,749.0,35515.96,Part-time,,2.0,17.0,441707.14
24,4217.89,,High School,Gwangju,Manager,765.7,39390.83,Part-time,117561.09,5.0,24.0,372176.53
40,3718.88,21.0,Bachelor,Gwangju,Engineer,633.7,27875.77,Self-employed,197767.76,6.0,1.0,492530.08
29,2768.31,6.0,,Daegu,Teacher,756.7,37871.43,Full-time,301845.26,3.0,25.0,434346.45
38,5846.14,11.0,High School,Seoul,Office,730.0,23993.12,Self-employed,189678.2,5.0,23.0,476125.71
44,5204.16,,Bachelor,Incheon,Office,633.5,28473.59,Full-time,84187.85,3.0,25.0,373781.67
23,7858.29,0.0,High School,Seoul,Service,570.0,32398.14,Full-time,,3.0,15.0,334038.9
48,5452.24,28.0,Bachelor,Daegu,Manager,607.8,32041.93,Full-time,304483.03,4.0,3.0,463390.83
38,3234.85,11.0,Master,Gwangju,Engineer,638.7,11324.48,Part-time,345601.8,4.0,3.0,570088.73
62,2841.32,43.0,Bachelor,Gwangju,Engineer,664.4,21835.71,Full-time,154124.7,5.0,20.0,456182.41
21,3458.54,3.0,High School,Seoul,Manager,739.7,28508.04,Full-time,292896.34,2.0,29.0,475998.37
29,3200.06,10.0,High School,Busan,Office,755.8,32705.62,Full-time,273546.52,3.0,,556304.11
62,4363.18,42.0,Bachelor,Daegu,Manager,819.9,36078.99,Full-time,98810.42,4.0,19.0,492656.08
44,1891.8,20.0,Bachelor,Gwangju,Engineer,714.1,28293.04,Self-employed,262614.23,2.0,21.0,470362.84
39,5170.93,20.0,Bachelor,Busan,Manager,563.8,41296.54,Full-time,279011.36,,27.0,460745.32
38,4336.79,16.0,High School,Gwangju,Office,607.9,24489.9,Full-time,195422.32,3.0,9.0,443534.67
42,4998.7,23.0,Master,Gwangju,Service,661.7,38282.15,Full-time,185599.6,1.0,17.0,315188.07
43,2483.78,19.0,Master,Busan,Office,765.7,26200.26,Self-employed,239516.76,4.0,29.0,482493.12
30,4570.03,3.0,Master,Seoul,Teacher,729.7,16995.33,Part-time,153620.42,2.0,26.0,361983.14
65,6148.76,40.0,Bachelor,Daegu,Teacher,619.3,59422.0,Full-time,319413.71,5.0,18.0,558060.62
53,2909.24,28.0,Master,,Manager,590.9,33990.38,Part-time,218743.37,5.0,10.0,489227.03
47,2868.22,22.0,Bachelor,Busan,Office,629.3,5909.05,Full-time,183171.89,3.0,13.0,431086.45
24,,0.0,Master,Gwangju,Office,581.0,38842.36,Full-time,207665.81,6.0,3.0,452335.41
24,2746.42,0.0,High School,Busan,Engineer,670.4,29974.53,Full-time,304974.5,1.0,15.0,418063.01
40,3850.07,22.0,Master,Daegu,Service,715.6,38404.38,Part-time,207574.26,4.0,2.0,433850.51
31,6413.6,13.0,Bachelor,Seoul,Office,703.7,34503.25,Full-time,181648.36,6.0,,529239.46
23,2889.5,0.0,Master,,Manager,642.0,18836.78,Self-employed,85101.55,4.0,21.0,368054.3
61,6516.66,42.0,Master,Seoul,Engineer,,39041.24,Full-time,234566.11,1.0,10.0,515604.65
39,3696.33,16.0,Bachelor,Daegu,Engineer,575.5,20046.92,Full-time,195837.85,3.0,4.0,353323.18
57,2518.2,39.0,Master,Gwangju,Manager,625.1,18312.08,Full-time,118406.79,3.0,20.0,322038.34
44,5105.56,22.0,Bachelor,Daegu,Manager,704.9,23980.68,Part-time,256840.36,2.0,1.0,470225.85
33,4361.62,11.0,PhD,Busan,Office,850.0,15543.55,Full-time,127312.92,2.0,11.0,393540.98
30,4219.77,9.0,Master,Incheon,Office,787.8,34013.33,Full-time,165291.98,2.0,29.0,378300.15
51,3046.92,,PhD,Incheon,Engineer,575.3,53027.53,Full-time,259819.09,3.0,12.0,499997.86
30,,12.0,High School,Incheon,Engineer,747.5,14752.59,Full-time,259340.28,4.0,24.0,540567.29
37,,14.0,Bachelor,Seoul,Service,694.0,44498.27,Part-time,226698.75,5.0,1.0,559983.28
46,4528.15,22.0,,Daegu,Engineer,696.3,20815.22,Full-time,196961.99,3.0,4.0,402474.14
37,6145.87,12.0,Master,Daegu,Manager,850.0,20876.13,Full-time,179431.92,1.0,22.0,368638.95
42,,23.0,High School,Seoul,Manager,641.2,14301.99,Full-time,145622.48,5.0,18.0,460414.91
30,3589.84,6.0,High School,Busan,Service,722.2,32115.56,,195638.39,3.0,28.0,356021.72
40,2888.04,17.0,Bachelor,Incheon,Teacher,741.5,12115.58,Full-time,310098.45,6.0,23.0,496343.51
63,1933.42,37.0,Master,Incheon,Teacher,624.4,22311.89,Full-time,125952.92,3.0,4.0,357751.89
24,1120.69,0.0,Master,Seoul,Manager,,41306.23,Full-time,50000.0,2.0,25.0,240981.76
42,2428.75,21.0,Bachelor,Incheon,Teacher,573.7,46763.74,Full-time,156692.59,4.0,27.0,381360.54
60,3836.44,34.0,High School,Gwangju,Teacher,700.4,16597.81,Full-time,,6.0,2.0,584758.87
44,5923.71,26.0,,Daegu,Service,751.7,24349.32,Part-time,186003.6,4.0,18.0,450311.85
60,1915.93,37.0,Bachelor,Incheon,Engineer,723.3,26297.12,Full-time,221197.02,5.0,30.0,523156.22
29,4641.59,4.0,Master,Incheon,Engineer,722.3,10341.66,Full-time,226633.95,3.0,18.0,406198.24
41,4529.46,20.0,,Gwangju,Teacher,706.7,21113.26,Full-time,161856.9,2.0,10.0,317343.99
38,6707.94,19.0,Master,Busan,Office,613.9,20386.08,Full-time,334766.9,6.0,11.0,602361.05
20,5056.55,1.0,Master,Busan,Service,677.8,33864.43,Full-time,199816.58,1.0,18.0,393565.34
26,5142.9,0.0,Bachelor,Gwangju,,730.2,30943.49,Full-time,,3.0,19.0,444214.61
23,5248.95,5.0,Bachelor,Busan,Office,717.7,29486.34,Full-time,224357.14,2.0,9.0,394173.03
20,2813.65,0.0,Master,Seoul,Office,811.2,25467.04,Full-time,227785.86,1.0,16.0,438688.67
34,3340.77,11.0,Bachelor,Gwangju,Service,633.4,43736.78,Full-time,132201.93,1.0,11.0,335760.58
59,5875.3,38.0,Master,Daegu,Engineer,634.9,27739.0,Full-time,306784.88,5.0,2.0,553225.24
31,1123.8,10.0,High School,Daegu,Manager,623.8,,Full-time,204393.39,4.0,25.0,384138.61
41,,19.0,Master,Daegu,Office,461.4,35076.33,Full-time,231708.83,4.0,25.0,470457.41
41,2203.79,19.0,High School,Incheon,Manager,729.1,29833.05,Full-time,364420.26,5.0,20.0,624325.6
36,,10.0,High School,,Manager,,38672.11,Full-time,243330.5,3.0,28.0,387998.63
48,3567.59,23.0,Bachelor,Gwangju,Service,660.5,24302.91,Full-time,235149.96,6.0,7.0,436988.62
65,5138.96,39.0,PhD,Busan,Engineer,614.8,17265.02,Self-employed,303432.87,2.0,7.0,519139.24
33,4036.51,13.0,PhD,Gwangju,,724.1,27645.63,Self-employed,276581.43,6.0,24.0,482307.17
39,1880.86,19.0,Bachelor,Gwangju,Office,681.4,46029.45,Part-time,180802.68,6.0,24.0,457943.52
52,1950.2,34.0,High School,Busan,Engineer,803.6,30568.3,Full-time,171067.91,4.0,12.0,486254.69
62,4190.93,35.0,Bachelor,Gwangju,Teacher,681.9,21946.6,Self-employed,257850.79,6.0,21.0,555139.65
34,3043.3,11.0,Bachelor,Gwangju,,713.5,18267.13,Full-time,173135.46,5.0,12.0,381689.77
31,,10.0,,Seoul,Service,805.8,9737.97,Full-time,223830.73,4.0,9.0,441102.66
59,5607.62,34.0,Bachelor,Busan,Service,653.6,18159.58,Full-time,113396.82,4.0,14.0,441453.42
39,5338.55,20.0,Master,Seoul,Manager,,31604.9,Full-time,363211.29,4.0,22.0,631550.47
49,6896.6,30.0,Master,Incheon,Teacher,794.1,25150.27,Full-time,166341.46,,27.0,503291.98
57,3725.5,33.0,Bachelor,Busan,,555.3,30666.54,Full-time,270764.54,5.0,15.0,520775.95
22,3238.28,0.0,Master,Gwangju,Teacher,659.2,17055.26,Full-time,273646.46,4.0,12.0,434336.47
47,,29.0,High School,Gwangju,Manager,657.3,40319.58,Full-time,368116.7,4.0,10.0,608293.09
45,3358.81,21.0,High School,Seoul,Teacher,612.5,37029.69,Full-time,247105.45,5.0,11.0,522228.47
49,3407.91,25.0,Master,Seoul,Teacher,722.3,21253.57,,186458.36,1.0,13.0,406517.47
32,3896.85,5.0,,Incheon,Engineer,634.4,11060.0,Full-time,216717.88,6.0,19.0,437781.06
32,6679.12,9.0,High School,Incheon,Teacher,688.4,31002.69,Full-time,,3.0,2.0,414596.1
21,5255.95,0.0,Master,Gwangju,Manager,605.4,5000.0,Part-time,332413.98,3.0,14.0,457021.44
56,5413.23,31.0,Bachelor,Daegu,Office,702.8,12216.7,Full-time,193039.3,6.0,10.0,473335.15
57,6611.78,38.0,Bachelor,Incheon,Office,846.4,23157.04,Full-time,369437.64,2.0,2.0,637056.89
21,5553.8,2.0,Master,Gwangju,Service,675.8,17421.58,Full-time,164294.66,2.0,17.0,312554.56
55,,36.0,Bachelor,Incheon,Office,679.2,43538.98,Full-time,438849.34,6.0,7.0,680128.6
45,5531.07,25.0,PhD,Busan,Engineer,585.0,24046.62,Self-employed,161994.88,1.0,22.0,373756.65
30,5721.38,7.0,High School,Seoul,Service,747.4,33849.78,Full-time,157557.66,2.0,7.0,381537.08
27,5177.8,9.0,Bachelor,Gwangju,Office,673.1,,Part-time,165655.57,4.0,12.0,437215.25
63,3906.84,44.0,Master,Incheon,Office,711.4,,Full-time,163226.65,4.0,5.0,504794.79
59,5019.5,32.0,Bachelor,Seoul,Service,755.9,19889.01,Self-employed,251555.31,6.0,,597316.43
62,4169.64,43.0,Master,Daegu,Engineer,665.5,30561.06,Full-time,150034.99,2.0,9.0,452993.56
41,2732.87,23.0,Master,Incheon,Service,761.7,12754.96,Full-time,122332.08,6.0,14.0,448203.56
39,3105.55,19.0,Master,Gwangju,Engineer,766.9,32353.31,Part-time,142899.4,3.0,27.0,413397.52
27,5255.58,0.0,Bachelor,Busan,Engineer,707.2,44180.21,Full-time,392172.64,1.0,25.0,468459.37
48,2841.27,24.0,Bachelor,Seoul,Manager,696.0,18536.41,Full-time,123989.82,4.0,4.0,403392.58
59,2982.67,41.0,Master,Seoul,Office,682.2,27862.43,Full-time,235938.45,1.0,0.0,458402.16
45,5330.08,21.0,Bachelor,Busan,Office,724.9,24710.07,Full-time,142044.71,2.0,7.0,400029.12
49,4400.68,27.0,Master,Gwangju,Teacher,721.3,,Full-time,259136.4,5.0,1.0,463242.64
36,5065.79,10.0,Bachelor,Daegu,Service,565.6,31820.3,Full-time,233477.13,6.0,0.0,469424.14
39,2356.47,20.0,High School,Busan,Manager,626.3,28105.03,Full-time,361363.75,6.0,24.0,572671.24
35,5024.14,17.0,High School,,Office,756.6,,Full-time,182494.49,1.0,29.0,372749.44
65,3209.96,39.0,PhD,Gwangju,Teacher,699.9,29697.33,Full-time,256230.88,1.0,26.0,460320.51
62,2674.67,37.0,Bachelor,Incheon,Manager,662.6,38353.53,Full-time,308822.55,2.0,26.0,551335.14
26,3441.98,0.0,High School,Incheon,Engineer,821.0,,Full-time,,2.0,23.0,461466.52
35,6243.1,12.0,,Gwangju,Office,745.0,6940.08,Full-time,237951.61,,26.0,533146.51
64,3653.32,42.0,Bachelor,Daegu,Service,766.4,17369.54,Full-time,,5.0,15.0,450304.76
46,7502.09,21.0,Master,Busan,,662.3,35012.43,,257889.63,5.0,24.0,514602.04
42,1106.73,17.0,High School,Gwangju,Teacher,710.8,58978.96,Full-time,235467.55,1.0,4.0,394436.26
43,1880.58,21.0,Master,Gwangju,Service,673.5,20140.93,Full-time,155430.9,,18.0,394080.7
28,6186.28,4.0,Bachelor,Incheon,Engineer,597.2,10019.45,,115007.33,2.0,29.0,297894.33
54,6563.41,36.0,Master,Busan,Service,,55339.9,Full-time,196629.63,6.0,10.0,462627.74
39,2904.81,18.0,High School,Incheon,Teacher,,43200.83,Full-time,118885.95,2.0,7.0,342359.72
56,4303.34,37.0,Bachelor,Daegu,Engineer,674.1,42412.68,Full-time,228376.97,2.0,3.0,460744.46
61,5268.28,34.0,Bachelor,Daegu,Teacher,759.3,29322.12,Full-time,272677.37,1.0,,496162.44
36,3855.94,16.0,Master,Seoul,Office,671.1,27390.3,Full-time,70888.04,3.0,16.0,356130.66
50,4424.8,32.0,High School,Gwangju,Teacher,685.6,26290.62,Self-employed,148588.41,2.0,8.0,362939.07
27,4216.4,8.0,Master,Busan,Service,689.5,37129.47,Full-time,356632.64,5.0,26.0,541456.14
34,1977.83,16.0,High School,Busan,Office,720.2,43027.08,Full-time,271883.18,5.0,3.0,537750.19
50,3683.01,25.0,High School,Incheon,Office,703.8,29957.22,Part-time,99483.61,2.0,27.0,298651.89
49,4218.55,28.0,Bachelor,Incheon,Manager,735.0,37300.48,Full-time,178255.41,6.0,1.0,484749.2
65,4354.68,45.0,Master,Busan,Service,577.3,44704.44,Full-time,66225.49,3.0,9.0,374541.56
39,1604.24,21.0,Master,Incheon,Service,691.5,39260.14,Full-time,317231.08,1.0,18.0,468770.37
58,5330.54,39.0,PhD,Seoul,Engineer,671.0,34990.09,Full-time,,2.0,21.0,449842.27
31,4394.24,11.0,Master,Gwangju,,574.7,19338.45,Part-time,231138.67,1.0,8.0,404212.64
36,2616.92,16.0,High School,Seoul,Teacher,564.6,20192.94,Full-time,,3.0,21.0,561820.62
61,6898.6,38.0,Master,Daegu,Service,,7307.31,Full-time,200433.66,2.0,27.0,405437.59
49,3680.12,22.0,Bachelor,Busan,Teacher,627.9,32628.61,Full-time,243289.43,6.0,15.0,400320.14
48,3777.53,23.0,Master,Seoul,Service,,29358.11,Full-time,312545.0,2.0,27.0,599193.77
38,5162.56,15.0,High School,Seoul,Office,690.3,43273.49,Full-time,150509.08,2.0,19.0,385976.35
65,7026.0,46.0,Master,Incheon,Teacher,719.5,33479.92,Full-time,114004.23,4.0,16.0,436133.43
30,5221.56,11.0,High School,Incheon,Teacher,581.0,24113.28,Self-employed,372469.08,2.0,30.0,521474.47
53,5439.16,29.0,Bachelor,Incheon,Service,607.7,22182.93,Full-time,157158.64,2.0,1.0,419015.67
26,2697.57,8.0,High School,Daegu,Service,610.4,32145.51,Part-time,50000.0,6.0,22.0,287830.38
63,4330.44,45.0,High School,Seoul,Engineer,670.5,31028.84,Full-time,158701.9,3.0,,488693.25
53,3401.61,29.0,Bachelor,Gwangju,Teacher,682.2,49876.66,Full-time,162517.01,3.0,1.0,399385.55
39,5256.19,13.0,Master,Incheon,Manager,759.9,26695.95,Self-employed,391668.92,4.0,15.0,577756.83
57,5395.45,35.0,Master,Daegu,Service,606.6,33838.88,Full-time,266762.2,2.0,15.0,415684.84
43,6649.84,,Bachelor,Daegu,Manager,742.0,47617.23,Part-time,201938.61,5.0,27.0,525363.22
