age,gender,bmi,blood_pressure,glucose,cholesterol,insulin,heart_rate,physical_activity,smoking,alcohol,family_history,diabetes_progression
58.0,Male,28.81,130.6,172.1,267.7,50.8,74.2,129.6,Never,None,No,242.66
71.0,Female,28.12,116.1,139.2,234.3,90.8,60.8,10.0,Former,Moderate,No,177.51
48.0,Male,28.13,130.8,133.2,230.9,79.9,80.5,58.2,Never,Moderate,No,167.94
34.0,Male,,96.4,146.1,263.1,56.0,74.5,,Former,Moderate,No,202.48
62.0,Male,29.12,134.8,147.1,189.0,105.4,67.7,204.6,Never,Moderate,No,172.57
27.0,Male,30.92,102.6,150.9,210.3,127.6,61.8,204.0,Former,Low,Yes,157.27
80.0,Male,24.93,115.5,155.6,248.5,122.1,62.7,115.7,Current,Moderate,No,208.65
40.0,Male,31.72,125.0,118.6,200.2,25.2,67.7,198.5,Never,Low,No,148.35
58.0,Male,24.69,101.6,128.8,224.7,87.2,80.4,69.0,Former,Low,No,189.24
77.0,Male,29.06,115.1,144.8,260.8,71.4,71.9,189.5,Never,High,No,202.88
38.0,Female,20.14,113.0,84.5,184.5,54.7,70.3,148.1,Former,None,Yes,174.84
42.0,Female,27.83,109.9,155.2,220.5,83.8,62.2,126.1,Former,Moderate,No,169.78
30.0,Male,22.12,106.8,126.3,172.2,30.3,66.7,205.8,Never,Low,,150.03
30.0,Male,31.68,99.1,129.5,207.5,35.0,69.2,202.5,Never,Low,No,140.98
43.0,Female,31.38,95.0,,250.5,93.2,73.4,60.2,Current,Low,No,185.22
72.0,Male,24.67,114.6,152.3,269.2,93.8,73.0,159.6,Current,Low,No,186.99
55.0,Male,37.25,130.6,136.2,275.8,78.4,77.2,118.0,Former,Moderate,,155.61
59.0,Female,25.57,100.5,153.4,228.5,61.2,79.4,139.2,Never,None,,194.6
43.0,Male,18.94,,149.4,199.2,78.4,86.0,115.6,Never,Moderate,Yes,185.45
22.0,Male,23.1,103.7,119.3,215.5,108.6,72.5,96.9,Never,Low,Yes,203.22
41.0,Female,21.78,101.3,127.1,242.9,71.5,75.9,65.7,Never,High,Yes,177.1
72.0,Male,28.9,98.4,155.6,249.7,78.4,69.9,78.1,Current,Low,,169.34
21.0,Male,20.82,90.0,95.8,233.3,95.8,84.3,182.1,Never,None,No,141.09
43.0,Female,24.3,105.1,,235.2,77.8,68.0,152.3,Former,Moderate,Yes,171.65
63.0,Male,28.57,112.6,133.0,222.9,96.5,79.3,131.5,Never,Moderate,No,164.26
49.0,Female,27.69,113.5,141.2,212.5,94.6,68.3,176.7,Former,,No,167.21
57.0,Male,26.94,136.3,146.7,230.2,66.7,72.1,122.6,Never,High,No,203.74
21.0,Male,27.63,105.9,138.2,155.8,61.6,70.7,262.3,Never,Low,No,154.88
79.0,Female,25.15,124.0,161.0,233.3,61.7,57.5,126.6,Never,Moderate,No,229.13
40.0,,18.98,122.6,106.7,237.6,50.1,73.8,86.7,Never,Low,No,136.84
52.0,,25.02,115.2,141.8,262.0,102.8,72.2,56.6,Current,None,Yes,199.01
31.0,Female,29.34,123.1,153.1,,70.5,65.2,167.4,Current,Moderate,No,186.2
77.0,Female,26.32,116.6,131.0,261.2,77.8,65.9,95.9,Never,Moderate,No,156.11
41.0,Male,28.96,94.7,171.2,210.9,88.7,66.3,76.5,Never,None,Yes,176.24
80.0,Male,24.07,102.0,132.0,230.4,89.6,65.6,96.3,Former,Low,Yes,193.76
63.0,Male,31.97,,183.8,259.2,69.3,69.3,90.0,,Moderate,Yes,214.8
44.0,Female,16.0,95.0,103.2,193.1,,66.3,113.0,Current,Low,No,148.24
68.0,Female,27.71,105.6,148.9,289.5,118.7,71.1,190.5,Never,Moderate,No,183.86
46.0,Female,33.74,123.1,146.2,241.7,85.6,79.3,175.1,Former,Low,,170.94
78.0,Female,34.49,104.4,140.7,,35.0,66.9,164.4,Never,Moderate,No,171.88
61.0,Male,,118.7,156.4,203.8,70.8,68.4,,Former,Moderate,No,157.95
47.0,Female,20.37,110.2,142.2,148.9,91.7,73.6,141.6,Never,Low,No,171.98
79.0,Male,33.83,126.7,175.8,272.5,104.7,66.3,119.8,Former,Moderate,Yes,218.03
35.0,Female,26.74,122.4,129.1,197.3,74.5,78.5,163.5,Never,Moderate,No,143.35
34.0,Male,26.21,95.4,119.6,237.2,101.1,62.8,207.4,Never,Low,No,138.33
66.0,Male,22.54,136.3,160.5,208.1,78.5,75.3,175.6,Never,Low,Yes,161.77
70.0,Male,20.75,100.4,143.5,220.1,106.9,84.0,81.7,Current,Moderate,Yes,195.23
63.0,Female,29.82,126.2,137.4,271.8,83.1,65.0,57.4,Former,None,No,192.51
74.0,Male,30.35,141.0,160.7,263.3,78.8,67.5,51.3,Former,Low,No,218.04
71.0,Male,28.01,90.0,121.6,217.3,93.7,70.4,115.9,Former,High,No,158.57
76.0,Female,,123.8,148.2,244.5,85.9,75.1,40.8,Former,Low,No,174.87
,Male,,98.5,131.4,246.3,100.5,69.4,177.2,Never,Moderate,Yes,165.57
56.0,Female,19.84,116.1,128.7,225.2,144.0,73.1,10.0,Never,Low,No,160.54
70.0,Female,24.2,142.0,158.0,,69.8,79.0,216.9,Never,Low,No,163.86
26.0,Male,21.97,92.5,136.5,,102.1,69.2,78.2,Never,Low,,187.48
40.0,Male,18.45,93.8,,214.9,93.7,58.8,105.1,Never,None,No,137.49
28.0,Female,,103.5,167.8,250.0,132.9,82.5,120.0,Former,Moderate,Yes,227.72
58.0,Male,20.4,129.6,158.1,244.9,110.5,77.3,205.3,Never,High,No,159.67
37.0,Female,31.92,113.4,154.0,245.2,123.5,60.3,143.3,Never,Moderate,No,201.19
23.0,Female,28.97,100.8,138.1,245.1,61.7,69.0,,Current,High,No,177.09
44.0,Female,28.47,107.0,135.7,213.2,54.4,79.4,133.4,Current,Moderate,No,175.8
79.0,Male,35.33,101.5,155.4,245.3,68.7,66.9,108.4,Never,None,Yes,248.65
33.0,Female,20.57,111.9,,163.8,79.5,79.8,168.6,Former,,No,141.02
69.0,Male,31.37,129.5,,242.0,118.8,65.6,54.7,Never,,,212.18
77.0,Male,25.51,116.3,132.2,210.8,116.6,78.8,156.3,Never,None,Yes,195.43
28.0,Male,39.86,97.0,136.9,232.2,,50.0,159.0,Former,Moderate,Yes,199.59
45.0,Male,25.1,97.7,123.3,200.9,75.7,80.9,217.2,Current,Moderate,No,156.67
72.0,Female,24.29,132.8,177.8,268.3,71.5,57.6,102.7,Never,Low,No,192.69
,Male,29.13,95.1,146.3,223.6,87.8,81.2,153.9,Never,Low,No,169.46
39.0,Female,25.96,105.8,134.7,202.9,77.8,61.4,,Former,,Yes,185.94
47.0,Female,23.21,,140.7,244.8,,89.5,203.5,Former,,No,191.36
66.0,Male,22.15,123.6,149.7,237.4,,75.0,155.3,Current,Moderate,No,176.67
79.0,Female,34.29,132.3,149.8,211.1,96.3,84.3,65.7,Former,Moderate,No,194.2
26.0,Female,21.18,103.8,99.6,168.3,41.1,69.2,300.7,Never,High,Yes,134.95
63.0,Male,28.12,120.7,167.3,218.0,37.4,60.1,85.0,,None,Yes,204.47
80.0,Female,32.28,128.3,138.4,259.3,95.6,66.8,76.1,Never,Moderate,Yes,207.71
27.0,Female,32.52,107.6,138.9,199.6,88.7,75.2,205.7,Never,Low,Yes,167.99
66.0,Female,23.99,125.7,130.1,220.8,88.8,100.2,108.8,Never,High,Yes,205.68
54.0,Female,25.97,99.6,144.8,243.6,90.8,86.1,69.1,Never,Moderate,,175.72
33.0,Male,25.0,97.7,125.3,229.2,53.7,72.2,215.1,Never,Moderate,Yes,182.47
36.0,Female,19.32,103.8,131.7,185.2,76.9,80.2,254.7,Current,None,No,156.77
55.0,Female,29.69,120.2,105.6,,65.3,75.2,71.1,Never,Low,Yes,183.32
69.0,Female,27.19,140.2,169.7,277.8,92.6,72.2,182.2,Current,Low,No,230.45
59.0,Female,34.2,106.8,169.5,318.9,113.7,74.0,96.7,Never,Moderate,No,194.41
,Male,22.88,110.9,140.2,169.1,71.4,65.5,41.8,Current,Low,Yes,153.42
21.0,Female,32.44,92.6,152.5,231.0,62.9,71.1,193.9,Never,Moderate,Yes,210.67
25.0,Male,32.8,117.7,144.4,206.2,115.0,74.0,51.6,Never,None,,213.09
73.0,Female,27.24,145.8,139.9,265.0,67.9,74.0,71.1,Never,Moderate,Yes,204.83
61.0,Male,16.15,96.5,136.2,194.2,108.0,69.4,107.0,Never,Moderate,No,155.04
23.0,Male,24.44,96.4,129.7,162.4,127.7,65.8,154.5,Never,Low,,118.27
73.0,Male,35.93,94.6,181.1,226.0,131.5,72.1,171.4,,None,Yes,206.14
48.0,Male,28.49,91.3,153.4,,103.3,73.6,100.1,Never,Low,No,164.19
37.0,Male,30.47,90.0,142.1,211.3,80.4,67.3,220.5,Current,Low,No,181.94
45.0,Female,26.55,117.7,,246.5,106.0,77.1,131.5,Current,Low,No,190.22
63.0,Female,25.88,123.6,154.2,212.0,88.4,59.1,60.6,Former,Moderate,No,216.7
53.0,Female,17.66,123.5,146.7,197.8,117.5,74.9,162.0,Current,Low,Yes,143.31
29.0,Male,,110.3,168.9,269.6,108.1,79.8,249.9,Never,None,Yes,206.14
55.0,Female,32.4,120.6,162.3,238.1,100.1,89.1,102.2,Never,Moderate,Yes,193.75
33.0,Male,22.25,106.2,134.9,211.6,83.3,70.7,89.9,Never,Low,No,156.37
50.0,Male,26.11,110.9,135.3,244.8,71.5,78.6,100.3,Never,Low,Yes,196.17
67.0,Female,25.43,132.4,139.7,223.7,83.8,76.0,21.2,Former,Moderate,Yes,189.18
34.0,Female,29.1,105.4,123.8,212.9,84.8,80.7,163.2,Current,Moderate,No,223.2
27.0,,24.28,108.5,68.4,191.8,53.3,68.7,67.3,Never,Moderate,No,114.79
33.0,Male,31.66,,125.4,213.5,85.4,75.8,182.6,Never,Low,Yes,156.2
42.0,Female,27.36,94.8,134.6,242.0,103.8,52.6,124.5,Never,None,No,129.11
79.0,Female,16.0,137.3,130.6,255.8,86.8,84.0,144.1,Never,Moderate,Yes,186.67
76.0,Female,29.21,116.2,164.2,187.5,80.7,76.0,94.1,Never,None,No,187.38
59.0,Female,31.98,99.8,138.2,267.6,22.8,67.2,150.6,Never,Low,No,147.98
40.0,Male,21.24,115.7,113.3,198.9,101.4,74.4,86.7,Never,Moderate,No,141.32
35.0,Female,29.04,105.8,,225.3,67.3,84.3,160.8,Former,Low,No,159.31
64.0,Female,36.15,113.9,170.1,238.2,99.0,65.2,83.3,Never,Moderate,Yes,189.7
37.0,Female,27.56,124.8,119.8,212.7,88.9,63.6,177.2,Never,Low,No,141.23
66.0,Male,32.71,135.7,144.1,283.7,97.4,59.4,109.7,Current,None,Yes,210.4
72.0,Male,24.79,120.1,157.2,251.4,106.7,66.5,172.8,Former,Low,No,197.27
43.0,Male,,,121.5,254.1,99.7,63.6,124.4,Former,Moderate,No,190.88
45.0,Male,25.98,90.0,143.7,217.8,,70.6,95.3,Current,None,No,229.59
44.0,Female,25.06,122.9,113.2,212.8,10.0,72.7,144.9,Never,High,Yes,160.3
79.0,Male,26.26,112.5,152.2,250.6,96.9,62.4,234.8,,None,Yes,153.85
79.0,Female,18.85,108.1,129.7,205.1,86.0,77.9,165.2,Never,None,No,125.46
79.0,Female,25.35,104.1,146.3,173.7,80.6,77.3,61.8,Former,Moderate,No,232.14
64.0,Female,33.69,96.4,184.9,224.5,110.3,75.9,119.2,Never,Moderate,No,199.5
60.0,Female,22.18,130.0,108.0,256.6,73.2,65.7,86.4,Never,None,No,186.03
48.0,Male,21.67,119.2,156.9,256.1,77.4,89.9,85.9,Former,None,No,197.61
34.0,Male,27.31,96.1,117.5,155.0,103.3,77.2,147.2,Never,None,Yes,126.04
64.0,Male,27.56,129.1,163.5,274.4,99.9,61.8,105.2,Never,Low,Yes,190.59
20.0,Female,28.89,91.9,149.4,184.0,91.1,56.0,101.7,Never,Low,Yes,210.94
44.0,Female,,113.7,144.8,179.0,39.9,65.0,101.2,Never,Low,No,152.25
26.0,Female,27.36,95.9,108.5,233.6,119.8,71.7,156.6,Never,None,Yes,160.19
28.0,Female,25.25,101.2,132.9,188.9,40.5,84.0,120.0,Never,None,No,152.56
43.0,Female,20.62,98.5,173.4,283.7,107.2,66.1,137.5,Current,None,No,148.85
20.0,Male,26.64,90.0,126.8,178.8,95.1,56.4,120.6,Never,Moderate,No,185.4
63.0,Female,30.62,124.9,150.5,233.8,123.9,76.4,146.0,Never,Low,No,160.69
27.0,Male,29.58,110.6,130.9,180.4,59.7,66.7,114.9,Never,Low,No,156.25
43.0,Female,18.28,104.4,132.9,211.7,63.7,73.2,173.2,Never,Low,No,133.23
30.0,Female,28.26,90.0,132.1,231.1,98.9,69.7,133.9,Never,Moderate,No,178.43
,Male,22.54,151.2,147.7,188.8,101.0,72.0,10.0,Never,High,No,189.14
36.0,Male,33.96,106.6,,239.9,121.5,80.9,130.1,Former,Moderate,Yes,216.23
27.0,,28.63,105.9,114.3,195.1,98.9,76.2,180.5,Never,Moderate,No,188.26
54.0,Female,31.48,99.2,191.5,210.4,94.6,75.0,,Current,Low,No,226.24
54.0,Female,27.11,128.9,140.9,189.6,81.9,53.7,117.6,Current,Moderate,,186.79
52.0,Female,,129.8,198.6,253.9,116.0,70.7,164.5,Former,High,No,205.0
78.0,Male,34.48,104.6,,268.1,61.9,82.8,190.4,Current,Low,,200.1
24.0,Female,31.86,99.6,147.6,191.7,99.0,61.9,218.9,Current,None,Yes,193.3
61.0,Male,27.59,115.3,141.0,257.6,98.3,71.6,128.1,Former,Moderate,Yes,191.59
58.0,Female,26.0,144.8,132.0,245.8,63.4,72.9,,Never,Moderate,No,203.77
77.0,Male,18.46,142.0,134.0,262.6,77.2,77.0,112.7,Current,High,No,215.03
60.0,Male,,99.6,132.8,282.1,37.9,,40.4,Former,Low,No,183.71
47.0,Female,26.37,102.4,121.7,227.7,98.0,76.3,204.3,Never,High,No,144.75
26.0,Male,29.77,91.0,166.5,261.2,102.5,74.3,226.0,Never,Low,Yes,184.82
,Female,31.29,107.1,152.1,250.8,59.5,62.8,59.6,Never,High,No,200.95
27.0,Male,33.16,,167.2,234.4,70.2,63.8,131.7,Never,Moderate,Yes,177.7
31.0,Female,28.68,105.3,155.1,162.8,79.7,,233.5,Never,Moderate,No,183.45
53.0,Male,21.77,119.9,122.9,224.1,,86.2,141.4,Never,Low,No,143.72
52.0,Female,16.25,105.4,96.7,219.8,79.9,82.0,75.2,Never,None,Yes,133.53
67.0,Female,22.88,126.1,133.5,241.1,63.6,69.0,183.7,Former,Low,Yes,165.68
74.0,,33.67,117.6,163.8,252.3,79.3,67.5,116.8,Never,Low,No,175.4
42.0,Male,36.12,90.0,172.3,247.8,96.5,68.7,210.5,Former,High,No,223.06
43.0,Male,25.81,114.5,134.7,239.1,64.5,,143.0,Former,Low,No,175.6
56.0,Male,19.7,115.1,185.1,174.2,88.3,73.1,10.0,Never,None,No,171.07
54.0,Female,23.76,101.1,129.5,262.4,95.6,74.8,227.8,Never,Low,No,150.7
63.0,Male,32.69,138.1,166.3,202.9,66.2,66.4,59.4,Former,Low,No,224.66
59.0,Female,24.04,107.4,129.2,218.0,77.1,73.7,99.9,Never,None,No,155.64
41.0,Male,29.95,115.8,148.7,196.0,,58.4,206.2,Never,None,,190.0
,Female,27.84,106.3,138.0,202.4,82.4,60.0,261.0,Current,None,No,160.55
54.0,Female,30.55,132.8,143.7,263.7,91.1,73.8,124.8,Never,Low,No,199.65
20.0,Female,36.09,96.1,130.6,213.3,94.2,72.5,178.7,Never,,No,146.47
54.0,Female,29.95,94.2,,251.6,,69.4,63.2,Never,None,,161.37
56.0,Male,27.73,124.9,159.6,249.2,,76.1,111.4,Former,,Yes,200.97
66.0,Male,36.64,138.2,145.8,198.4,82.7,,178.0,Never,None,No,196.0
33.0,Female,28.75,99.7,135.0,196.5,90.0,68.3,164.2,Never,Moderate,No,151.48
22.0,Male,23.04,108.0,130.6,215.7,84.7,64.8,252.6,Never,Low,,153.44
20.0,Male,30.44,100.6,145.0,221.0,98.3,69.6,82.2,Former,Moderate,No,176.44
24.0,Female,29.24,96.2,166.1,155.4,103.0,68.0,76.3,Former,None,No,163.08
45.0,Male,25.46,120.3,146.4,247.4,68.1,92.8,98.8,Current,Moderate,No,174.2
74.0,Male,24.41,113.7,140.2,,125.3,66.1,75.4,Former,Low,No,184.43
33.0,Male,25.51,105.2,120.4,180.9,77.2,71.4,199.9,Never,None,No,167.0
58.0,Female,24.34,119.2,129.6,240.3,95.8,98.5,102.2,Never,Moderate,No,158.78
46.0,,25.67,113.4,125.3,,92.3,78.0,70.8,Current,Moderate,Yes,173.79
28.0,Female,22.79,93.3,127.9,213.6,85.8,70.7,173.7,Never,Low,No,155.48
34.0,Male,28.93,130.0,144.2,162.8,91.2,78.9,104.1,Former,Low,No,175.47
34.0,Male,28.56,120.4,150.8,202.8,108.2,77.2,86.3,Never,Low,No,200.71
45.0,Male,28.73,122.1,153.2,255.9,84.0,62.5,194.8,Never,None,No,178.39
61.0,,26.69,134.6,167.6,,110.7,59.7,193.3,Never,Moderate,No,168.57
79.0,Female,26.11,126.4,140.3,272.2,95.2,76.0,159.7,Current,High,No,172.83
32.0,Male,34.21,99.9,173.6,211.7,121.6,67.0,102.3,Never,Low,No,211.32
70.0,Female,27.34,108.4,138.9,259.3,72.7,94.9,81.6,Former,None,No,159.52
51.0,,33.32,,157.5,229.6,,83.0,161.0,Never,Low,Yes,190.32
58.0,Female,22.02,103.9,132.8,199.9,62.7,83.5,165.6,Current,Moderate,No,145.91
68.0,Female,29.95,114.3,153.1,238.1,113.0,52.9,103.2,Current,Low,Yes,200.65
71.0,Male,23.33,125.3,156.4,279.9,73.5,69.2,179.4,Never,None,No,189.53
80.0,Male,24.22,137.0,123.9,280.2,85.7,75.1,10.0,Never,Low,,194.43
51.0,Male,24.94,123.6,122.9,,68.0,66.3,99.6,Never,Low,Yes,164.0
23.0,Male,24.63,90.0,138.2,186.0,108.5,65.0,278.1,Never,None,Yes,129.55
49.0,Female,24.65,120.3,136.5,195.3,81.5,70.4,132.1,Former,Moderate,No,157.56
56.0,Female,,128.9,148.5,243.4,101.3,74.4,,,Moderate,Yes,191.27
42.0,Female,27.23,105.8,117.3,246.1,52.2,96.5,165.3,Never,Moderate,Yes,185.82
58.0,Male,28.13,130.5,141.6,290.7,70.7,67.4,72.2,Never,Moderate,No,177.04
64.0,Male,24.71,129.3,155.6,194.8,102.8,81.5,10.0,Never,Low,Yes,158.6
34.0,Female,31.28,90.1,130.2,240.3,109.0,84.7,311.5,Current,Low,No,179.84
62.0,Male,28.78,144.2,173.5,238.0,107.3,64.8,74.0,Never,None,No,209.48
48.0,Female,25.46,103.0,156.7,211.0,142.3,90.8,146.0,Never,Low,,164.21
55.0,Female,19.08,126.2,124.0,193.1,95.8,75.3,137.1,Never,None,No,129.78
32.0,Female,28.08,115.5,123.6,260.1,78.6,50.0,175.4,Never,Low,No,150.63
51.0,Female,29.88,98.3,96.0,184.1,61.5,83.9,87.5,Never,Low,Yes,150.87
,Female,22.11,103.8,102.7,183.4,110.9,,11.6,Never,Low,Yes,155.72
78.0,,25.52,136.0,130.4,258.7,98.4,88.2,70.8,Never,High,Yes,226.78
70.0,Male,29.69,106.7,128.2,259.3,68.5,83.2,115.7,Never,Low,Yes,187.52
41.0,Male,19.15,109.6,123.4,241.7,63.7,,145.7,Never,None,No,161.47
47.0,Female,23.76,123.1,139.8,193.5,69.3,69.0,220.7,Never,None,Yes,139.53
21.0,Female,28.88,112.1,163.3,218.9,103.4,76.6,142.5,Never,None,,166.49
61.0,Female,,112.7,155.7,240.4,56.1,68.7,133.6,Never,High,No,210.66
64.0,Female,37.93,137.3,127.9,253.0,68.5,89.6,75.8,Never,None,No,162.9
76.0,Male,,139.9,,248.4,95.7,83.1,75.7,Former,,No,191.6
72.0,Male,27.72,125.3,162.7,250.4,92.6,61.1,222.4,Current,None,No,200.92
25.0,Female,24.58,93.3,124.1,195.5,68.4,69.2,115.2,Never,Low,No,152.46
47.0,Female,31.62,97.2,162.2,,107.0,,113.9,Current,Low,No,173.18
47.0,Female,24.28,115.7,125.8,204.2,94.2,65.5,194.4,Never,None,Yes,189.72
63.0,,,135.9,161.2,242.3,,83.7,225.1,Never,None,No,163.22
63.0,Male,25.47,,148.5,197.6,75.3,79.4,164.9,Current,High,Yes,198.03
39.0,Male,24.85,97.2,137.2,207.0,102.0,,186.6,Never,Low,Yes,197.82
49.0,Female,29.06,121.9,,205.4,82.7,69.9,64.0,,None,No,181.34
30.0,Female,23.99,105.6,113.1,199.7,74.9,62.0,178.3,Current,Low,No,118.0
77.0,Male,27.43,130.8,152.5,246.9,105.6,85.9,90.8,Former,None,Yes,219.11
74.0,Female,34.97,117.0,169.5,281.3,70.1,90.6,136.4,Current,High,No,214.96
47.0,Male,27.61,106.7,115.1,241.6,63.9,81.9,119.3,Never,Low,Yes,178.7
44.0,Female,34.58,103.4,151.6,237.7,82.3,80.3,106.0,Current,None,No,214.27
,Male,33.01,122.1,175.8,244.9,138.5,74.0,,Former,Low,,179.13
52.0,,29.96,109.3,154.1,225.4,61.4,66.6,125.6,Former,None,No,188.45
20.0,Male,25.23,106.1,149.0,189.9,88.0,77.1,168.5,Never,Low,Yes,191.89
76.0,Male,32.2,116.7,168.1,,74.3,69.2,10.0,Never,Moderate,No,204.98
46.0,Male,25.75,116.7,120.7,240.4,128.1,81.5,101.9,Never,Low,No,189.64
76.0,Male,26.99,132.6,166.6,255.9,99.2,77.3,94.1,Never,Low,No,202.56
71.0,Male,28.65,125.9,132.3,279.8,60.3,61.2,144.6,Former,None,,210.04
32.0,Male,26.97,115.4,128.8,193.3,43.9,,115.8,Never,Low,No,126.6
60.0,Female,23.4,,134.5,264.7,95.5,62.4,157.6,Former,None,Yes,194.6
22.0,Female,19.36,108.2,103.7,184.6,75.5,58.0,172.6,Former,Low,No,85.49
58.0,Female,31.8,118.9,194.8,222.5,117.2,53.5,172.6,Former,Moderate,Yes,224.07
25.0,Male,29.85,91.5,132.7,249.6,59.3,58.7,125.4,Never,None,No,138.02
,Male,18.4,90.0,149.2,203.4,128.3,60.3,137.2,Never,Moderate,No,170.75
46.0,Female,23.27,90.4,139.1,263.4,85.5,83.9,167.0,Former,Low,No,159.79
28.0,Male,27.9,90.0,117.5,211.2,,76.2,95.7,Current,None,No,156.51
56.0,Male,,120.3,139.6,256.0,,91.3,122.9,Never,None,,167.84
52.0,Male,19.41,109.5,128.8,245.8,82.3,71.2,,Current,Moderate,No,197.69
70.0,Male,26.55,122.5,142.8,234.6,113.7,62.7,77.3,Never,Moderate,No,177.23
61.0,Male,29.7,115.3,145.0,248.2,74.1,73.6,140.1,Never,Moderate,No,165.93
63.0,Female,25.24,125.3,154.1,238.8,111.4,70.0,120.2,Never,Moderate,No,158.11
43.0,Female,28.28,116.7,146.2,243.8,115.5,76.0,219.1,Never,Low,No,157.56
34.0,Female,24.56,105.8,142.0,177.7,107.5,58.7,150.9,Never,None,No,137.05
78.0,Female,,126.3,188.1,273.0,132.4,75.5,136.2,Never,Low,Yes,224.2
73.0,Female,23.0,124.6,136.2,266.4,66.6,86.8,102.1,Never,Low,No,172.13
51.0,Male,21.29,129.7,152.1,199.5,99.1,85.1,102.6,Never,Moderate,Yes,145.7
51.0,Male,27.14,90.0,166.5,201.5,102.4,83.6,143.6,Never,None,No,169.1
43.0,Male,19.83,101.3,149.4,163.1,88.9,77.2,107.1,Current,None,Yes,131.93
60.0,Male,16.47,127.4,96.7,278.6,82.6,82.1,179.9,Former,Moderate,Yes,175.23
71.0,Female,32.42,135.2,,230.6,,74.1,177.8,Former,Moderate,No,212.95
68.0,Female,22.08,125.7,129.5,274.6,64.4,78.0,119.8,Never,High,Yes,161.44
68.0,Female,20.33,118.4,105.0,,45.2,73.1,91.5,Never,Low,Yes,153.36
77.0,Male,22.94,147.0,178.3,274.9,92.9,70.0,120.2,Current,None,No,228.86
71.0,Female,22.72,124.1,152.5,254.7,33.7,76.8,43.0,,Low,No,186.44
31.0,Male,26.29,104.3,141.0,265.9,82.8,86.6,107.5,Current,Low,Yes,188.19
58.0,Female,21.53,132.1,129.6,265.7,111.8,75.9,64.8,Former,None,No,189.57
21.0,Female,29.49,105.2,134.9,208.2,50.9,74.8,117.3,Never,Low,No,149.32
22.0,Male,30.23,111.2,130.8,212.8,71.6,77.6,123.5,Former,,No,147.62
68.0,Male,20.63,133.3,127.4,252.0,54.6,77.1,45.1,Former,None,No,156.22
56.0,Female,23.91,110.7,138.9,301.6,92.3,71.3,112.0,Current,Low,No,198.18
68.0,Female,24.38,,146.7,239.8,100.3,81.3,105.2,Never,Low,No,187.81
75.0,Male,26.17,94.2,126.8,210.3,79.9,68.2,141.0,Never,Low,Yes,177.63
36.0,Female,32.41,90.0,144.1,226.4,70.4,82.3,150.4,Never,None,No,145.32
78.0,Female,32.7,,130.2,239.8,84.8,86.4,184.5,Never,Low,No,206.66
,Male,39.49,115.5,203.4,263.5,133.4,73.8,148.2,Former,Moderate,Yes,258.08
21.0,Female,16.0,103.8,108.2,216.9,92.4,,,Former,Moderate,Yes,121.99
21.0,Male,22.38,91.2,101.0,207.1,61.4,89.7,94.9,Never,Moderate,No,144.95
47.0,Female,36.07,111.0,,217.6,85.0,66.2,189.6,Never,Moderate,No,171.26
73.0,Male,18.0,120.4,123.2,228.4,70.4,72.0,25.0,Never,Moderate,Yes,143.59
42.0,Female,35.96,133.0,150.9,199.7,98.6,54.1,197.5,Never,Moderate,Yes,198.1
56.0,Male,27.74,105.5,152.8,267.2,58.1,85.7,147.7,Former,None,Yes,196.67
51.0,Female,27.92,92.8,124.3,250.2,90.5,60.0,118.7,Never,Low,Yes,178.97
52.0,Male,20.6,126.8,166.5,188.1,81.3,77.3,141.8,Never,High,No,198.51
20.0,Female,24.74,90.4,160.4,265.8,85.3,73.1,132.0,Current,None,No,193.48
38.0,Female,35.74,106.0,139.8,219.6,67.9,71.1,110.6,Never,Moderate,No,177.03
21.0,Female,26.76,91.7,107.0,207.0,88.6,65.6,182.2,Never,Moderate,Yes,146.18
72.0,Female,24.78,131.2,137.5,232.6,70.1,78.5,23.1,Current,,No,214.47
63.0,Female,29.03,101.9,141.2,251.2,63.3,89.5,138.4,Current,Moderate,No,178.65
45.0,Female,26.04,90.0,156.9,222.0,77.2,70.1,129.6,Former,Moderate,No,195.48
51.0,Female,28.73,128.5,134.7,189.1,,58.0,113.1,Never,Moderate,No,132.32
25.0,Female,22.75,104.2,101.7,229.9,89.6,54.5,127.4,Current,Low,No,133.65
51.0,Female,26.61,125.8,142.4,202.3,60.6,71.2,144.1,Never,None,No,167.42
74.0,Male,23.79,138.4,119.5,268.2,75.9,70.6,167.1,Never,High,No,184.81
23.0,Male,17.98,90.0,133.3,,67.4,69.1,278.9,Current,High,Yes,171.67
74.0,Female,29.41,124.0,166.2,251.6,,77.3,172.0,Never,Low,No,214.99
30.0,Male,20.83,109.6,111.0,212.6,83.2,66.8,195.7,Current,Low,Yes,158.76
75.0,Female,26.18,122.5,141.8,250.4,70.8,99.6,66.2,Never,Low,No,181.22
78.0,Female,31.63,121.4,165.2,277.1,96.6,78.5,74.0,Never,Low,No,224.16
36.0,Male,19.51,103.6,102.6,182.9,50.9,79.8,144.4,Never,Moderate,No,135.96
57.0,Female,30.02,128.7,134.5,264.4,96.8,72.0,150.1,Current,Low,Yes,216.92
43.0,Female,25.5,106.2,131.1,188.0,84.6,70.9,113.4,Never,Moderate,No,167.67
24.0,Male,22.17,108.0,97.5,169.9,78.4,65.4,220.6,Former,Moderate,Yes,139.19
71.0,Male,37.11,126.1,158.2,273.4,69.4,75.2,76.1,Former,High,Yes,236.53
53.0,Female,27.0,102.3,122.7,257.2,47.5,59.3,60.0,Former,Moderate,Yes,181.02
25.0,Male,24.16,104.9,150.6,206.9,51.1,56.3,211.5,Former,Low,No,166.25
41.0,Male,23.1,90.0,123.1,253.7,43.2,66.5,153.1,Never,Moderate,No,137.88
30.0,Female,31.41,108.3,121.7,189.5,77.8,62.7,134.2,Never,None,No,148.9
67.0,Male,23.94,130.8,155.6,203.8,131.7,68.6,41.3,Never,High,Yes,188.49
35.0,Male,30.78,119.2,128.7,,71.3,68.6,199.7,Current,None,Yes,183.65
52.0,,26.99,102.0,121.7,230.3,64.9,,261.0,Former,Low,,158.98
28.0,Male,32.58,96.2,155.7,235.1,,78.4,179.0,Former,None,No,174.68
79.0,Male,21.79,129.0,139.6,215.6,66.6,82.1,70.9,Never,None,No,170.93
78.0,Female,22.48,119.4,161.2,232.0,63.2,74.8,119.9,Current,Low,No,199.09
25.0,Female,25.59,90.0,126.9,249.6,65.0,88.7,185.5,Never,None,Yes,129.75
35.0,Female,26.01,99.2,134.7,204.7,77.1,67.4,172.9,Never,High,No,133.86
48.0,Male,,115.0,,260.9,127.4,80.1,89.1,Former,Moderate,No,181.09
22.0,Female,40.16,112.7,137.7,238.8,72.5,75.1,129.4,Never,Moderate,No,201.36
39.0,Female,37.32,127.8,137.7,220.6,87.5,70.0,100.8,Never,High,No,210.26
79.0,Male,28.5,127.0,177.8,,67.0,74.0,126.2,Never,Moderate,No,183.36
78.0,Female,29.08,131.9,167.1,262.1,,71.1,103.3,Never,Low,No,257.8
55.0,Female,25.82,126.3,139.8,228.4,67.7,80.0,190.8,Never,Moderate,No,156.53
38.0,Female,21.75,90.0,141.2,205.2,59.6,83.1,156.4,Never,Low,No,137.13
45.0,Female,26.09,98.0,146.7,231.7,63.7,72.7,175.7,Never,Low,No,124.76
22.0,Male,30.86,101.1,151.2,173.3,73.8,53.8,142.4,Former,Low,No,154.03
38.0,Female,33.53,125.8,125.2,248.0,53.4,76.8,43.5,Never,Low,Yes,176.36
39.0,Female,31.98,115.1,142.6,234.0,91.3,70.3,216.0,Current,Low,No,206.67
51.0,Male,19.45,116.9,149.4,200.2,63.4,63.4,138.0,Never,None,No,177.35
26.0,Female,25.55,99.0,157.8,166.1,104.4,71.6,176.3,Never,Low,No,181.92
71.0,Male,19.66,127.1,128.8,227.4,68.9,71.3,158.0,Never,None,Yes,203.87
60.0,Male,32.84,109.8,157.4,248.7,69.9,63.7,137.2,Never,Moderate,No,229.08
52.0,Male,,104.0,138.6,228.6,68.5,71.0,28.1,Never,Moderate,No,205.86
59.0,Female,26.76,108.2,122.0,237.1,55.3,86.2,104.6,Former,Low,No,172.39
58.0,Male,29.4,132.2,143.0,254.3,85.5,74.7,98.3,Never,High,Yes,190.48
37.0,Male,40.83,96.6,128.6,199.2,68.0,72.0,119.0,Never,Low,No,185.45
59.0,Male,28.34,111.8,143.9,233.1,109.8,77.5,112.5,Never,Low,No,163.45
20.0,Female,25.81,104.7,106.6,204.9,21.6,72.5,162.1,Never,Low,No,148.5
30.0,Female,20.79,92.9,124.8,211.9,104.4,68.7,256.1,Former,None,No,139.39
47.0,Female,34.29,,145.4,257.0,71.1,74.3,163.5,Never,Low,Yes,180.37
76.0,Female,,126.9,145.1,241.6,121.0,75.6,148.2,Never,None,No,150.54
44.0,Female,35.29,102.3,179.2,232.0,100.4,53.0,111.7,Former,None,No,205.55
69.0,Female,32.53,,159.4,228.6,117.2,79.1,196.7,Former,Moderate,Yes,186.34
42.0,Female,24.69,97.6,167.2,225.8,91.8,72.6,146.6,Never,Low,No,188.15
50.0,Male,20.04,129.1,137.6,191.7,80.1,77.7,131.2,Never,None,No,157.83
49.0,Male,28.36,115.1,157.1,242.0,69.1,72.5,34.5,Never,Moderate,No,186.71
61.0,Male,23.93,104.9,125.1,264.1,76.8,70.5,161.0,,Moderate,Yes,176.93
54.0,Male,27.2,115.8,130.3,242.1,58.6,64.5,179.6,Former,Low,No,142.06
26.0,Female,32.25,103.8,138.6,246.3,87.6,72.3,203.2,Former,Moderate,No,159.69
79.0,Male,,98.6,162.4,,95.4,76.5,28.7,Never,Moderate,No,166.87
35.0,Male,28.32,121.8,129.5,179.8,77.6,83.7,197.2,Current,Low,No,148.44
45.0,Male,30.8,98.4,118.8,221.0,103.8,68.1,119.4,Never,Moderate,Yes,151.64
67.0,Male,31.04,145.2,162.0,228.5,102.6,83.8,47.6,Never,Low,No,182.66
76.0,Female,20.18,133.7,142.6,225.8,64.7,82.0,227.3,Former,Low,No,159.4
71.0,Female,29.1,108.4,143.6,184.5,97.8,67.6,196.3,Never,High,Yes,169.54
79.0,Female,33.02,121.8,156.7,263.9,110.8,62.7,141.7,Current,Moderate,Yes,222.99
68.0,Male,28.72,131.7,135.9,244.1,29.9,83.4,144.6,,Low,Yes,196.88
21.0,Female,26.42,96.6,143.4,221.9,61.3,74.6,244.2,Never,High,Yes,153.88
20.0,Male,32.7,113.1,136.7,221.0,72.5,77.8,132.2,Former,Moderate,Yes,173.83
67.0,Female,23.53,115.6,147.1,231.0,68.6,75.5,253.2,Never,None,,144.58
31.0,Female,19.35,103.0,109.2,223.6,87.3,62.1,,Former,,No,145.39
24.0,Female,26.0,112.2,151.4,225.2,68.5,72.3,210.2,Former,High,No,169.96
56.0,Female,29.68,122.4,151.7,220.3,66.2,79.1,156.3,Never,Low,No,163.41
51.0,Female,32.19,,110.9,238.2,79.1,52.8,75.8,Former,Low,No,198.17
78.0,Male,29.65,130.3,165.8,296.0,,79.4,107.9,Former,Low,Yes,212.24
74.0,Female,31.18,125.3,153.4,261.3,113.4,82.2,192.0,Never,None,Yes,207.64
28.0,Male,32.23,91.7,136.2,189.1,90.8,79.4,109.3,Never,Moderate,No,156.72
60.0,Male,25.3,100.3,,200.5,166.0,77.7,197.8,Never,None,Yes,162.6
54.0,Male,26.26,91.1,142.9,186.5,,69.3,164.9,Never,Low,No,162.7
38.0,Male,33.44,103.6,176.4,165.3,63.1,71.3,70.8,Never,Moderate,Yes,187.29
67.0,Male,20.95,119.5,140.6,219.0,114.5,60.9,116.7,Former,Moderate,Yes,194.2
35.0,Female,29.15,111.8,129.0,209.5,147.6,81.1,142.8,Former,None,Yes,167.95
22.0,Female,23.42,109.7,89.7,167.9,61.5,77.7,101.1,,Moderate,No,123.91
39.0,Female,32.5,102.6,131.6,203.2,74.1,68.9,158.4,Never,Low,Yes,188.89
43.0,Female,26.91,108.4,131.6,192.0,83.9,77.6,63.7,Never,High,Yes,177.67
73.0,Male,27.04,113.7,177.5,201.6,78.4,80.2,159.6,,Low,Yes,203.18
75.0,Female,35.64,124.8,157.5,254.1,47.3,64.9,60.6,Former,Low,No,205.81
52.0,Female,21.62,125.0,162.5,238.6,97.2,91.3,113.0,Never,Low,Yes,209.46
43.0,Male,,110.6,118.6,,76.7,64.7,138.1,Never,Low,,197.96
71.0,,26.1,135.9,134.8,274.6,51.7,55.4,196.5,Never,Low,No,167.37
30.0,Female,29.66,114.9,156.2,214.8,76.1,74.8,80.4,Never,Moderate,No,177.89
68.0,Female,36.65,138.1,153.5,278.8,57.8,,88.1,Never,Low,No,189.92
27.0,Male,23.97,103.7,145.3,201.4,94.0,67.4,161.2,Never,High,No,158.77
55.0,Female,21.01,108.4,118.5,240.6,75.9,75.1,123.9,Never,Moderate,No,162.16
57.0,Female,22.95,,124.3,186.6,82.1,66.3,131.7,Former,None,Yes,174.92
59.0,Female,25.84,112.1,154.4,255.3,100.5,58.2,112.6,Former,None,,212.11
39.0,Female,,114.6,121.6,215.8,101.7,,,Never,Low,Yes,159.42
54.0,Male,27.57,106.3,138.5,260.2,87.4,75.9,20.6,Never,High,Yes,197.61
67.0,Male,36.01,110.2,169.9,245.1,108.0,70.8,194.6,Never,Moderate,Yes,191.91
44.0,Male,,124.4,146.5,279.0,126.3,88.0,133.5,Never,Moderate,No,178.64
54.0,Female,33.51,102.1,142.8,252.1,106.2,70.5,276.6,Former,Low,Yes,201.87
44.0,Female,39.57,122.1,136.4,210.7,87.5,77.7,118.8,Never,None,No,173.01
48.0,Female,31.12,118.6,172.5,260.2,98.8,63.8,190.7,Former,None,No,183.22
37.0,Female,32.54,107.8,173.2,191.0,77.4,51.9,102.7,Former,Moderate,Yes,170.33
65.0,Female,31.02,96.5,,212.6,76.7,79.5,120.8,,None,,199.15
37.0,Male,30.2,124.5,135.8,253.7,80.4,77.0,88.5,Never,None,No,143.42
21.0,Female,28.97,90.0,127.6,211.0,71.9,87.7,140.6,Never,Moderate,No,127.26
73.0,Female,25.02,134.3,162.9,245.2,133.5,64.5,71.0,Former,None,Yes,215.16
54.0,Male,20.77,106.0,151.1,206.5,96.1,58.0,155.7,Never,Moderate,Yes,171.37
35.0,Female,26.35,96.5,123.2,234.0,84.5,66.1,236.4,Former,None,No,158.58
80.0,Male,29.83,134.0,178.1,248.2,123.1,80.2,129.8,Never,Low,No,202.24
,Male,27.36,123.5,156.8,240.2,93.9,53.9,280.8,Never,None,No,192.71
55.0,Male,21.67,101.0,153.5,191.1,82.6,73.9,166.4,Current,Moderate,Yes,204.37
52.0,Male,26.17,130.6,,224.2,79.7,68.8,78.9,Current,Low,No,188.87
23.0,Male,25.91,97.9,119.3,204.3,85.7,67.0,289.7,Never,None,No,135.03
52.0,Female,26.69,114.2,138.0,241.5,114.1,65.1,180.3,Never,None,,156.53
33.0,Male,29.45,101.3,128.5,222.4,50.1,81.4,70.7,Never,High,No,166.08
40.0,Male,30.53,94.8,176.4,211.4,80.5,57.7,,Current,Moderate,No,177.24
67.0,Female,24.5,129.0,137.0,245.1,81.3,82.7,160.9,Never,Moderate,Yes,174.72
39.0,Female,31.91,111.0,,249.0,108.8,76.3,,Current,Low,Yes,230.65
75.0,Male,32.66,114.1,163.8,213.4,109.6,70.5,153.5,Never,Low,Yes,214.99
27.0,Female,28.6,113.5,127.7,201.8,82.1,84.8,208.7,Never,Moderate,Yes,161.58
26.0,Female,30.32,102.4,122.5,213.7,100.3,53.9,120.6,Current,Moderate,No,160.86
22.0,Male,31.92,100.8,173.0,180.5,80.7,79.6,185.0,Current,None,No,174.76
36.0,Male,21.51,127.5,121.6,231.4,119.0,61.8,156.4,Former,Moderate,Yes,171.57
52.0,Female,32.27,94.1,165.8,250.5,74.6,68.8,116.3,Never,Moderate,No,181.87
67.0,Male,23.05,100.7,141.9,263.2,46.9,77.0,162.7,Former,Low,No,192.34
31.0,Male,23.54,90.0,,264.0,89.7,80.7,160.0,Former,Low,Yes,162.01
78.0,Female,,129.5,156.8,260.8,58.4,,168.3,Former,Moderate,Yes,187.87
70.0,Male,16.28,117.2,138.1,221.2,72.1,79.5,131.1,Former,Moderate,Yes,202.53
41.0,Male,27.88,105.1,129.6,244.4,77.2,68.1,122.4,Never,None,No,170.51
,Male,31.91,112.0,145.6,236.6,95.1,,119.2,Never,Low,No,189.62
41.0,Male,18.77,128.4,132.1,219.3,103.5,57.3,177.6,Never,High,No,127.41
65.0,,32.45,143.3,158.3,274.7,60.7,,120.6,Never,Moderate,Yes,209.53
49.0,Female,23.51,122.8,122.9,243.0,53.3,61.2,108.6,Former,,No,154.57
57.0,Female,,97.6,128.6,272.2,155.1,62.4,134.5,Never,Moderate,No,119.16
57.0,Male,24.23,,145.7,220.2,81.4,69.0,204.2,Never,,No,165.2
64.0,Female,29.86,128.7,117.1,261.3,39.8,71.8,156.2,Never,Low,No,165.12
,Male,32.12,121.0,153.2,252.4,66.4,69.5,134.1,Never,Moderate,Yes,222.72
,Male,30.24,133.7,158.7,257.1,78.9,75.3,100.9,Current,Moderate,No,195.08
27.0,,26.98,,161.6,211.5,91.7,,164.7,Current,Moderate,No,170.97
46.0,Male,24.62,133.6,135.3,233.5,108.6,66.4,83.3,,High,No,170.65
46.0,Male,26.65,102.8,132.9,220.1,117.5,64.4,125.8,Former,Low,No,169.19
53.0,Female,30.28,114.8,152.4,192.3,70.2,64.6,158.5,Never,Moderate,Yes,205.86
40.0,Female,30.45,102.7,128.8,224.9,67.6,50.0,147.1,Current,Low,Yes,175.08
49.0,Male,29.75,,140.7,,87.5,67.0,112.5,,,No,160.37
52.0,Female,20.59,121.8,,217.4,65.2,89.0,62.9,Current,Low,No,167.36
47.0,Male,,117.9,150.5,234.4,113.9,73.2,127.9,Never,High,No,194.29
66.0,Female,23.83,113.1,130.7,231.9,135.0,70.4,77.0,Former,Low,Yes,200.78
52.0,Male,30.32,94.2,146.8,223.6,86.9,77.7,128.7,Former,None,No,196.21
24.0,Female,23.18,96.2,90.6,235.7,74.0,66.9,170.9,Former,Low,No,130.18
79.0,Male,29.26,134.3,166.7,317.3,80.4,86.3,185.4,Current,Moderate,No,223.78
80.0,Male,25.59,142.0,147.8,274.9,94.1,74.1,156.2,Never,Moderate,No,206.0
67.0,Female,17.6,111.6,167.2,212.1,70.2,86.7,129.8,Never,Moderate,No,178.38
38.0,Female,31.65,120.4,149.1,226.7,66.3,74.2,257.9,,None,No,184.9
23.0,Male,26.87,107.8,112.7,204.8,34.5,75.4,178.6,Former,High,No,164.94
54.0,Female,33.38,119.3,,255.8,99.5,71.7,89.1,Never,Low,Yes,197.63
68.0,Male,18.67,105.1,147.4,,117.1,83.0,103.9,Current,Low,No,192.62
36.0,Female,25.54,91.2,164.4,227.8,115.2,86.9,286.4,Never,Low,No,208.35
63.0,Female,25.92,108.4,171.6,285.5,97.1,78.7,80.8,Never,Moderate,,184.09
47.0,Male,28.35,107.2,119.7,172.5,70.0,70.9,118.2,Never,Moderate,Yes,185.89
49.0,Female,20.37,133.7,133.3,201.4,79.6,81.5,187.9,Former,Low,No,166.12
48.0,Female,,103.7,164.4,253.7,70.1,,,Never,None,No,185.2
65.0,Male,36.56,128.5,138.6,249.8,104.2,86.8,175.1,Current,Low,No,184.09
72.0,Female,29.37,116.8,173.1,264.6,118.6,70.0,176.3,Never,Low,No,203.3
25.0,Male,27.46,106.9,117.5,197.9,52.8,70.1,170.4,Never,None,No,135.5
54.0,Male,20.11,113.5,127.6,263.4,59.1,80.9,219.9,Never,Low,Yes,164.56
79.0,,23.13,127.7,152.5,278.7,59.2,56.7,96.8,Former,None,No,162.25
60.0,Male,26.72,121.4,164.0,242.1,86.8,76.4,174.7,Former,Moderate,No,193.73
56.0,Male,24.35,112.2,166.7,273.9,92.9,74.7,10.0,Current,Moderate,No,185.68
43.0,Female,32.13,113.8,139.9,234.1,85.4,68.1,175.3,Never,Low,No,169.18
48.0,Male,29.67,126.4,135.4,,53.1,69.7,208.1,Former,Low,No,171.74
68.0,Male,40.46,111.6,160.5,300.0,75.1,66.6,160.2,Former,None,No,188.81
65.0,Female,22.1,133.5,153.6,193.0,72.7,65.3,98.0,Current,Low,No,165.77
72.0,Female,27.17,119.2,168.8,249.8,110.2,70.8,30.1,Never,Moderate,No,191.55
50.0,Female,20.08,108.0,145.7,226.0,64.1,63.8,195.7,Never,Moderate,No,151.18
54.0,Male,16.0,122.7,129.8,208.2,81.6,77.7,82.9,Current,Low,Yes,174.39
79.0,Male,30.61,121.5,166.2,235.0,77.6,68.6,67.7,Former,None,Yes,205.53
52.0,Male,29.48,117.2,141.4,228.1,80.3,80.1,115.8,Never,None,Yes,199.94
71.0,Female,,124.7,140.8,196.2,,66.0,150.1,Former,None,No,171.26
80.0,Male,27.47,101.0,170.3,296.2,67.4,63.6,171.9,Never,None,No,199.87
40.0,Female,23.85,113.0,135.9,,25.2,70.0,253.1,Former,None,No,160.32
51.0,Male,24.53,95.7,128.7,224.8,50.6,62.5,140.3,Never,None,Yes,134.91
42.0,Female,25.4,92.5,154.3,207.1,98.2,70.9,157.5,Never,Moderate,No,166.78
52.0,Male,22.52,117.8,123.5,179.7,51.9,65.9,157.2,Current,None,No,119.48
22.0,Male,23.42,106.3,125.0,176.9,63.1,59.2,133.1,Never,Moderate,Yes,145.96
37.0,Male,23.56,121.1,107.0,250.4,82.4,60.5,184.7,Never,Low,Yes,166.51
44.0,Female,29.11,96.7,124.4,222.7,96.2,82.9,107.6,Never,Moderate,No,141.3
61.0,Female,16.0,108.6,128.4,206.3,102.7,80.0,186.0,Never,None,No,110.93
50.0,Male,25.86,118.1,126.3,224.9,91.4,61.0,81.1,Never,None,No,148.0
73.0,Male,21.56,137.5,138.2,223.6,58.6,67.5,,Former,None,No,175.06
77.0,Male,21.74,127.0,166.3,198.4,128.5,88.3,160.1,Never,High,Yes,190.97
22.0,Female,24.37,90.0,121.6,187.9,56.8,70.3,75.0,Never,Low,Yes,128.71
59.0,Male,26.93,134.6,160.8,203.8,77.3,70.4,145.7,Current,Low,,181.47
65.0,Male,25.93,116.1,131.7,249.2,,75.0,207.8,Never,High,No,181.48
43.0,Male,21.68,106.6,138.9,237.9,89.8,74.6,154.5,Current,Moderate,Yes,173.96
69.0,Male,30.61,103.8,137.0,227.0,114.6,74.2,122.5,Never,None,No,187.34
51.0,,22.49,121.6,129.4,225.6,66.4,65.7,107.6,Former,Low,No,154.03
66.0,,23.33,129.9,152.6,234.3,96.8,56.2,149.7,Never,Moderate,Yes,162.35
41.0,Male,28.42,100.0,139.2,198.2,69.9,71.9,124.9,Never,Moderate,No,194.32
42.0,Male,28.6,129.9,156.6,,125.2,55.5,169.6,Former,,Yes,189.85
,Female,23.94,92.4,134.8,,91.6,66.1,203.8,Never,Moderate,No,169.79
46.0,Female,16.0,118.2,115.7,185.5,103.9,66.6,155.2,Never,Low,No,138.48
61.0,Male,22.57,120.1,161.9,233.3,66.3,67.2,187.8,Former,Moderate,Yes,187.69
21.0,Female,27.81,90.0,136.8,,70.5,74.3,184.6,Never,Low,No,179.28
45.0,Female,30.44,116.8,139.6,259.8,89.3,70.5,120.7,Never,Low,No,204.45
36.0,Male,26.6,111.6,136.4,183.0,111.4,75.9,49.4,Never,Moderate,No,141.05
59.0,Female,24.61,95.4,142.6,207.1,106.7,57.3,102.7,Current,Moderate,Yes,170.91
52.0,Female,38.47,131.7,163.6,223.8,125.3,79.8,125.5,Never,Low,No,183.17
28.0,Male,25.14,108.1,125.3,197.5,108.4,79.3,187.1,Never,None,No,160.98
62.0,Male,30.06,132.8,157.7,246.0,107.3,73.3,22.7,Never,Low,No,181.66
73.0,Female,20.32,102.3,154.6,,92.5,92.1,17.3,Never,None,,189.88
67.0,Male,21.55,115.2,147.3,,62.0,80.2,,Never,Low,No,185.26
58.0,Female,30.24,130.3,156.5,270.0,42.6,73.1,124.5,Never,Low,,233.97
48.0,Male,32.22,92.8,146.3,243.2,89.0,85.5,65.4,Current,Low,Yes,175.04
61.0,,25.05,112.9,126.6,257.2,97.0,74.4,150.9,Never,Low,No,186.71
74.0,Male,17.76,128.2,116.4,167.8,15.8,66.4,93.2,Never,None,Yes,151.14
45.0,Female,26.16,90.0,124.4,242.8,52.7,79.7,54.7,Former,Low,No,196.2
54.0,Female,27.95,98.4,136.5,202.1,60.4,86.7,189.4,Never,Low,No,180.71
69.0,Female,27.49,137.6,180.1,230.2,93.9,60.5,118.1,Never,Low,Yes,226.92
44.0,Male,24.18,110.5,156.0,256.2,91.9,68.2,200.7,Never,Low,No,161.42
43.0,Male,26.24,123.5,125.6,236.2,102.8,67.7,144.7,Current,Moderate,No,168.03
32.0,Female,23.25,106.6,134.7,185.1,53.2,59.9,237.6,Former,Moderate,No,159.95
79.0,Female,21.44,155.0,143.6,266.3,92.8,72.6,145.3,Never,None,No,174.03
77.0,Male,30.78,129.9,163.1,264.4,61.6,67.9,36.8,,Low,No,220.42
26.0,Male,,116.9,120.8,192.7,95.7,74.7,129.0,Current,Low,No,191.88
76.0,Male,26.25,121.2,191.5,260.8,91.4,79.3,77.2,Never,Low,No,199.2
55.0,Male,24.46,117.3,172.5,215.7,68.7,74.4,10.0,Never,Low,No,176.67
64.0,Male,26.1,126.5,,247.4,69.3,,173.1,,Low,No,164.73
39.0,Male,27.8,117.2,126.3,226.7,54.7,85.5,170.7,Never,Low,Yes,196.54
20.0,Female,35.64,98.5,157.7,223.4,92.2,88.5,,Former,Low,No,175.79
27.0,Male,30.27,102.2,113.8,262.5,88.6,76.4,68.2,Former,Low,No,190.89
65.0,Female,23.67,125.3,157.3,260.7,112.8,69.4,60.6,Never,High,No,207.13
35.0,Male,23.72,111.8,131.0,235.3,69.4,74.1,96.3,Never,Moderate,Yes,179.48
33.0,Male,22.94,92.5,100.7,189.8,100.8,71.7,234.2,Former,Low,No,165.83
,Female,26.0,106.6,127.8,164.2,79.2,77.4,232.1,Never,Low,No,132.89
70.0,Female,22.94,125.3,131.4,232.6,108.8,,47.0,Never,,No,138.17
42.0,Male,29.37,97.2,143.8,207.4,81.9,78.9,164.6,Never,Low,No,153.35
34.0,Female,16.0,116.2,116.9,213.2,70.8,72.3,186.1,Former,Moderate,Yes,150.67
47.0,Female,,116.1,119.4,220.3,89.5,71.8,132.2,Never,None,No,164.03
53.0,Female,28.38,141.8,138.2,266.7,90.2,72.6,243.5,Never,None,Yes,199.61
21.0,Female,33.31,99.1,148.1,158.5,74.6,82.6,26.7,,None,No,173.94
51.0,Male,31.38,126.6,161.6,223.9,117.0,97.5,28.0,Current,Low,No,211.39
42.0,Female,23.58,115.4,125.1,223.9,57.7,73.2,149.7,Never,Moderate,No,156.58
41.0,Male,30.82,131.5,,194.7,100.6,65.5,77.8,Never,Low,No,190.7
70.0,Male,26.16,109.9,153.2,267.3,100.4,74.3,167.9,Former,Low,No,191.64
44.0,Male,17.33,103.9,121.6,231.6,101.0,75.1,53.3,Never,Low,No,174.35
77.0,Male,27.79,113.4,162.5,238.4,115.7,76.4,146.5,Former,None,Yes,210.59
80.0,Female,23.88,125.1,132.6,322.2,77.4,76.7,108.0,Never,None,No,195.79
41.0,Female,27.0,95.0,136.7,185.7,83.6,70.5,244.4,Never,Moderate,No,202.5
77.0,Male,35.26,106.3,137.2,222.4,82.3,87.1,66.4,Never,Low,No,177.03
,Male,28.12,99.0,153.7,237.6,127.2,72.5,200.1,Never,Low,No,197.92
41.0,Male,21.91,90.0,154.2,215.7,103.3,79.3,186.6,Former,Moderate,Yes,179.55
68.0,Male,31.82,128.5,150.8,202.4,110.7,60.6,65.9,Former,None,Yes,192.0
71.0,Female,28.81,,176.9,263.7,91.4,69.4,65.2,Former,Moderate,No,205.42
61.0,Male,21.32,102.6,131.1,296.5,56.1,76.3,185.8,Former,Moderate,No,184.4
25.0,,18.97,93.3,,153.2,48.4,70.5,165.4,Never,None,No,114.83
34.0,Male,22.11,99.0,137.7,209.8,105.5,82.5,141.4,Current,None,Yes,141.17
73.0,Male,31.18,111.3,166.1,278.1,77.0,77.1,210.8,Former,None,Yes,197.88
62.0,Male,25.49,137.2,185.4,255.4,170.2,85.7,167.7,,Low,No,234.77
79.0,Male,27.41,142.6,136.8,312.2,73.9,79.5,,Never,Low,No,205.72
56.0,Female,20.31,134.3,139.1,208.7,91.4,65.9,98.5,Never,None,No,125.48
52.0,Female,31.32,115.6,155.6,288.1,97.1,71.2,155.9,Current,Low,Yes,193.22
27.0,Female,16.92,105.5,133.3,189.6,85.6,69.8,167.5,Never,Low,No,124.99
72.0,Male,23.72,114.6,154.9,226.4,62.4,86.1,153.9,Never,None,Yes,153.3
79.0,Male,29.09,115.4,151.9,306.5,93.6,72.9,153.4,Never,None,No,190.72
63.0,Female,21.39,118.6,118.3,219.2,81.7,72.6,207.4,Never,Low,Yes,183.22
63.0,Female,30.07,126.2,157.7,,83.6,70.2,99.2,Current,Moderate,No,185.33
24.0,Male,22.65,115.1,128.8,182.3,120.8,71.8,288.0,Current,High,Yes,155.94
58.0,Male,20.87,109.5,145.9,188.7,49.5,79.3,177.1,Former,Low,No,158.69
23.0,Female,,90.0,133.6,173.6,48.5,77.0,172.3,Never,None,No,120.8
25.0,Male,27.77,110.1,135.7,223.4,99.1,68.0,146.9,Current,Low,,207.48
64.0,Male,29.6,97.0,123.4,211.3,76.3,55.9,,,High,No,185.0
51.0,Female,32.09,112.5,130.8,226.7,,75.4,33.6,,Moderate,No,184.63
71.0,Male,16.0,123.0,149.4,211.5,91.6,75.4,107.9,Current,Moderate,No,166.57
49.0,Female,30.17,107.5,148.6,203.7,108.1,74.1,206.1,Never,Moderate,No,150.11
66.0,Male,23.19,101.2,150.4,213.4,51.8,74.1,95.7,Never,Moderate,Yes,167.78
54.0,Female,23.85,109.9,126.7,230.4,95.2,75.9,24.0,Never,None,No,182.91
74.0,Male,29.19,143.0,141.9,166.2,92.0,56.6,38.1,Former,Low,No,169.33
59.0,Female,25.18,123.7,134.2,254.5,76.9,74.8,,Former,Moderate,Yes,185.48
71.0,Female,29.97,135.9,159.2,211.6,96.1,65.5,131.6,Never,None,No,189.43
35.0,Female,26.8,91.1,146.0,178.6,91.9,82.3,99.6,Never,Moderate,Yes,232.0
32.0,Female,27.84,107.5,129.5,169.6,92.4,72.5,73.4,Never,None,No,143.66
69.0,Male,24.55,122.1,115.5,,53.7,67.8,75.0,Former,None,No,143.85
79.0,Male,21.68,126.8,152.4,285.3,112.3,64.5,212.2,Never,,Yes,158.58
61.0,Female,23.3,124.1,144.5,226.4,107.4,66.0,267.1,Never,Low,No,156.12
49.0,Male,26.49,,148.1,235.8,109.3,66.9,162.0,Current,,No,222.59
38.0,Male,36.19,92.8,165.4,241.3,54.9,72.2,157.7,Current,None,No,201.97
36.0,,34.36,113.6,160.2,242.8,116.2,60.9,206.6,Never,Moderate,Yes,221.79
75.0,Male,23.73,133.8,171.2,215.3,86.8,77.0,34.5,Never,None,Yes,211.43
38.0,Male,27.3,122.9,136.3,259.3,94.4,80.9,112.4,Current,Low,No,174.29
47.0,Female,25.56,127.5,129.3,211.2,36.6,82.5,19.5,Current,Low,No,186.35
77.0,Female,27.65,130.4,,258.1,80.4,71.5,133.4,Never,Moderate,No,185.41
74.0,Female,28.29,109.6,169.9,244.2,113.0,74.5,108.0,Never,Moderate,No,208.32
45.0,Female,29.64,91.9,138.5,211.6,95.0,66.4,93.2,Never,None,No,182.03
56.0,Male,16.0,112.5,145.7,242.5,62.2,62.4,233.6,Never,Low,Yes,186.82
45.0,Male,28.83,121.3,142.7,240.8,99.9,67.6,204.8,,High,No,180.94
72.0,Female,25.01,132.7,170.4,181.1,76.7,58.3,110.5,Never,Low,No,208.0
42.0,Male,23.48,112.2,162.6,225.1,86.1,54.4,95.4,Never,None,No,155.17
28.0,Male,30.97,102.2,184.7,269.2,73.9,73.8,168.9,Never,Moderate,No,210.3
31.0,Female,34.33,126.8,145.0,222.7,93.3,73.6,154.9,Never,Low,No,182.85
72.0,Male,30.45,129.3,181.6,235.1,122.5,85.5,84.0,Former,High,No,203.51
20.0,Female,24.41,98.0,138.4,184.0,102.9,83.3,105.2,Former,Low,Yes,146.96
77.0,Female,21.62,116.9,161.3,,71.5,,121.0,,Low,Yes,189.85
77.0,Male,16.0,112.5,142.9,202.9,84.0,66.5,120.1,Never,,No,165.57
20.0,Male,27.91,90.0,145.8,194.1,51.4,61.9,99.7,Current,Low,No,154.08
,Female,29.9,107.6,,238.0,109.7,64.7,10.0,Never,Low,Yes,158.28
53.0,Female,26.49,117.2,140.7,243.9,84.7,75.3,110.5,Never,Moderate,No,191.1
51.0,Male,31.67,,136.9,217.4,97.2,66.1,52.4,Never,,No,191.05
73.0,Female,20.4,118.9,127.2,293.5,83.9,62.0,67.5,Never,Low,No,208.58
67.0,,26.14,129.0,121.1,213.1,63.6,77.9,86.4,Never,Low,No,152.78
,Female,25.75,131.5,126.5,222.2,67.1,80.1,162.3,Never,Low,No,163.73
59.0,Male,26.45,,140.7,211.6,,,93.0,Current,High,No,198.06
64.0,Female,32.84,,159.7,230.2,126.9,73.6,134.4,Never,None,No,207.29
72.0,Male,26.48,95.8,149.5,236.4,79.8,87.7,62.5,Current,Moderate,No,195.13
20.0,Female,25.53,98.7,143.8,201.9,111.2,78.8,,Never,None,No,170.31
35.0,Male,22.32,104.2,110.3,228.0,93.9,63.3,127.7,Never,Low,No,131.68
80.0,Female,33.64,136.7,129.8,247.7,73.4,89.2,121.0,Never,Low,Yes,196.14
58.0,Male,19.84,115.1,142.4,,109.0,79.9,,Current,Moderate,No,152.8
24.0,Male,24.24,93.7,,236.5,100.7,85.3,145.0,Never,Low,Yes,172.48
41.0,Male,35.47,,149.0,200.7,39.9,70.5,131.7,Current,Moderate,No,204.36
48.0,Female,29.34,118.3,130.7,219.4,96.2,65.0,158.3,Never,Moderate,Yes,238.59
74.0,Female,26.9,103.9,167.7,248.1,121.9,74.4,139.2,Current,Low,No,223.97
22.0,Female,27.11,112.0,120.7,197.2,51.6,57.9,26.2,Never,Low,Yes,129.69
31.0,Male,22.27,119.6,108.7,162.3,44.1,78.7,86.1,Current,None,No,126.75
45.0,Female,26.66,116.8,168.0,244.3,98.4,,149.6,Former,None,No,214.63
35.0,Male,25.25,94.5,143.6,130.4,,75.1,235.8,Never,None,No,158.08
70.0,Female,27.9,117.6,150.4,271.7,63.7,93.9,32.5,Never,None,Yes,201.09
56.0,Male,19.47,129.4,87.4,253.1,30.9,68.9,95.1,Never,Low,No,139.86
41.0,Male,28.99,96.7,135.6,244.9,72.5,72.1,153.5,Never,High,No,152.49
76.0,Male,32.08,,160.1,246.6,78.0,70.7,55.2,Former,Moderate,No,168.45
48.0,Female,25.98,111.0,164.5,225.6,55.8,71.3,163.6,Never,None,No,161.4
33.0,Female,30.24,106.8,106.7,195.3,59.5,69.3,186.8,Never,Low,No,139.35
47.0,Female,28.55,101.1,169.9,226.3,102.1,81.6,158.9,Former,Low,Yes,200.49
24.0,Male,23.96,104.8,132.0,215.4,122.0,78.7,,Never,,,149.6
66.0,Male,21.71,122.8,117.7,202.0,88.5,72.0,61.7,Never,Low,No,133.61
68.0,Female,22.41,102.5,158.0,231.6,108.1,75.3,99.5,Never,None,Yes,176.87
49.0,Female,28.46,112.0,138.2,,,69.7,202.7,Current,Moderate,No,175.66
65.0,Female,26.72,126.6,117.1,271.1,73.9,86.7,138.5,Never,Low,No,172.95
71.0,Male,33.38,117.3,152.4,225.9,83.5,51.5,10.0,Current,Moderate,No,190.68
24.0,Male,30.95,90.0,139.9,224.4,91.1,63.7,200.5,Never,,Yes,162.43
31.0,,30.94,,139.6,211.6,97.0,75.1,171.5,Never,None,No,178.07
35.0,Male,28.32,123.3,,,107.6,79.2,126.6,Current,Moderate,,196.29
45.0,Male,22.19,106.1,150.5,232.7,88.4,83.8,125.0,Never,High,No,168.58
45.0,Female,28.63,127.4,121.3,212.0,65.9,72.4,102.8,Current,Low,No,175.0
67.0,Male,27.32,110.4,148.5,,113.9,68.8,120.7,Never,None,No,142.52
40.0,Male,21.31,94.1,116.1,239.8,91.6,71.8,141.3,Never,Low,No,140.96
58.0,Male,33.05,116.0,131.5,218.4,94.6,82.2,111.2,Current,Low,No,177.77
55.0,Male,32.51,104.9,150.8,244.4,86.9,67.7,142.0,Never,Low,No,180.69
,Male,21.28,117.4,140.2,244.1,110.8,72.4,123.3,Current,Moderate,Yes,170.78
49.0,Female,23.81,107.6,144.0,233.1,57.7,70.0,188.1,Former,Moderate,No,181.75
56.0,Male,24.25,132.9,131.9,262.8,100.8,84.5,172.5,Former,Low,No,152.73
42.0,Male,30.05,103.6,123.8,218.5,97.9,61.7,65.0,Former,Low,No,133.03
77.0,Male,29.47,125.7,145.2,271.4,66.0,52.2,128.2,Former,None,No,184.03
29.0,Female,27.22,110.2,97.8,237.4,,70.0,135.6,Never,Low,No,131.56
73.0,Female,28.37,134.3,131.8,,52.9,80.2,58.0,Never,Low,No,150.76
24.0,Female,20.56,118.6,98.9,181.9,80.8,,173.6,Never,None,Yes,145.25
55.0,Male,28.91,,161.2,242.7,34.6,56.7,149.8,Never,Low,Yes,190.33
53.0,Female,26.5,109.1,156.4,252.9,94.7,78.9,281.1,Former,Low,Yes,205.61
71.0,Male,23.6,99.0,183.0,246.4,82.3,70.5,10.0,Former,Low,No,205.72
50.0,Male,19.34,,132.8,254.2,59.8,74.8,106.2,Never,Moderate,Yes,176.1
29.0,Female,27.13,107.4,122.8,191.4,,68.5,289.0,Never,None,,122.06
77.0,Male,28.78,133.7,155.9,217.1,70.1,55.1,66.3,Former,,No,170.34
,Male,18.49,113.8,118.6,225.5,108.0,74.8,162.8,Former,Low,No,143.96
77.0,Male,27.09,125.2,141.6,246.4,68.7,80.1,118.9,Former,Low,Yes,184.91
51.0,Female,27.61,117.2,147.9,203.3,96.0,71.1,135.8,Former,Low,No,189.76
,Male,24.23,92.3,,242.3,55.2,60.3,128.0,Never,None,No,162.48
75.0,Male,28.9,120.1,153.5,271.0,111.3,91.4,82.8,Never,Moderate,No,167.94
24.0,Female,26.34,90.0,122.6,219.1,91.2,,172.9,,Moderate,No,128.15
64.0,Male,28.42,137.5,160.6,284.2,86.2,61.6,109.0,Current,Moderate,No,175.13
23.0,Male,29.67,107.1,122.9,193.4,83.1,91.3,173.1,Never,None,No,139.29
35.0,Female,29.67,,131.0,254.7,87.8,66.1,171.8,Never,Low,Yes,198.55
43.0,Male,32.08,136.9,154.2,237.1,67.0,84.2,192.4,Never,Low,No,192.45
35.0,Male,28.69,90.0,154.9,,71.3,77.5,204.0,Never,None,No,167.68
74.0,Male,24.61,135.1,164.2,243.4,112.7,77.9,119.8,Never,High,No,196.42
21.0,Male,23.76,90.0,117.8,200.0,110.3,83.0,96.6,Never,Moderate,Yes,142.16
68.0,Male,21.68,122.7,117.5,265.5,,57.8,185.9,Former,None,No,176.11
47.0,Female,27.76,114.9,135.3,185.6,97.6,77.7,153.9,,Low,No,175.35
51.0,,33.61,97.5,153.0,185.6,115.1,69.8,177.7,Current,None,No,197.0
46.0,Female,25.21,101.8,116.0,197.1,68.4,94.1,162.2,Never,Moderate,No,133.51
39.0,Female,29.25,111.9,133.8,216.2,80.1,54.6,131.0,Former,None,No,159.42
43.0,Male,23.24,111.5,153.3,233.9,104.4,75.0,121.3,Former,Moderate,Yes,164.52
31.0,Male,27.97,91.7,136.4,196.4,130.8,74.7,238.5,Never,Moderate,No,141.07
69.0,Male,33.3,112.7,149.6,262.1,103.8,68.9,121.8,Former,Low,Yes,187.14
54.0,Male,,96.4,148.5,278.0,93.7,70.8,127.8,Former,Moderate,Yes,203.77
79.0,Male,19.15,111.1,142.7,193.4,72.0,71.0,63.6,Never,None,No,172.65
52.0,Female,29.85,108.9,139.4,226.8,82.5,,117.0,Former,Low,No,195.2
52.0,Female,30.08,125.2,160.4,298.7,106.3,64.6,185.7,Current,None,Yes,167.98
80.0,Male,27.87,139.4,,233.3,90.7,73.8,110.6,Never,Low,No,168.77
70.0,Male,30.34,143.5,163.5,224.6,79.0,80.5,188.3,Current,Low,No,257.32
62.0,Male,22.83,123.0,,245.1,,67.9,142.6,Never,Low,Yes,185.3
56.0,Female,27.32,117.5,162.7,216.1,120.8,52.2,135.1,Never,Low,No,178.05
31.0,Male,32.55,109.9,118.1,245.3,73.9,70.4,127.2,Never,Moderate,No,176.65
22.0,Male,32.1,105.7,153.2,275.8,94.8,73.1,163.1,Never,Low,Yes,173.79
20.0,Male,29.74,,117.4,203.8,62.0,68.2,114.9,Never,Moderate,No,128.6
52.0,Female,22.59,136.1,140.3,297.8,66.3,73.3,167.5,Former,Moderate,No,181.78
59.0,Male,21.8,93.4,128.1,213.8,87.5,81.8,123.7,Never,None,No,159.24
29.0,Female,27.57,116.8,152.5,202.3,71.2,70.5,140.3,Never,Moderate,No,185.05
62.0,Female,27.9,118.6,144.1,,99.7,81.1,109.5,Never,Low,Yes,198.62
,Female,26.5,,132.7,223.5,72.7,76.6,160.7,Never,Low,No,149.27
48.0,Female,22.98,118.0,158.5,211.4,113.6,64.2,101.9,Never,None,Yes,189.7
32.0,Female,29.18,103.0,131.1,223.3,79.0,81.4,206.9,Never,Low,Yes,185.88
31.0,,27.55,95.8,142.4,173.8,42.5,59.1,127.9,Never,None,No,169.52
50.0,Male,28.45,95.9,159.9,212.5,82.8,54.0,169.0,Former,Moderate,No,190.13
65.0,Male,29.97,101.7,136.4,228.7,85.1,74.9,95.1,Never,High,No,186.83
21.0,Male,25.63,92.1,133.1,222.2,43.4,75.9,128.5,Never,Low,No,161.45
80.0,Female,24.56,121.4,160.3,252.2,55.0,80.0,188.6,Never,Low,Yes,195.17
70.0,Male,32.54,107.0,130.7,253.6,76.6,63.5,152.8,Former,Low,Yes,217.12
69.0,Female,23.21,121.5,149.0,239.6,109.3,75.6,121.8,Never,None,Yes,202.12
54.0,Female,24.65,101.5,132.4,176.8,95.2,58.2,49.2,Never,None,Yes,159.61
42.0,Female,33.17,113.2,176.1,270.9,96.3,75.3,163.3,Former,High,No,176.21
36.0,Male,24.26,121.0,145.6,183.0,67.2,72.5,,Former,Low,Yes,212.11
45.0,Female,26.51,113.7,145.6,244.9,66.1,77.3,147.7,Never,Low,Yes,167.5
27.0,Female,24.94,101.0,90.3,195.4,80.9,78.1,154.6,Former,Low,No,106.44
48.0,Male,18.08,,133.5,194.6,86.1,77.4,145.0,Never,Moderate,No,171.26
45.0,Male,26.38,127.6,123.8,249.0,97.1,60.4,161.2,Never,None,No,162.03
29.0,Female,21.95,100.7,138.9,166.2,110.1,66.5,119.7,Former,Moderate,No,165.79
45.0,Female,28.27,140.1,137.6,191.2,73.2,62.1,136.1,Former,Low,No,149.13
53.0,Male,32.53,99.7,141.6,239.4,94.2,50.2,136.9,Current,Moderate,No,196.36
70.0,Male,16.0,125.0,124.2,234.0,91.1,81.1,166.9,Never,Low,No,184.13
60.0,Male,24.97,134.0,135.3,254.4,67.0,,10.0,Never,None,No,177.77
26.0,Female,29.26,93.4,109.3,226.5,59.1,62.5,208.0,Current,None,No,137.15
23.0,Male,16.08,97.5,89.2,184.7,82.1,,72.4,Never,High,No,108.4
77.0,Male,33.68,132.2,157.5,,90.2,74.7,72.1,Current,None,No,221.05
72.0,Male,28.9,127.1,181.6,,79.4,69.6,112.3,Never,Low,Yes,232.87
69.0,Female,32.42,127.8,170.8,288.9,76.8,,155.0,Never,Low,No,199.22
64.0,Male,24.18,,157.0,206.5,61.7,70.5,180.5,Never,Low,No,168.5
30.0,Male,24.78,99.3,149.7,205.1,79.5,63.6,113.5,Never,Low,No,163.91
48.0,Male,26.2,128.8,143.6,243.8,62.6,,167.3,Never,Low,Yes,178.77
75.0,Male,37.69,103.1,160.8,292.6,93.5,66.6,63.0,Never,None,No,177.29
55.0,Male,33.59,127.7,146.1,219.5,136.3,79.6,65.4,Never,Moderate,No,154.98
44.0,Female,27.66,123.6,124.2,193.4,88.6,71.8,223.8,Never,Low,No,150.34
40.0,Female,28.27,98.7,152.8,183.0,112.0,80.2,224.9,Never,None,No,150.98
80.0,Female,30.17,108.6,142.4,246.6,93.7,84.2,88.2,Never,Low,No,195.24
76.0,Male,38.96,121.4,209.2,271.2,71.9,63.1,31.3,Never,Low,No,216.1
55.0,Female,,119.6,129.8,,83.2,73.8,66.2,Former,Moderate,No,129.15
29.0,Female,27.23,99.0,,226.1,73.8,70.7,212.1,Never,None,No,160.51
56.0,Female,25.31,121.2,162.8,226.5,73.8,72.2,149.7,Former,Low,Yes,206.61
28.0,Male,28.17,,143.9,223.9,80.4,81.5,93.2,Never,Low,No,205.69
,Male,,93.0,162.0,219.1,105.6,72.1,148.3,Never,Moderate,No,210.15
54.0,Female,29.48,90.9,,184.7,78.3,60.6,85.9,Current,High,No,166.94
68.0,Female,19.84,119.8,139.6,199.8,102.8,70.1,30.6,Never,Moderate,No,152.45
54.0,Male,25.7,106.1,144.5,259.4,89.6,66.8,70.5,Never,Low,No,175.64
67.0,Male,30.67,114.4,164.8,218.9,99.7,70.4,176.0,Never,Moderate,No,197.2
55.0,Female,28.85,130.0,113.2,255.9,73.3,73.1,35.4,Former,,Yes,168.94
37.0,Male,24.69,105.2,129.2,213.9,108.5,65.5,136.3,Current,None,No,151.99
68.0,Female,25.84,120.3,162.4,212.2,76.4,79.7,55.3,Current,Moderate,Yes,226.05
58.0,Male,32.18,110.9,145.9,260.0,71.9,,190.0,,Low,No,168.58
51.0,Female,,112.5,166.7,204.8,86.4,74.5,120.7,Never,None,Yes,184.33
43.0,Female,20.98,112.6,130.2,215.2,91.6,79.3,194.6,Current,None,No,178.65
42.0,Male,22.35,142.3,138.9,206.0,97.6,63.2,99.3,Never,None,Yes,194.4
51.0,Female,26.95,116.3,169.0,150.2,81.8,80.6,142.7,Never,Moderate,Yes,206.54
56.0,Female,20.22,129.2,134.9,240.5,101.9,85.6,90.2,Never,Low,Yes,218.77
31.0,Female,31.77,106.2,167.4,235.7,72.0,82.3,74.4,Never,None,No,196.14
68.0,Male,22.38,96.3,151.9,221.5,103.8,69.0,69.1,Former,Moderate,No,175.44
74.0,Male,28.12,116.5,163.8,266.1,100.2,85.9,86.9,Never,Low,No,178.26
32.0,Male,24.1,107.7,112.0,,74.6,87.2,76.7,Never,Moderate,Yes,144.37
,Female,26.67,117.6,156.5,193.6,100.2,67.1,182.8,Current,High,No,144.75
44.0,Male,18.98,112.3,114.3,216.0,72.4,78.6,90.6,Former,Low,No,154.51
54.0,Female,,125.3,147.2,215.7,92.1,67.9,185.7,Never,Low,No,183.94
,Female,22.19,99.5,160.2,224.2,144.0,61.4,81.2,Never,Moderate,No,173.12
49.0,Male,21.67,112.6,125.1,191.0,98.5,70.8,113.1,Never,Low,No,134.61
36.0,Male,38.9,122.1,159.7,192.0,79.0,66.6,99.4,Never,Low,Yes,196.69
68.0,Female,29.77,108.9,152.3,250.7,81.6,73.0,115.0,Never,Moderate,Yes,192.24
39.0,Female,31.81,121.0,143.1,227.5,111.7,50.0,97.6,Former,None,No,164.89
67.0,Male,29.29,133.0,149.3,243.9,78.6,77.6,67.4,Never,Moderate,No,191.23
44.0,Male,24.74,95.0,115.7,208.6,112.9,70.2,219.2,,High,,174.39
41.0,,20.47,112.5,136.0,188.8,99.4,78.8,205.2,Never,None,No,144.89
32.0,Female,25.51,106.3,141.6,176.7,54.7,67.2,256.4,Never,Low,No,142.15
78.0,Female,22.11,123.0,,212.6,101.4,90.6,100.1,Former,,Yes,180.95
38.0,Female,22.41,90.0,120.0,191.4,29.6,67.9,39.4,Former,None,Yes,148.09
68.0,Female,19.08,117.4,152.6,259.6,,75.3,111.9,Never,Low,No,186.1
55.0,Female,27.57,112.9,139.1,236.8,102.5,64.4,85.9,Former,Low,No,183.19
31.0,Male,34.87,90.0,146.4,228.3,45.2,72.2,123.3,Never,Moderate,No,181.28
80.0,Male,29.79,110.3,142.8,220.6,129.6,77.6,102.7,Current,Low,No,186.04
60.0,Female,26.47,105.9,143.2,238.6,106.4,68.5,217.6,Never,Low,No,172.72
38.0,Female,26.8,94.5,119.2,223.5,55.2,78.7,148.3,Never,Low,No,120.01
31.0,Male,16.0,107.9,103.7,238.1,104.7,66.2,262.7,Never,Low,Yes,122.36
28.0,Male,24.88,113.5,113.7,202.0,32.8,81.2,114.7,,Low,No,145.76
26.0,Male,19.87,98.0,134.0,183.2,59.7,58.5,235.0,Never,Low,Yes,151.63
47.0,Male,27.67,120.3,116.5,201.8,,72.0,144.0,Former,Moderate,No,175.08
33.0,Female,25.7,116.3,135.8,209.8,39.1,95.1,33.2,Former,Low,Yes,169.56
,Male,22.65,111.5,129.7,214.0,73.1,51.3,141.8,Current,Moderate,Yes,139.47
71.0,Female,27.56,,176.2,276.2,100.9,83.1,151.8,Never,None,No,211.51
,Male,27.52,104.4,150.2,240.2,91.1,74.7,53.8,Never,Moderate,No,144.58
77.0,Male,34.59,111.2,142.7,231.4,87.8,72.2,92.4,Former,Moderate,No,182.33
66.0,Male,30.43,110.7,143.3,243.3,86.3,84.0,89.2,Never,None,No,150.03
35.0,Female,,109.7,135.4,281.5,56.4,75.4,198.7,Never,Low,No,202.9
72.0,Female,22.26,,132.9,197.7,70.5,71.9,,Never,None,No,141.49
24.0,Male,21.63,109.6,136.8,189.5,22.3,64.1,134.2,,Moderate,No,155.88
54.0,Female,29.99,91.7,150.3,253.7,111.4,69.3,80.4,Former,Low,,188.16
,Female,26.0,90.0,127.1,200.0,81.6,69.1,96.7,Current,None,No,126.01
44.0,,28.25,91.5,157.7,212.3,91.7,70.7,,Former,Moderate,No,205.89
71.0,Male,31.89,123.9,136.8,237.2,100.0,67.3,,Former,Moderate,No,199.39
78.0,Female,19.43,108.6,136.4,210.7,101.5,76.4,38.2,Current,Moderate,,166.75
40.0,Female,33.99,111.8,151.8,220.4,80.2,66.1,223.2,Former,None,No,154.34
55.0,Female,31.85,123.8,148.2,264.6,,74.4,204.2,Former,Low,Yes,176.64
72.0,Male,16.73,,78.3,195.9,96.9,91.8,175.3,Never,Moderate,Yes,112.08
42.0,Male,38.77,125.8,162.0,,78.8,79.8,143.2,Never,Moderate,No,192.73
35.0,Female,28.61,97.4,145.6,243.9,120.2,71.3,122.1,Current,None,No,181.45
76.0,Male,24.61,104.2,130.3,244.8,72.9,64.2,137.2,Current,Low,No,194.67
58.0,Male,29.6,108.5,109.2,223.9,31.2,74.7,205.8,Never,Moderate,Yes,177.1
64.0,Female,22.11,,127.0,250.2,81.4,90.0,131.8,Never,Low,,183.79
72.0,Female,29.73,117.7,151.3,223.2,80.1,65.5,90.6,Current,,Yes,206.75
61.0,Male,23.03,117.2,137.3,,53.4,53.9,154.5,Never,Moderate,No,173.14
77.0,Male,,118.0,133.6,257.9,80.0,77.8,292.1,Current,High,Yes,197.46
58.0,Female,27.3,135.1,148.4,234.4,76.3,87.3,81.3,Former,Low,,209.57
33.0,Male,30.25,92.7,156.8,261.0,131.1,82.4,90.0,Never,Low,No,170.8
50.0,Male,23.07,113.3,151.6,252.4,109.4,87.7,199.4,Former,Low,,176.65
77.0,Female,31.08,137.9,181.4,296.2,77.3,63.4,164.7,Current,None,Yes,230.25
24.0,Female,26.94,122.9,107.1,178.7,,67.1,98.1,Never,Low,No,156.18
,Male,19.94,106.0,147.0,190.9,108.5,76.4,145.4,Never,Low,Yes,161.65
42.0,Male,25.81,120.4,118.4,229.4,103.1,51.4,120.4,Current,None,Yes,201.79
,Male,36.66,104.0,169.5,244.9,87.0,72.4,65.3,Never,None,No,242.69
62.0,Female,31.29,134.4,139.7,186.1,73.3,69.0,55.6,Never,None,Yes,157.18
30.0,Male,25.11,,135.0,214.1,79.5,69.0,118.5,Former,Low,No,173.97
37.0,Male,17.65,96.0,147.5,258.6,93.0,74.2,152.5,Never,High,No,189.88
66.0,Female,22.84,127.5,158.0,287.2,106.3,71.0,156.3,Never,High,,192.25
31.0,Female,19.97,117.3,104.3,179.3,88.6,61.5,127.3,Never,Low,No,145.19
28.0,Male,17.77,99.1,95.5,213.2,45.2,77.4,137.0,Never,Moderate,No,117.98
29.0,Female,30.93,109.6,151.5,186.4,80.1,61.2,182.7,Never,Moderate,,167.16
77.0,Female,27.31,131.9,177.1,247.1,51.1,73.9,90.9,Never,Moderate,No,202.13
63.0,Male,35.98,142.5,168.6,225.5,93.5,66.4,105.9,Current,,No,191.58
36.0,Female,22.01,90.0,117.2,173.3,45.5,77.8,208.8,Current,Moderate,Yes,148.96
80.0,Female,26.99,,154.9,276.8,73.1,61.0,84.2,Never,None,No,172.82
57.0,Male,20.03,100.6,140.5,230.4,108.5,72.5,91.9,Never,Low,Yes,173.09
26.0,Female,24.03,101.9,123.5,212.1,86.8,,120.5,Never,Low,No,150.74
,Male,25.89,109.9,129.1,,87.9,76.5,109.2,Never,Low,No,172.9
,Male,25.13,101.3,148.8,212.0,87.1,81.0,218.1,Former,Moderate,Yes,184.88
59.0,Female,27.27,106.1,179.0,204.5,128.5,81.0,147.7,Former,None,Yes,205.73
61.0,Female,31.86,119.3,179.1,247.2,83.9,77.8,115.2,Never,Moderate,Yes,228.42
28.0,Female,31.33,115.5,98.7,204.8,73.1,53.1,145.8,Never,None,No,130.37
69.0,Male,23.15,116.6,163.9,231.8,94.8,79.5,,Former,None,No,202.7
46.0,Female,26.85,127.9,149.1,194.9,79.5,83.4,129.4,Never,,Yes,190.48
77.0,Male,30.97,137.2,147.4,212.4,133.6,68.0,100.7,Never,None,No,184.56
21.0,Female,32.18,,100.6,189.8,43.4,80.9,176.4,Former,High,No,141.99
24.0,Female,23.69,105.7,121.7,212.7,36.9,78.9,116.0,Never,Low,No,119.51
48.0,Female,30.54,110.9,152.0,226.0,90.6,66.3,241.4,Never,None,No,152.42
56.0,Male,28.66,96.2,126.1,282.6,65.9,68.5,230.5,Never,Low,No,192.38
57.0,Female,21.67,106.3,157.5,222.6,39.1,64.7,130.5,Never,Low,Yes,159.72
38.0,Female,31.0,104.6,163.4,225.0,100.5,81.4,,Never,None,No,169.56
27.0,Male,27.76,101.1,140.0,205.9,89.3,64.8,104.1,Current,Low,No,163.55
,Male,18.29,148.3,109.7,199.3,98.1,68.2,120.9,Never,None,No,151.42
64.0,Female,25.53,116.3,139.9,235.2,71.7,71.8,64.9,Never,Moderate,Yes,177.9
20.0,Female,27.2,90.0,140.5,168.4,43.3,60.3,150.7,Never,Moderate,Yes,171.81
41.0,Female,23.97,116.4,143.6,211.1,,76.5,181.0,Never,Low,No,168.14
71.0,Male,33.14,129.2,147.4,202.7,44.3,71.8,170.1,Current,High,No,203.18
36.0,Male,33.32,100.7,134.6,218.8,115.0,81.6,224.8,Never,Moderate,No,191.3
26.0,Male,25.09,127.2,113.8,205.2,97.0,78.5,179.0,Former,None,No,154.63
44.0,Male,24.54,90.0,129.0,222.7,108.4,87.0,89.1,Former,High,No,161.71
64.0,Female,26.34,133.8,137.2,196.7,97.7,59.8,200.4,Never,,No,129.7
23.0,Male,26.0,,114.9,213.0,44.4,59.1,209.2,Current,Moderate,No,189.67
55.0,Male,24.04,103.3,135.7,244.2,73.6,73.2,105.2,Never,Moderate,No,198.52
25.0,Male,16.0,130.1,112.6,161.5,91.8,71.9,,Never,,No,159.39
79.0,Female,35.77,134.4,187.4,290.2,63.2,72.5,116.7,Never,High,No,229.79
50.0,Female,27.0,108.9,108.6,230.4,82.7,87.6,203.9,Never,Low,No,148.61
38.0,Male,26.11,103.3,155.8,211.5,106.7,,119.4,Never,None,No,170.34
,Male,28.63,129.3,143.3,270.1,135.0,79.4,113.5,Former,Low,,199.03
63.0,Female,26.6,112.8,179.4,281.7,,76.9,153.1,Former,Low,No,217.99
73.0,Female,24.85,138.4,159.7,239.1,101.4,69.2,31.8,Never,Low,Yes,188.43
58.0,Female,21.97,117.2,146.1,211.9,86.8,77.6,90.9,Former,None,Yes,174.93
46.0,Female,17.81,122.9,122.3,267.8,89.8,72.4,224.9,Never,None,Yes,156.85
29.0,Female,20.23,105.5,157.5,192.6,103.6,82.3,,Current,None,No,183.34
45.0,Female,21.42,120.7,129.0,223.6,34.6,82.9,202.8,Current,Moderate,,182.58
38.0,Female,30.25,123.2,167.7,213.7,98.4,50.0,208.4,Never,Moderate,No,206.88
58.0,Female,30.62,136.3,139.8,192.0,25.7,59.6,148.3,Former,None,No,178.42
22.0,Male,22.59,105.8,133.9,185.6,32.3,69.3,165.2,Current,Low,No,187.24
64.0,Male,16.0,108.4,163.6,254.5,93.2,81.7,29.1,Never,Low,No,183.26
32.0,Male,27.05,102.3,117.4,186.3,86.6,72.5,175.1,Never,Low,No,176.86
69.0,,24.89,120.7,154.7,276.4,60.0,78.1,91.2,Never,Low,Yes,214.96
47.0,Male,24.77,104.3,123.1,240.9,102.1,97.7,201.4,Never,Moderate,No,153.66
77.0,Male,31.78,115.8,168.2,227.5,127.3,69.4,126.2,Current,Moderate,No,246.77
39.0,Female,27.69,109.6,171.0,,112.6,75.9,56.7,Current,None,No,163.46
47.0,Female,22.12,99.4,,181.6,74.6,74.0,92.5,Current,None,No,176.64
27.0,Male,20.97,90.0,123.5,,85.0,78.7,67.0,Never,Moderate,No,141.89
80.0,Male,25.69,105.7,137.1,219.9,85.5,83.8,31.7,Never,Low,No,141.78
60.0,Female,22.47,122.8,135.6,262.4,87.2,78.6,170.5,Never,Low,No,214.44
58.0,Female,26.64,120.2,154.9,198.7,,86.1,111.4,Current,None,Yes,200.26
20.0,,32.13,95.1,130.0,179.8,72.3,82.5,119.2,Former,Low,No,154.11
22.0,Male,20.1,111.8,145.4,233.5,87.2,74.3,155.7,Current,None,Yes,172.13
32.0,Female,27.44,92.4,142.0,202.1,92.1,70.4,127.2,Current,None,Yes,194.85
47.0,Male,31.58,115.7,122.8,240.1,91.0,75.2,143.3,Never,,Yes,177.02
76.0,Male,26.57,124.8,157.5,260.9,68.1,59.9,225.6,Never,Low,No,223.5
79.0,Female,,116.7,185.8,215.2,96.2,70.4,104.9,Never,None,No,194.97
68.0,Female,25.56,114.7,,261.9,83.8,65.5,177.4,Former,Moderate,No,167.23
44.0,Male,27.85,103.0,144.1,238.0,128.5,80.3,32.4,Current,None,No,188.48
75.0,Female,29.2,126.8,150.1,268.7,93.0,87.0,88.7,Never,None,Yes,208.63
52.0,Female,24.14,120.5,135.3,204.2,97.2,78.9,61.5,Current,None,Yes,164.43
,Male,36.95,110.5,160.0,252.4,112.9,72.2,138.8,Never,Low,No,170.31
72.0,Female,29.89,113.9,111.2,243.8,92.7,67.9,154.6,Never,Low,No,146.62
25.0,Male,33.51,102.9,148.2,213.7,42.1,78.7,202.7,Former,Moderate,Yes,176.41
77.0,Male,32.36,104.8,179.4,234.6,93.9,84.4,100.4,Never,None,No,188.78
63.0,Female,28.64,118.8,135.7,233.6,97.4,73.0,187.0,Never,High,,200.95
64.0,Male,33.93,137.5,162.3,274.1,94.7,,136.9,Former,Low,No,200.64
51.0,Male,27.94,104.5,149.0,173.3,50.5,69.7,162.5,Former,None,Yes,201.91
64.0,Female,23.35,116.7,155.7,222.7,66.6,77.7,93.4,Never,Low,Yes,148.63
80.0,Female,27.07,138.3,154.5,270.1,69.6,71.7,75.8,Never,None,Yes,211.88
66.0,Female,21.97,,149.6,202.5,94.6,73.4,100.9,Never,None,Yes,187.1
40.0,Male,16.49,108.7,98.5,213.6,74.6,61.5,211.8,Never,Moderate,Yes,161.56
35.0,Male,22.74,105.0,108.9,219.2,106.6,74.0,,Never,None,No,142.17
73.0,Female,27.36,108.0,,242.0,91.1,90.4,27.0,Never,None,No,173.16
40.0,Male,32.31,113.9,140.6,231.4,88.7,75.1,129.8,Never,Low,No,178.88
30.0,Female,22.72,90.0,96.4,247.1,39.3,80.6,117.3,Never,Low,Yes,148.53
79.0,Female,32.05,100.8,168.1,238.9,90.4,82.0,163.4,Former,Low,No,185.26
56.0,Male,20.95,127.3,110.8,183.8,,72.2,135.4,Former,None,No,146.56
55.0,Female,22.4,119.4,184.2,211.7,107.0,73.1,152.8,Never,None,Yes,190.71
54.0,Male,34.25,124.9,114.9,210.3,62.9,68.2,188.1,Never,Moderate,No,193.67
38.0,Male,27.24,98.3,136.6,225.4,92.0,80.6,160.0,Never,Low,Yes,170.07
39.0,Female,26.13,113.1,114.3,201.3,97.9,76.1,88.3,Never,None,No,149.79
76.0,Male,28.18,118.9,170.8,267.2,105.7,83.9,130.0,Current,None,Yes,211.28
37.0,Female,20.97,102.7,117.9,213.7,,72.7,210.3,Never,None,No,136.22
66.0,,25.35,131.4,163.5,218.2,113.3,58.0,117.7,Never,Low,No,191.15
60.0,Male,27.01,115.2,159.0,208.3,94.1,67.1,,Never,Moderate,No,168.73
68.0,Male,33.16,112.2,139.4,210.3,91.0,83.3,87.6,Never,Low,No,176.96
33.0,Female,18.65,90.0,106.6,228.4,59.1,69.7,158.7,Never,Low,No,106.25
34.0,Male,,109.6,141.4,236.8,71.1,81.1,171.9,Former,Moderate,Yes,193.53
50.0,Female,26.38,125.2,,212.8,81.7,85.5,,Never,Moderate,Yes,183.69
20.0,Male,21.45,90.0,114.8,207.9,46.0,78.8,255.3,Never,Low,No,112.98
72.0,,20.54,130.7,153.4,205.6,96.8,82.6,,Former,Low,No,191.33
73.0,Female,28.37,111.5,157.4,223.1,72.6,50.4,194.7,Former,Low,Yes,184.99
73.0,Female,20.26,131.8,129.2,209.7,84.2,72.5,130.2,Never,Low,No,189.41
22.0,Female,24.2,100.3,107.2,204.0,83.9,70.5,191.3,Never,Low,,141.24
35.0,Female,25.75,,117.3,193.0,,79.7,287.5,Former,Low,Yes,178.62
42.0,Female,32.72,100.5,152.2,184.6,97.3,73.2,134.5,Never,Low,Yes,193.2
76.0,Male,,128.5,157.1,257.7,44.5,61.4,47.4,Never,Low,No,175.59
30.0,Male,23.79,96.3,164.0,219.0,105.4,57.9,271.9,Never,Low,No,156.19
31.0,Female,25.94,99.0,130.4,202.8,93.9,66.9,186.5,Never,,Yes,190.52
29.0,Male,19.02,90.0,,227.7,92.4,95.3,87.3,Never,Moderate,No,164.96
51.0,Male,16.8,103.7,92.4,235.2,74.9,75.4,123.2,Former,None,No,117.48
35.0,Male,20.85,99.4,100.0,234.9,58.6,76.2,171.1,Former,Moderate,Yes,158.64
27.0,Female,32.62,105.9,119.1,233.6,66.1,57.7,,Former,Moderate,Yes,159.76
57.0,Male,30.9,122.8,140.5,243.1,70.6,83.3,58.2,Never,Low,Yes,185.82
31.0,Male,28.92,96.7,108.5,175.7,95.6,68.4,194.4,Former,None,No,166.33
43.0,Male,19.71,107.4,105.1,199.6,109.0,85.8,37.1,Former,None,Yes,162.82
47.0,Female,23.44,131.4,,203.4,87.8,61.4,106.3,Former,Moderate,No,153.6
72.0,Male,22.71,124.0,128.3,214.4,58.2,,82.4,Never,Moderate,No,168.78
27.0,Male,,95.7,128.3,187.2,73.8,66.4,98.1,Former,Low,No,173.87
77.0,Female,25.85,,161.7,206.9,113.1,80.7,88.5,Never,None,Yes,199.06
47.0,,21.99,100.9,,240.6,99.1,81.4,123.8,Current,Moderate,Yes,186.74
55.0,Male,28.75,104.0,151.0,202.2,88.6,67.5,10.0,Never,Low,Yes,176.7
45.0,Male,28.14,134.0,146.6,244.9,80.5,79.6,151.7,Never,High,No,185.76
27.0,Female,23.36,92.0,142.1,236.8,47.6,83.7,198.0,Never,Low,Yes,112.99
77.0,Female,28.52,125.3,162.7,229.9,87.2,83.8,188.5,Never,Moderate,No,194.58
79.0,Female,32.62,130.0,181.4,243.0,90.0,,103.1,Current,Low,,207.09
69.0,Female,34.14,134.3,122.1,265.4,68.5,70.5,10.0,Never,,No,161.02
47.0,Female,29.45,111.2,141.8,213.4,90.8,70.6,180.7,Never,None,Yes,182.38
47.0,Female,29.31,105.0,144.0,203.0,123.9,81.1,138.7,Former,High,No,182.2
56.0,Female,25.8,108.3,139.4,241.3,84.2,77.1,168.0,Never,Low,Yes,174.95
60.0,Male,32.15,121.3,155.7,220.1,102.6,62.3,129.0,Former,None,,185.65
55.0,Female,21.65,106.5,127.0,282.5,78.1,73.1,157.9,Current,Moderate,,160.21
46.0,Female,31.57,97.4,160.4,243.2,89.8,87.2,85.7,Never,Moderate,No,155.91
73.0,Male,25.56,116.7,139.1,262.7,108.8,83.5,48.0,Former,Low,No,182.87
36.0,Female,34.45,,142.4,219.7,93.1,66.3,137.6,Never,Low,No,179.6
28.0,Female,29.94,124.8,161.5,261.3,108.7,57.2,149.8,Current,None,No,171.71
52.0,Male,26.66,120.6,164.5,205.7,119.9,68.5,86.0,Never,Moderate,No,177.08
72.0,Female,25.82,141.9,151.5,264.7,96.0,74.5,68.8,Current,None,No,195.86
39.0,Male,29.63,113.4,128.5,181.1,85.4,68.2,96.5,Never,Low,No,155.93
32.0,Male,29.39,122.7,107.0,276.2,88.7,62.5,212.3,Former,Low,No,157.57
47.0,Male,25.01,115.6,133.8,242.8,67.6,77.8,81.9,Never,Low,Yes,178.16
67.0,Male,27.46,128.9,158.2,214.7,76.5,52.7,144.9,Never,None,No,163.57
48.0,Female,31.48,90.0,134.0,243.8,65.2,82.7,90.2,Former,Low,No,180.49
32.0,,20.18,93.4,121.8,229.8,66.8,78.2,173.3,Former,Low,No,139.13
65.0,Male,30.63,119.7,147.0,218.3,,77.8,193.5,Current,Moderate,No,199.2
54.0,Female,29.61,,115.7,219.2,39.0,,189.5,Never,Low,No,158.73
80.0,Male,32.93,125.1,165.8,232.0,75.0,72.6,88.8,Current,None,No,211.86
25.0,Male,23.42,106.7,131.6,211.4,29.3,70.6,169.5,Former,None,Yes,179.24
37.0,Male,27.03,112.6,137.8,218.5,89.5,85.0,119.4,Never,Moderate,No,176.74
70.0,Male,28.03,131.9,180.4,245.3,100.3,73.0,165.8,Never,High,No,220.52
24.0,Female,30.69,108.8,129.1,183.9,96.5,74.2,151.2,Former,None,Yes,194.7
66.0,Male,29.15,134.1,144.1,236.5,64.9,78.8,192.5,Current,Moderate,No,167.42
44.0,Female,20.8,124.3,167.1,191.6,104.5,73.3,84.8,Former,Low,No,169.61
21.0,Female,28.46,101.5,107.5,214.5,54.8,68.6,114.2,Former,,No,138.75
29.0,Male,37.02,128.0,136.1,189.7,99.7,55.4,185.9,Current,None,No,198.24
75.0,Male,30.06,140.1,163.3,229.2,52.1,82.1,133.5,Current,Low,Yes,211.46
49.0,Male,35.19,102.4,173.6,257.7,90.5,82.4,233.3,Current,Low,Yes,197.58
69.0,Male,32.22,125.8,174.4,236.7,87.3,75.0,100.8,Former,Moderate,Yes,198.48
78.0,Female,33.81,103.0,145.5,308.5,103.5,86.2,76.4,Former,Moderate,No,213.57
64.0,,28.55,98.7,178.8,245.2,114.8,77.3,87.8,Never,None,Yes,210.61
24.0,Female,29.61,94.8,141.5,154.3,111.3,53.1,139.7,Former,High,Yes,144.52
74.0,Male,28.28,112.8,138.8,211.3,39.3,,130.3,Never,Low,No,159.77
75.0,Female,27.02,117.8,138.8,231.1,116.5,70.4,18.9,Never,Moderate,No,145.66
52.0,Male,30.71,117.3,148.8,252.5,66.7,,62.4,Never,Moderate,Yes,209.64
73.0,Male,24.39,137.6,185.6,260.4,137.5,75.3,123.7,Former,Low,Yes,220.01
20.0,Male,36.43,113.1,146.1,196.8,135.1,62.1,179.4,Never,Low,No,168.25
37.0,Male,22.36,111.6,166.0,241.9,119.3,87.1,,Never,High,No,160.29
51.0,Male,31.06,99.9,163.4,240.5,73.3,53.5,156.1,Never,None,No,169.68
66.0,Female,33.89,113.0,136.2,239.5,55.3,73.4,34.0,Former,Moderate,Yes,206.24
68.0,Female,26.12,128.2,172.7,273.0,79.9,67.5,74.9,Never,,No,196.74
,Male,21.44,93.6,105.8,177.3,84.6,59.5,107.8,Never,Low,No,121.59
40.0,Female,32.78,92.8,134.4,239.2,58.6,77.3,92.7,Never,Moderate,Yes,209.29
45.0,Male,28.02,116.2,145.0,240.3,44.9,63.3,182.2,Never,Low,No,141.94
44.0,Male,31.07,109.2,144.0,242.3,109.2,72.7,189.7,Never,Low,No,162.5
41.0,Male,26.45,105.9,151.9,211.9,74.9,63.5,16.5,Never,Low,,167.32
78.0,Female,35.66,138.4,176.2,285.9,116.8,57.9,10.0,Former,None,No,230.9
46.0,Male,16.41,123.8,119.8,259.3,93.9,70.5,142.6,Never,Moderate,Yes,169.38
68.0,Male,28.88,142.0,182.4,239.4,103.2,77.0,83.0,Never,Low,No,206.81
32.0,Female,33.71,96.6,134.8,219.5,100.6,66.0,140.8,Former,Low,Yes,156.6
52.0,Female,27.53,,124.4,253.5,,84.8,147.9,Never,Moderate,No,174.12
53.0,Female,28.51,114.1,152.8,222.3,105.3,75.7,227.0,Former,Low,No,145.16
60.0,Male,24.83,121.1,141.4,223.1,101.9,80.1,118.9,Current,Low,Yes,182.59
54.0,Male,27.1,100.7,147.1,196.4,95.0,67.2,175.5,Former,Moderate,Yes,169.43
20.0,Female,18.64,90.0,127.1,139.0,70.0,64.7,135.1,Former,Low,No,150.85
40.0,Male,23.41,107.5,127.1,179.7,86.3,68.9,166.1,Never,Moderate,Yes,170.05
67.0,Female,23.07,110.0,175.5,259.4,101.0,71.0,155.6,Never,Low,No,200.94
74.0,Female,30.35,134.6,161.6,222.3,102.3,70.6,82.0,Never,None,No,196.77
25.0,Male,24.14,90.0,116.8,212.5,83.2,60.8,117.2,Former,None,Yes,175.59
47.0,Male,24.29,94.1,145.6,260.5,75.9,79.7,108.4,Former,Moderate,No,189.66
36.0,Female,25.11,101.2,129.8,214.5,105.5,,192.4,Never,Low,No,133.52
24.0,Female,23.26,90.0,125.1,172.1,67.2,76.4,195.3,Never,Moderate,Yes,141.93
50.0,Female,28.35,132.6,122.9,223.1,86.7,80.3,10.0,Former,None,No,183.52
24.0,Female,28.89,98.6,114.2,214.8,86.3,68.1,132.2,Never,Low,Yes,160.57
57.0,Male,31.13,108.4,169.6,247.5,71.2,96.2,149.4,Former,None,No,195.15
22.0,Female,30.26,105.5,111.1,,108.2,70.6,242.8,Former,Moderate,No,155.55
72.0,Female,29.76,133.0,152.8,266.2,87.6,71.9,106.7,Never,Moderate,No,160.76
,Female,25.36,111.4,140.3,243.8,62.3,69.9,159.8,Never,Moderate,Yes,184.77
56.0,Male,25.03,114.4,165.7,214.5,93.0,83.1,132.2,Never,Low,No,203.31
72.0,Male,22.64,110.6,135.0,278.6,60.8,72.2,83.4,Never,None,No,185.56
56.0,Female,22.55,122.8,149.9,233.9,74.7,79.0,52.7,Former,Moderate,No,230.86
29.0,Male,27.97,120.1,130.6,145.2,67.5,59.0,82.0,Never,Low,No,161.47
29.0,Male,23.4,100.4,86.3,196.3,62.2,72.4,194.2,Never,Moderate,No,122.87
38.0,Male,34.34,96.9,147.9,219.0,116.8,80.7,,Never,High,No,207.81
36.0,Female,26.81,108.4,132.9,242.5,83.9,71.3,,Never,,Yes,156.66
40.0,Female,34.51,108.0,155.9,209.6,93.2,65.2,62.5,Current,None,No,179.85
33.0,Male,29.86,90.3,126.1,217.7,68.6,68.9,189.8,Former,Moderate,No,156.06
28.0,Female,23.11,96.6,114.9,160.5,81.5,58.2,97.1,Never,Moderate,No,123.35
65.0,Female,26.69,140.7,168.6,215.0,93.3,82.2,155.7,Former,Low,No,207.74
20.0,Male,18.63,90.0,107.8,209.5,70.9,81.4,151.8,Never,Moderate,No,148.78
70.0,Male,27.95,113.2,116.8,210.1,91.4,73.3,111.7,Current,High,Yes,172.5
64.0,Female,23.57,107.4,150.3,260.3,66.9,87.5,215.7,Current,Low,Yes,197.19
32.0,,21.43,94.1,139.2,233.6,111.6,78.0,32.8,Current,Moderate,Yes,185.28
23.0,Female,34.61,95.0,156.1,245.5,30.3,70.8,108.0,Former,Low,No,187.75
20.0,Female,32.15,104.4,124.4,248.1,76.5,82.5,246.9,Former,None,No,155.16
68.0,Male,32.02,136.3,156.8,269.5,,80.7,167.2,Never,Low,Yes,193.32
59.0,Female,30.91,,160.6,250.2,117.7,84.2,110.6,Former,Moderate,No,223.24
51.0,Female,20.83,104.7,148.6,235.3,90.5,85.4,233.8,Former,Low,No,155.21
53.0,Male,25.0,132.3,147.9,227.2,68.9,70.9,184.5,Never,None,No,167.25
47.0,Male,25.3,90.0,150.6,209.7,84.8,78.8,105.9,Never,,,196.3
50.0,Male,18.45,120.6,113.8,235.5,131.9,55.4,73.0,Current,Moderate,No,159.63
27.0,Female,24.21,90.0,84.7,213.4,80.2,60.5,229.7,,None,Yes,169.6
58.0,Male,24.27,115.5,158.9,,53.2,78.0,80.1,Never,,No,166.71
45.0,Male,27.63,117.0,122.4,215.6,79.7,75.7,150.2,Never,High,No,149.29
77.0,Male,39.66,105.4,170.0,262.5,81.3,66.4,190.0,Never,Low,Yes,207.47
53.0,Male,26.9,115.5,156.4,233.6,61.8,69.6,139.2,Former,Moderate,No,199.7
73.0,Female,,125.5,152.5,243.1,99.0,77.8,111.9,Never,None,No,187.77
73.0,Female,25.75,140.4,161.7,323.7,70.2,74.6,19.4,Former,Low,No,218.69
22.0,Male,30.69,132.5,178.2,258.9,,68.5,212.0,Former,Moderate,No,229.09
78.0,Female,21.63,106.5,154.6,,118.6,62.3,10.0,Former,Low,Yes,155.52
69.0,Male,36.48,138.1,151.3,250.9,71.9,77.5,189.3,Current,Moderate,Yes,182.33
31.0,Male,26.38,103.5,105.1,219.7,54.4,69.6,56.5,Never,None,No,132.55
20.0,Female,25.02,90.0,136.2,183.5,97.5,90.0,113.4,Never,Moderate,No,151.64
73.0,,31.85,127.3,160.3,239.6,113.5,87.3,175.6,Current,Low,Yes,186.97
63.0,Male,22.55,102.7,114.6,232.2,69.6,75.1,199.9,Never,Moderate,Yes,184.18
24.0,Male,30.6,90.0,156.0,,111.1,53.3,160.6,Current,High,No,180.24
49.0,Female,34.03,91.2,164.5,238.5,,94.5,113.0,Current,Moderate,No,222.14
49.0,Male,25.79,118.6,138.1,233.0,90.6,80.1,141.3,Current,None,No,173.8
78.0,Female,37.26,129.0,209.1,174.5,85.5,70.1,,Current,Low,,228.67
76.0,Male,30.22,114.4,176.0,198.7,113.9,82.9,168.7,Never,Low,No,175.87
36.0,Male,30.28,124.5,121.8,193.0,80.8,78.8,110.5,Never,Moderate,No,161.35
67.0,,33.83,112.2,180.4,257.1,91.1,68.3,102.7,Never,Low,Yes,235.36
66.0,Female,35.15,135.1,165.5,228.5,,65.7,122.3,Former,Low,Yes,221.77
42.0,Female,28.31,110.4,173.3,284.3,122.2,78.8,154.5,Never,Low,No,206.26
,Female,30.98,97.2,156.8,240.9,94.0,81.2,171.0,Former,Low,Yes,181.17
56.0,Female,33.98,113.8,163.3,294.4,42.0,76.2,194.0,Never,Moderate,No,180.6
40.0,Female,21.19,93.0,134.6,233.8,,74.3,210.9,Former,Moderate,No,147.07
33.0,Female,18.35,107.5,97.8,154.2,74.2,83.6,145.6,Never,Moderate,Yes,144.93
21.0,Male,26.71,99.8,118.0,166.0,133.2,69.1,198.5,,Low,Yes,129.96
30.0,Male,18.23,109.8,121.4,181.4,80.3,50.0,197.9,Current,Low,No,139.42
70.0,Male,25.43,132.0,122.5,207.6,,79.2,18.4,Never,Moderate,No,156.15
58.0,Female,28.57,117.5,155.2,264.6,104.5,83.8,100.7,Never,Low,No,171.68
57.0,Female,25.62,97.9,128.3,225.2,73.3,77.6,75.9,Current,Moderate,No,186.35
79.0,Female,26.29,136.7,145.5,256.0,70.8,63.6,107.3,Never,Low,Yes,195.58
53.0,,21.99,114.0,146.8,259.8,51.3,67.3,198.4,Former,None,No,190.45
57.0,,30.94,92.9,140.1,,71.0,72.1,168.5,,Moderate,Yes,183.93
69.0,Female,21.68,124.8,149.2,227.7,45.2,62.4,160.0,Former,Low,No,193.85
53.0,Male,16.49,118.5,127.8,175.9,86.0,67.9,,Never,None,Yes,169.54
37.0,Female,25.96,102.3,114.1,178.8,79.7,84.3,122.2,Former,Low,No,134.16
49.0,Male,31.58,109.7,163.4,262.3,107.5,63.8,99.7,Never,Low,No,209.51
34.0,Male,27.4,98.2,150.9,218.7,65.1,68.8,97.1,Never,Moderate,No,157.35
46.0,Female,21.18,115.7,147.3,189.0,54.9,78.9,167.3,Never,Moderate,Yes,197.37
70.0,Female,27.51,123.2,184.9,263.6,145.0,59.9,83.8,Never,None,No,232.61
53.0,Female,29.19,103.0,138.2,200.5,,85.2,57.8,Never,None,No,173.79
71.0,Male,27.45,141.4,115.8,195.0,90.9,68.9,128.9,Current,Moderate,Yes,178.89
76.0,Male,25.68,116.2,138.5,190.6,86.4,65.4,112.3,Never,High,No,154.88
57.0,Male,29.43,90.0,,194.1,109.1,85.8,,,High,No,230.61
52.0,Female,18.31,107.8,126.2,248.0,84.2,80.8,,Never,Low,No,128.26
,Female,22.53,121.7,105.1,207.3,54.1,63.0,139.6,Never,Low,Yes,126.72
34.0,Female,20.47,,92.8,201.3,79.4,68.1,111.1,Never,High,Yes,129.91
79.0,Female,33.74,105.9,190.1,265.2,108.2,77.7,70.2,Former,Low,No,225.86
49.0,Male,30.56,99.7,156.9,200.5,52.9,69.8,80.0,Former,,No,136.24
74.0,,27.93,110.3,144.0,,91.9,86.3,68.3,Former,Moderate,No,170.34
61.0,Male,19.75,110.5,167.9,214.8,85.3,81.4,53.3,Former,Low,No,182.15
70.0,Male,30.72,118.4,203.3,221.9,91.5,50.0,120.5,Never,Moderate,No,243.96
36.0,Female,33.93,112.1,164.1,207.9,113.9,64.2,107.4,Never,Moderate,No,180.92
24.0,Female,29.86,102.3,147.2,202.0,84.9,65.9,162.5,Never,High,,174.03
48.0,Female,26.82,113.7,149.0,216.1,86.2,68.4,113.8,Never,None,Yes,204.22
23.0,Male,30.16,121.7,149.0,217.0,89.1,74.7,150.5,Current,Low,No,175.97
29.0,Male,28.36,113.4,168.7,194.4,93.3,81.3,247.3,,Moderate,Yes,160.58
75.0,Female,31.63,133.0,141.8,296.9,82.5,69.0,172.4,Never,Low,No,198.37
36.0,,31.52,90.0,135.5,189.5,114.5,61.5,59.9,Never,Low,No,128.91
29.0,Male,25.89,94.0,128.6,189.9,65.0,68.2,,Never,,No,152.18
36.0,Female,23.7,90.0,139.5,219.2,45.6,52.2,40.2,Current,,Yes,190.27
79.0,Male,25.0,116.3,178.7,265.9,98.5,81.4,83.8,Current,Low,No,201.71
39.0,Male,29.68,117.1,147.5,184.9,65.9,70.8,160.2,Never,None,Yes,166.54
43.0,Male,25.3,104.6,146.1,213.7,62.0,68.5,197.3,Current,Moderate,Yes,199.81
24.0,Female,23.25,,135.2,219.2,82.0,72.7,211.7,Never,Moderate,Yes,163.88
53.0,Female,27.0,122.2,142.5,182.9,90.9,64.8,146.8,Never,Moderate,No,160.45
25.0,Male,32.54,101.9,130.8,207.3,77.0,67.6,103.2,Current,Low,No,170.61
72.0,Female,27.68,135.6,153.0,204.1,78.5,68.5,158.7,Never,Low,,219.33
21.0,Male,25.62,115.8,113.7,174.4,70.4,,160.8,Never,None,Yes,135.74
32.0,Male,28.6,109.9,123.7,213.4,77.2,71.3,158.6,,Low,Yes,165.71
62.0,Male,27.42,,153.4,230.4,88.6,96.4,228.6,Never,Low,No,144.05
62.0,Male,17.33,125.5,122.0,191.4,38.3,74.0,69.3,Never,None,Yes,181.79
67.0,Female,30.48,103.3,187.2,279.1,119.7,67.2,230.8,,None,No,190.11
30.0,Male,29.04,102.1,137.6,200.4,51.1,71.7,248.9,Former,Moderate,Yes,174.99
70.0,Male,27.08,121.2,174.3,258.6,81.2,64.5,117.7,Former,High,No,234.7
66.0,Female,32.31,115.3,134.0,288.5,47.7,68.7,,Former,Low,Yes,195.62
76.0,Male,33.06,114.7,140.2,237.4,87.8,71.0,69.7,Never,None,No,207.09
,Male,30.99,120.9,141.5,,68.9,67.2,149.7,Never,High,Yes,207.83
74.0,Female,22.75,125.3,161.6,252.8,87.5,72.1,115.5,Current,Moderate,No,204.23
35.0,Female,22.92,108.9,118.6,167.4,60.2,77.8,107.6,Former,,No,108.34
50.0,Female,32.59,129.6,147.8,266.2,63.6,69.1,92.7,,Low,No,144.34
30.0,Male,17.61,101.2,134.7,197.7,26.9,68.5,136.9,Former,None,No,171.16
73.0,Female,26.26,118.2,,229.9,72.0,57.4,110.8,Never,High,No,186.87
35.0,Female,29.2,122.1,123.8,169.1,51.7,59.7,51.3,Never,Moderate,,172.8
27.0,Male,18.25,90.0,129.1,157.3,91.6,71.7,214.7,Never,Moderate,No,128.53
23.0,Male,28.17,101.0,107.0,199.3,118.2,80.9,128.9,Current,High,Yes,157.11
59.0,Male,31.77,107.7,145.7,201.9,126.2,71.8,107.4,Never,None,Yes,180.94
23.0,Male,19.57,103.9,118.7,208.9,74.8,70.0,166.1,Current,None,,146.94
75.0,Male,35.29,130.6,174.7,247.8,78.8,62.0,94.8,Never,None,No,213.09
44.0,Female,21.95,117.3,144.7,169.4,42.8,64.9,200.1,Never,None,Yes,176.47
22.0,Female,29.87,112.2,150.3,185.1,78.4,72.7,141.6,Never,Moderate,No,151.95
51.0,Female,26.58,,135.0,195.7,62.2,83.7,99.0,Never,Moderate,Yes,189.13
22.0,Male,27.35,97.6,145.9,166.1,69.8,72.4,191.3,Never,None,No,156.07
46.0,Male,20.58,117.0,137.7,151.1,47.3,71.3,177.4,,Low,No,148.73
48.0,Male,33.3,122.3,162.9,234.3,,,271.5,Never,Low,No,191.05
51.0,Female,28.63,97.3,132.3,201.4,92.5,63.8,26.9,Never,None,No,143.34
69.0,,35.1,124.8,174.2,305.3,75.8,65.9,119.1,Never,Moderate,No,201.38
80.0,Male,20.71,121.3,,271.7,103.3,73.1,142.4,Never,Low,No,134.87
77.0,Female,26.09,125.7,152.3,293.9,89.6,64.6,57.7,Former,Low,No,202.08
70.0,Male,28.05,,154.3,264.5,,80.7,191.3,Current,Low,No,192.93
38.0,Female,27.3,98.4,173.8,198.3,112.9,80.3,105.2,Former,Low,Yes,191.09
40.0,Female,30.33,95.8,125.1,229.5,86.8,69.5,147.5,,Moderate,No,156.87
24.0,Female,26.03,99.0,148.9,192.0,69.0,77.5,215.2,Current,Low,No,173.04
37.0,Male,37.61,111.0,177.6,236.7,120.2,,83.6,Former,None,No,192.19
47.0,,27.2,103.9,154.5,247.6,106.1,76.2,127.4,Never,Low,No,183.17
61.0,Female,16.0,131.7,118.4,,93.8,81.8,164.3,Never,Low,No,173.42
80.0,Male,27.42,155.5,,252.9,70.6,74.5,113.3,Current,None,No,185.3
41.0,Female,33.31,,140.8,227.0,52.0,80.2,176.9,Never,None,No,167.14
40.0,Male,22.38,107.5,141.2,216.2,117.7,70.9,185.0,Never,None,No,144.38
25.0,Male,22.07,90.3,123.7,227.1,64.3,64.5,125.4,Never,Moderate,No,167.18
20.0,Male,22.8,103.4,113.8,178.9,80.4,76.6,248.0,Never,None,No,140.25
24.0,Male,21.62,118.5,130.2,187.5,107.1,72.7,109.2,Never,None,No,164.29
60.0,Male,24.6,140.4,175.2,216.8,132.2,80.6,197.6,Former,Moderate,No,210.97
31.0,Female,31.55,120.7,144.0,217.8,,64.6,,Never,Moderate,No,204.34
45.0,Male,34.63,120.4,186.3,248.3,88.7,75.3,102.6,Never,Low,No,212.72
65.0,Male,16.0,124.2,126.6,232.7,73.0,82.5,71.1,Never,Moderate,No,146.89
53.0,Male,25.11,101.3,140.4,223.7,92.3,69.0,144.8,Former,Low,No,175.78
68.0,Male,28.51,119.4,129.2,273.3,,81.4,103.7,Current,None,No,175.45
33.0,Female,28.01,102.3,124.6,,62.9,85.6,174.2,Former,Low,No,161.23
45.0,Male,36.5,109.1,149.7,191.0,29.0,67.1,124.0,Former,Low,Yes,188.61
64.0,Female,,110.2,125.0,233.6,62.6,76.3,123.5,Never,None,,137.86
46.0,Male,16.0,119.8,104.0,,66.7,88.3,163.7,Current,None,No,139.61
28.0,Female,37.31,99.3,133.6,214.0,81.5,58.1,148.3,Never,Moderate,No,136.31
45.0,Male,30.77,106.0,139.3,188.6,121.3,76.0,122.4,Current,Low,No,167.82
76.0,Male,24.14,115.6,169.2,250.3,117.7,81.1,128.2,Former,Low,No,192.66
66.0,Female,27.86,122.5,122.4,290.9,67.7,74.3,97.4,Former,Moderate,Yes,165.07
76.0,Male,28.22,142.2,,212.8,87.0,95.0,145.5,Never,None,Yes,168.87
41.0,Female,24.02,108.3,100.2,208.7,11.4,76.5,165.1,Former,None,No,173.77
66.0,Male,27.71,123.1,133.8,242.5,108.8,86.2,156.0,Never,Moderate,,186.24
75.0,Female,28.77,147.0,166.3,237.5,,82.3,147.6,Never,Low,No,175.61
49.0,Male,37.08,126.5,150.0,241.9,,86.2,119.2,Former,Low,No,186.57
62.0,Male,31.82,125.0,147.1,229.6,87.2,75.3,11.2,Current,Moderate,No,178.04
67.0,Female,,126.7,155.2,256.0,111.9,62.4,107.8,Never,None,Yes,219.48
80.0,Male,20.28,118.8,109.7,236.2,65.7,80.1,118.1,Never,Low,No,140.21
,Male,25.26,97.8,147.1,195.2,104.6,56.5,138.0,Current,Low,No,158.91
45.0,,28.21,111.9,164.0,,100.4,69.4,96.9,Former,,No,205.58
55.0,Male,17.39,116.8,121.5,230.6,80.2,69.0,,Never,Low,No,155.62
,Male,32.91,90.0,138.2,162.2,81.0,66.9,114.9,Current,None,No,158.74
27.0,Male,30.21,110.6,137.6,228.0,72.0,82.3,115.1,Current,Low,Yes,184.48
68.0,Female,25.16,117.3,126.6,218.6,75.7,74.0,91.2,Never,Low,Yes,160.92
54.0,Female,26.08,127.8,133.1,244.8,73.2,91.6,112.2,Never,Moderate,Yes,212.05
80.0,Female,33.27,125.3,196.4,241.5,112.9,74.6,72.9,Current,Low,Yes,216.63
71.0,Male,23.02,120.2,143.7,258.8,60.3,55.2,112.0,Never,Moderate,Yes,193.65
34.0,Female,,94.1,147.9,217.7,88.3,66.2,152.1,Former,Low,,184.42
66.0,Male,25.74,109.8,133.4,211.8,115.0,81.7,64.7,Never,None,Yes,206.44
75.0,Male,30.78,139.6,150.3,240.2,77.9,,48.4,Current,Low,No,196.3
41.0,Male,27.43,111.7,149.0,251.0,96.8,,179.7,Current,Low,No,162.19
33.0,Male,38.17,109.5,135.8,225.8,31.4,78.8,144.7,Former,Low,No,182.06
45.0,Female,22.56,129.5,160.5,202.0,,69.6,191.6,Never,Moderate,,159.1
47.0,Male,24.13,95.3,105.7,250.6,69.1,67.6,169.9,Former,High,No,139.11
42.0,Female,19.47,117.0,113.7,232.1,73.1,83.4,123.0,Never,,No,123.98
33.0,Male,21.52,90.0,97.6,179.1,70.1,69.4,171.3,Never,None,Yes,118.47
43.0,Female,30.57,104.1,167.1,217.7,141.7,62.9,179.2,Former,High,No,186.15
21.0,Female,35.0,90.0,139.8,160.1,71.1,78.0,113.9,Never,Moderate,No,142.39
64.0,Female,31.13,129.1,148.5,267.5,88.8,84.2,35.1,Never,Low,No,183.68
45.0,Female,26.97,90.0,,220.7,70.2,,84.2,Never,Moderate,No,181.45
33.0,Female,22.53,102.1,151.1,222.8,104.1,66.2,178.8,Former,Moderate,No,173.53
78.0,,31.49,111.2,164.4,202.0,67.2,67.1,201.6,Never,Low,No,200.17
75.0,Male,,113.5,,233.6,77.3,69.8,,Former,Moderate,No,202.76
70.0,Female,20.26,113.1,133.6,239.0,61.9,63.1,184.0,Never,Low,Yes,173.46
26.0,Male,25.46,117.5,110.1,142.2,91.7,66.4,203.8,Former,Low,Yes,141.6
22.0,Female,16.83,,116.0,205.1,78.4,75.5,118.7,Never,Low,No,135.33
66.0,Male,20.09,140.4,124.3,221.5,84.7,80.7,114.0,Never,None,Yes,158.88
42.0,Female,36.43,132.1,164.6,181.0,88.3,72.4,174.5,Former,Low,No,171.32
65.0,Female,19.17,144.6,127.5,214.0,106.2,77.4,53.9,Never,Moderate,No,184.33
62.0,Male,21.06,117.2,135.1,241.0,78.9,71.6,167.9,Never,None,No,176.78
66.0,Female,27.36,122.2,108.1,214.4,116.1,67.5,176.5,Current,Low,No,167.85
79.0,Female,27.62,130.1,152.5,250.7,116.3,72.0,,Never,Low,No,185.26
64.0,Female,25.83,114.4,140.8,224.0,51.8,84.0,112.8,Never,Moderate,No,178.71
37.0,Male,16.98,111.7,139.8,144.5,98.0,51.3,170.3,Former,Moderate,No,165.46
77.0,Female,31.24,113.4,175.3,272.4,124.2,64.6,,Never,None,No,179.43
57.0,Male,24.78,93.1,140.7,251.1,75.3,69.1,44.8,Never,Low,No,167.21
54.0,Female,33.1,122.9,122.9,268.8,87.1,63.1,10.0,Never,None,Yes,207.0
70.0,Female,,117.3,136.6,239.2,50.3,78.3,142.3,Former,,No,175.4
34.0,Male,31.91,93.6,162.3,230.7,69.9,57.7,113.6,Never,Low,No,192.42
44.0,Female,33.48,99.6,144.8,182.9,80.1,83.2,147.3,Former,None,No,201.82
74.0,Female,24.67,141.5,128.6,250.4,50.2,92.3,121.5,Never,Moderate,No,199.87
56.0,Male,31.4,120.8,171.2,227.3,96.1,75.5,193.9,Former,Moderate,No,174.8
47.0,Female,20.36,92.9,,211.6,84.1,67.0,144.1,Never,Low,Yes,162.43
29.0,Male,28.32,90.0,131.3,176.6,60.8,79.5,180.2,Never,Low,No,156.48
58.0,Male,33.11,112.6,164.1,271.7,63.0,70.9,150.4,Current,Moderate,No,222.51
,Male,29.59,129.9,158.8,205.6,55.9,67.2,152.2,,None,No,141.29
36.0,Female,39.03,96.7,131.3,235.8,,72.2,,Current,None,,200.13
58.0,Male,29.87,114.0,132.2,210.3,42.9,59.2,141.5,Never,Low,No,171.09
41.0,Male,25.17,109.8,121.2,273.9,83.9,65.4,11.8,Never,Low,No,172.02
45.0,,41.2,111.9,175.3,258.5,125.1,65.5,101.7,Never,High,No,191.47
63.0,Male,35.17,,162.7,246.6,70.4,73.0,176.5,Current,None,Yes,207.63
44.0,,18.99,112.5,118.2,180.5,57.8,58.0,64.4,Never,Low,No,155.0
36.0,Female,23.08,90.0,135.5,232.3,86.3,63.3,77.7,Current,Moderate,No,194.49
32.0,Female,21.81,101.0,110.8,110.7,79.1,66.7,184.0,Former,Moderate,Yes,149.0
39.0,Female,30.23,,,230.2,78.0,76.2,108.2,Current,Moderate,Yes,206.01
44.0,Male,29.86,96.9,150.7,237.7,81.2,72.3,206.4,Never,Low,Yes,181.21
23.0,Male,29.82,110.5,129.0,217.1,82.2,85.4,160.4,Never,None,Yes,144.02
29.0,Male,18.85,90.0,115.3,219.1,66.5,63.0,234.6,Never,High,No,151.76
22.0,Male,23.81,93.6,116.8,179.9,67.7,78.5,250.8,Never,Low,Yes,144.64
60.0,Male,26.25,127.5,161.9,248.5,134.4,81.5,193.2,Current,Moderate,Yes,231.35
64.0,Female,17.89,112.2,136.3,207.1,105.0,75.5,91.3,Never,Moderate,No,150.26
,Male,22.64,97.5,124.0,184.5,102.4,73.0,82.1,Never,,No,158.78
66.0,Male,33.78,116.5,141.3,219.4,76.9,76.5,187.5,Never,Moderate,No,176.58
55.0,Male,19.23,121.2,141.1,212.4,46.6,64.7,126.7,Former,Low,No,189.11
66.0,Female,34.28,137.1,169.3,280.1,148.7,82.7,128.6,Former,Moderate,Yes,212.84
41.0,Female,32.46,97.2,135.9,272.1,69.0,72.8,203.3,Never,Low,No,172.97
53.0,Male,25.55,103.6,132.2,218.3,88.1,62.2,67.6,Never,None,Yes,167.54
66.0,Female,23.76,116.4,140.6,217.2,101.5,84.8,150.0,Former,Moderate,Yes,205.8
27.0,Male,31.16,104.9,116.2,247.0,,70.0,125.6,Never,Moderate,Yes,175.74
59.0,Male,23.06,107.3,,240.2,103.8,74.0,167.5,Current,Low,No,141.36
68.0,Female,23.31,128.9,113.3,237.3,74.8,51.6,137.0,Never,Moderate,No,141.35
63.0,Female,26.88,107.3,123.3,205.7,72.4,73.1,168.8,Never,Moderate,Yes,126.5
38.0,Male,16.35,90.0,109.1,,60.4,83.3,119.4,Current,Moderate,No,158.86
61.0,Male,19.75,123.8,122.7,228.2,56.0,68.0,83.1,Never,Low,Yes,117.85
60.0,Female,25.42,124.8,150.8,232.1,46.8,62.0,123.1,Never,Moderate,Yes,198.31
56.0,Male,29.38,127.7,152.3,248.8,150.2,77.4,94.6,Current,Low,No,190.57
25.0,Female,22.99,90.0,147.8,198.0,118.8,55.1,119.9,Former,Low,No,181.48
71.0,Male,26.01,114.0,150.2,284.0,89.8,79.9,,Never,None,Yes,179.21
45.0,Female,18.93,107.2,129.3,238.4,114.6,70.6,171.3,Never,Moderate,No,147.45
53.0,Male,31.66,134.9,128.6,218.1,111.4,73.8,236.7,Never,Low,No,171.79
78.0,Male,28.1,123.2,134.2,254.2,95.1,96.3,150.4,Former,None,No,162.34
75.0,Female,28.54,107.6,155.6,233.2,81.9,77.1,148.1,Never,None,No,181.37
78.0,Male,29.44,128.7,158.7,306.4,114.2,63.0,144.0,Never,None,No,181.04
64.0,,27.39,134.5,152.8,218.0,108.5,75.0,69.2,Former,None,Yes,207.51
25.0,Female,24.58,,148.4,196.1,104.4,77.5,192.6,Never,Low,No,175.51
56.0,Male,32.65,121.9,132.3,248.0,73.9,55.1,27.5,Former,Moderate,No,200.9
76.0,Male,27.78,127.4,184.1,263.7,107.8,74.8,129.1,Never,None,No,187.88
52.0,Male,26.17,90.0,113.5,244.7,80.7,57.4,170.5,Never,High,No,169.6
72.0,Female,26.96,122.7,157.2,267.3,81.7,74.8,156.9,Current,None,No,167.92
41.0,Female,26.85,110.6,114.0,236.2,83.0,86.0,175.9,Former,Moderate,Yes,145.11
40.0,Female,26.12,106.1,147.8,202.8,114.3,68.1,72.5,Never,Moderate,Yes,185.23
25.0,Male,29.23,109.7,106.3,190.2,105.8,71.5,119.2,Former,Moderate,No,125.57
25.0,Male,22.32,99.1,72.8,197.6,71.5,73.3,219.2,Former,Low,No,137.53
74.0,Male,22.69,118.9,147.2,225.6,82.9,77.8,130.7,Current,Moderate,No,199.42
67.0,Male,29.8,132.6,150.6,225.6,106.5,,134.1,Former,,No,229.42
23.0,Female,26.27,95.4,147.3,188.0,67.4,52.6,127.1,Former,None,No,151.39
49.0,Male,31.86,112.8,149.4,289.4,79.0,74.4,72.3,Former,None,,199.98
30.0,Male,29.04,114.3,121.6,253.0,105.6,65.5,109.8,Never,None,No,162.53
49.0,Male,24.24,99.9,126.1,,120.3,62.5,56.5,Former,Low,No,158.34
50.0,Female,29.88,99.1,203.2,171.0,131.2,74.6,162.3,Former,Moderate,Yes,237.81
43.0,Male,32.99,125.6,131.4,210.1,79.2,73.5,10.0,Never,High,Yes,182.99
74.0,Male,29.23,116.2,164.5,274.2,44.4,58.8,70.4,Former,None,No,198.55
28.0,Male,30.33,110.9,143.4,165.8,102.4,67.4,260.3,Current,Low,Yes,184.31
74.0,Male,26.14,102.0,160.0,262.5,102.5,86.8,98.6,Never,None,No,205.29
22.0,Male,31.97,90.0,144.4,221.5,97.7,59.2,,Never,Moderate,Yes,164.7
70.0,Female,24.1,125.9,140.2,239.8,52.5,75.9,236.9,Never,Moderate,No,191.41
50.0,Male,28.69,111.0,111.7,226.2,66.8,62.0,109.8,Never,None,No,165.83
59.0,Male,39.85,121.0,168.1,224.6,134.9,88.3,233.3,Current,Moderate,No,209.85
56.0,Male,29.69,137.7,147.5,253.5,64.1,79.6,111.3,Never,Low,No,180.08
55.0,,24.9,99.9,141.8,235.5,97.4,65.7,177.7,Never,None,No,189.88
43.0,,24.88,109.8,144.3,202.6,71.1,74.2,264.4,,None,Yes,192.85
50.0,Male,26.64,130.2,132.7,202.7,92.6,60.5,140.2,Current,None,No,153.73
25.0,Male,31.26,90.0,125.1,174.7,74.4,54.5,135.7,Never,None,No,121.68
21.0,Male,27.73,92.4,145.0,210.4,112.3,69.6,197.4,Current,Low,No,166.89
39.0,,23.76,90.0,124.6,205.3,79.5,65.1,87.5,Current,Moderate,Yes,146.0
47.0,,23.75,138.0,125.3,212.9,100.7,74.3,204.1,Never,None,Yes,155.19
30.0,Female,27.76,90.0,122.5,164.4,124.3,56.1,114.7,Former,None,No,125.5
23.0,Female,27.21,109.9,139.6,170.4,105.6,65.6,71.5,Former,None,No,178.76
34.0,Female,29.27,90.0,133.4,179.9,94.4,85.3,141.0,Former,Moderate,Yes,156.18
25.0,Female,31.59,90.0,176.6,230.1,122.3,83.7,130.5,Never,None,No,179.2
73.0,Male,40.64,135.6,173.9,268.3,,89.7,10.0,Never,None,No,233.32
68.0,Female,19.69,111.7,115.4,223.9,62.0,94.6,116.7,Former,None,No,176.7
49.0,Female,30.43,119.9,137.9,,64.6,69.1,73.1,Former,None,Yes,180.87
75.0,Male,27.49,140.3,164.5,275.2,107.8,50.0,84.9,Never,Low,No,214.14
57.0,Female,17.78,118.1,118.3,250.4,62.6,83.3,65.7,Never,None,No,173.71
70.0,Female,33.25,132.2,159.4,244.4,74.9,64.4,150.5,Former,None,No,177.77
76.0,Male,29.11,125.2,173.4,211.6,91.5,93.4,,Former,Moderate,Yes,231.47
21.0,Male,31.0,101.0,154.4,252.0,51.1,71.2,78.2,Never,High,No,193.61
34.0,Male,18.5,97.7,110.5,214.3,59.3,86.2,224.2,Never,Moderate,Yes,125.74
30.0,Female,25.9,126.6,125.3,220.9,62.7,69.8,167.3,Current,High,No,173.64
27.0,Female,21.6,111.1,123.5,216.3,132.4,64.8,,Former,Moderate,No,134.41
45.0,Male,37.82,116.5,179.9,312.0,114.5,78.9,94.9,Never,High,No,208.92
70.0,Male,32.72,130.7,139.1,247.7,74.4,78.8,110.8,Never,Low,No,179.88
64.0,Female,23.6,110.7,,273.5,69.9,63.6,,Never,Moderate,No,198.49
63.0,Male,19.32,129.5,135.3,202.9,28.7,73.5,193.0,Current,High,No,175.71
24.0,Female,27.97,119.5,114.4,225.8,42.8,65.5,218.0,Former,Moderate,No,159.95
25.0,Male,32.46,90.0,160.5,259.6,54.6,72.6,136.7,Current,High,No,180.98
45.0,Male,18.32,116.7,142.4,208.0,63.4,72.1,115.1,Never,Low,No,156.89
73.0,Female,22.34,123.6,171.3,186.0,94.7,75.9,62.8,Never,Low,No,160.45
23.0,Male,21.47,94.1,140.9,209.5,80.2,70.8,171.2,Former,Low,Yes,172.51
38.0,Male,31.33,94.0,142.4,,65.2,68.7,158.2,Never,Low,Yes,179.32
39.0,Male,25.15,120.2,143.9,236.4,84.3,75.2,,Former,Moderate,Yes,199.26
52.0,Female,25.36,115.9,144.9,,54.2,66.1,146.2,Former,Moderate,Yes,195.52
39.0,Male,27.87,105.1,120.8,,87.1,86.8,93.0,Never,Moderate,No,130.35
68.0,Male,22.61,127.1,118.3,238.6,93.2,74.1,76.0,Current,None,No,157.07
31.0,Male,19.78,102.4,127.2,220.8,90.4,78.9,157.2,Former,None,Yes,199.5
66.0,Male,33.85,111.3,160.6,220.4,115.3,69.3,79.5,Never,Low,No,193.36
20.0,Male,34.31,100.5,132.8,174.7,48.1,66.6,234.9,Never,Low,Yes,188.52
45.0,Male,27.9,109.9,138.2,185.5,84.3,80.7,135.6,Former,Low,No,166.71
33.0,Female,,90.0,166.9,175.3,72.5,78.3,68.2,Never,None,No,166.66
57.0,Female,33.31,108.1,114.7,258.6,49.8,72.3,120.7,Never,Moderate,No,147.16
56.0,Male,27.78,100.0,156.2,214.6,58.5,57.2,115.9,Former,Moderate,,182.76
30.0,Female,24.9,90.0,143.5,168.8,139.8,66.5,224.6,Never,Low,No,142.47
55.0,Female,27.2,120.4,160.7,210.3,111.3,72.4,130.0,Current,Low,No,203.04
,Male,33.97,96.4,,,112.3,65.2,181.0,Never,Moderate,Yes,189.24
,Female,27.27,130.4,141.2,255.2,92.2,62.3,113.1,Never,Low,No,163.26
22.0,Female,23.65,90.0,116.6,223.5,57.6,78.2,213.6,Never,High,No,130.3
52.0,Female,27.74,109.8,148.0,220.0,101.6,71.3,202.9,Former,None,No,173.3
,Female,,93.9,114.4,262.8,126.6,87.1,104.4,Never,,No,151.37
69.0,Female,29.68,102.1,160.4,276.0,102.7,72.8,82.6,Current,Low,Yes,206.67
75.0,Female,29.76,123.8,140.4,218.3,81.7,76.4,,Never,Moderate,No,183.49
29.0,Female,22.87,90.0,119.3,223.6,82.7,65.8,201.6,Current,Low,,186.22
24.0,Female,30.85,103.5,159.4,207.2,115.3,84.3,120.0,Never,High,Yes,203.09
,Male,27.14,117.5,152.5,213.5,88.0,69.4,17.0,Never,None,Yes,211.91
29.0,Male,23.44,106.3,127.8,201.8,77.2,69.3,195.4,Former,Low,No,134.65
63.0,Female,30.81,123.1,127.6,223.1,64.7,65.3,77.8,Former,Moderate,No,187.58
21.0,Female,24.73,111.8,130.0,224.3,88.3,73.9,139.8,Never,Low,No,183.15
32.0,Male,19.13,104.1,127.2,182.5,51.6,68.4,126.9,Former,Moderate,Yes,156.56
59.0,Female,22.0,106.6,99.0,211.0,61.2,,10.0,Never,High,Yes,158.16
21.0,Female,26.09,92.1,132.5,219.1,78.6,70.0,93.3,Never,None,No,147.18
39.0,Male,29.89,100.5,121.0,279.7,54.0,78.4,189.0,Former,Low,No,169.82
20.0,Male,22.68,90.0,93.7,178.6,67.3,85.2,157.0,Current,Moderate,No,104.03
56.0,Male,25.8,124.6,121.3,194.0,98.4,75.4,179.2,Former,Moderate,No,172.3
28.0,Female,20.92,108.9,82.2,229.3,95.7,66.1,240.8,Never,None,No,122.01
36.0,Female,31.91,90.0,134.9,224.3,77.0,,54.8,Former,Low,Yes,149.2
28.0,Male,35.59,92.7,126.4,230.5,69.2,69.8,133.6,Former,None,No,176.31
30.0,Male,,90.4,165.1,218.5,87.0,71.7,143.9,Never,Moderate,Yes,214.66
34.0,Female,31.82,109.1,134.8,233.6,95.9,71.5,229.6,Never,Low,No,162.42
43.0,Male,31.31,122.3,131.5,234.6,67.3,76.4,78.9,Never,Low,No,173.71
57.0,Female,16.64,121.0,98.6,203.3,55.8,78.7,143.8,Never,Moderate,No,113.88
74.0,Female,27.89,114.9,145.2,267.6,91.8,74.3,181.1,Former,Moderate,Yes,172.97
54.0,Male,24.52,110.5,162.9,239.5,103.4,104.8,,Never,Low,No,187.5
49.0,Male,31.4,95.3,175.1,219.5,100.7,81.0,161.0,Never,Low,No,158.22
50.0,Female,16.0,96.7,116.5,206.0,78.5,54.1,92.6,Never,Moderate,No,129.17
68.0,Male,27.96,,149.1,220.5,76.5,71.1,175.6,,Moderate,No,158.2
24.0,Male,25.93,118.1,139.9,213.2,84.4,70.5,67.1,Current,Moderate,No,166.84
79.0,Male,32.59,117.0,144.2,271.7,33.1,80.6,133.5,Never,Low,No,203.3
63.0,Male,34.74,118.9,165.6,245.8,127.0,,25.0,Never,Low,No,200.69
69.0,Female,22.36,129.7,184.4,204.3,103.1,67.8,213.2,Current,None,No,212.96
33.0,Female,22.58,90.0,139.8,147.4,130.2,81.8,,Former,High,No,156.47
72.0,Female,28.15,109.8,165.6,239.9,121.3,76.4,86.8,Former,Moderate,No,212.78
75.0,Female,35.67,,190.0,265.5,83.6,77.8,201.1,Never,Low,No,210.79
30.0,Male,27.3,92.0,148.4,225.5,78.9,81.9,174.7,Never,Low,No,190.4
28.0,Male,20.6,98.3,116.0,228.7,51.4,56.1,111.8,Current,None,No,138.03
53.0,Female,23.97,106.6,116.0,213.9,60.9,77.9,135.9,Former,Low,No,156.3
31.0,Female,28.01,90.0,,165.0,46.6,,165.2,Never,Moderate,No,121.43
,Male,28.2,115.3,,215.9,59.1,63.6,151.7,,,Yes,191.07
54.0,Female,23.48,114.0,131.8,285.3,58.4,73.1,116.8,,Low,No,149.15
20.0,Female,23.87,101.2,106.5,240.1,91.7,76.5,141.3,Current,Moderate,No,166.83
59.0,Male,22.09,115.5,129.9,238.8,44.8,55.9,161.7,Former,Moderate,Yes,162.42
41.0,Female,32.71,102.9,119.0,212.3,125.6,75.1,126.2,Former,Low,Yes,149.9
79.0,Male,22.83,119.3,134.6,243.2,,72.8,46.8,Never,None,Yes,184.25
48.0,Male,24.68,105.6,143.4,268.3,114.8,85.3,116.4,Current,Moderate,No,166.61
27.0,Female,24.53,90.3,138.2,207.1,62.2,64.3,151.6,Former,Low,No,167.96
30.0,Male,18.97,93.5,126.8,186.0,96.5,70.8,169.0,Never,High,No,138.31
60.0,Female,22.68,105.3,131.5,265.6,48.7,66.4,133.8,Never,Low,Yes,171.39
56.0,Male,33.14,,155.5,183.9,57.0,72.2,54.0,Current,Moderate,,188.0
33.0,Female,20.95,108.5,158.4,173.8,114.5,65.0,174.7,Current,Low,Yes,150.1
79.0,Female,22.18,125.9,133.1,222.4,78.9,71.7,94.4,Never,None,No,173.9
49.0,Female,20.34,135.4,158.5,,86.1,62.4,102.0,Never,,No,176.21
54.0,Male,26.55,103.2,115.8,212.4,53.5,66.9,179.9,Former,Low,No,139.21
40.0,Male,36.43,121.4,120.5,178.7,58.0,65.2,101.2,Former,Low,No,160.55
56.0,Female,26.34,112.1,139.7,,48.8,69.2,224.8,Never,None,Yes,204.61
24.0,Male,27.33,102.7,128.9,188.9,68.6,69.7,248.2,Former,High,No,135.17
38.0,Female,23.02,115.2,108.6,207.2,78.6,50.0,198.3,Never,,Yes,117.32
78.0,Female,26.69,119.4,146.9,253.5,88.2,76.3,69.8,Never,Low,Yes,207.18
33.0,Male,33.15,92.2,150.1,244.9,89.5,82.6,178.8,Never,None,No,164.77
45.0,Female,27.71,99.5,122.0,212.8,32.5,79.2,151.3,Former,None,No,143.72
23.0,Male,37.66,90.0,163.9,198.3,96.7,62.8,116.6,Never,None,Yes,174.81
44.0,Female,33.3,117.1,168.3,229.2,86.9,81.5,196.2,Former,Low,Yes,219.66
64.0,Male,26.57,125.8,168.7,243.9,76.8,66.6,119.4,Never,Moderate,No,193.66
61.0,Female,26.47,136.5,128.5,217.5,52.8,76.3,10.0,Former,Low,Yes,169.66
,Female,35.15,114.8,137.0,182.6,97.6,50.6,218.7,Former,Low,No,168.69
37.0,Male,27.69,114.5,132.8,200.6,34.7,77.2,226.7,Never,Low,No,163.15
59.0,Female,34.04,115.6,151.1,265.0,60.8,73.6,120.4,Never,None,No,182.49
27.0,Female,37.01,107.7,140.5,215.2,87.4,72.2,186.8,Former,None,Yes,186.32
58.0,Male,25.98,129.2,156.3,265.8,78.4,73.6,143.8,Never,Low,No,192.57
59.0,Female,28.76,118.7,158.6,249.6,98.8,90.3,97.7,Current,Low,No,156.28
33.0,Male,31.9,98.6,125.1,201.4,80.9,79.3,294.1,Never,Low,No,179.8
51.0,Female,30.84,110.3,126.7,272.1,64.4,79.3,97.2,,None,Yes,193.54
70.0,Male,30.8,130.5,133.5,223.7,44.5,79.4,116.8,Never,Moderate,Yes,157.31
80.0,Female,20.33,120.1,127.7,196.5,96.3,93.3,43.5,Former,Moderate,No,186.26
57.0,Female,22.76,126.3,152.3,235.5,84.5,71.1,172.8,Former,Moderate,Yes,219.49
52.0,Female,24.52,136.3,140.2,201.7,55.1,60.5,168.3,Never,Low,No,171.21
42.0,Male,33.07,119.7,163.5,224.2,46.0,87.6,186.6,Current,Low,Yes,199.32
34.0,Male,20.82,114.3,93.0,172.7,74.9,,79.3,Current,Moderate,Yes,164.08
52.0,Male,34.62,117.6,158.7,236.9,76.6,77.4,145.4,Current,Moderate,No,193.75
44.0,Male,30.9,100.5,148.9,238.3,61.9,77.0,159.1,Former,Moderate,No,171.26
36.0,Female,32.77,95.8,165.2,237.7,118.8,65.1,72.2,Never,Low,Yes,193.2
52.0,Female,22.35,102.9,126.8,189.0,38.1,60.2,151.7,Never,None,No,153.17
66.0,Male,27.36,126.4,139.8,202.1,78.4,83.7,82.0,Never,Low,No,178.6
74.0,Male,28.49,118.6,181.0,259.8,114.3,86.1,94.0,Never,None,No,210.53
21.0,Male,28.27,99.1,126.6,190.0,90.1,76.2,189.9,Never,Low,,119.48
33.0,,28.48,109.9,138.6,196.1,54.8,75.1,158.2,Never,Low,Yes,159.72
72.0,Male,25.62,112.3,157.0,239.8,118.9,62.0,71.3,Never,Moderate,No,204.93
59.0,Male,27.68,110.5,,229.3,106.8,70.5,61.5,Never,Moderate,No,150.88
59.0,Female,32.17,120.4,153.8,250.4,111.4,,,Never,None,,160.33
70.0,Female,21.17,118.0,118.0,249.2,57.2,67.4,126.3,Former,None,,205.18
58.0,Male,34.74,113.7,155.1,269.9,84.3,74.6,125.6,Former,Low,Yes,238.97
70.0,Female,31.91,109.1,152.3,242.3,116.0,78.6,107.1,Never,Low,No,211.71
25.0,Male,22.17,99.0,112.6,224.2,84.2,75.4,141.8,Never,Moderate,Yes,151.86
25.0,,28.92,121.1,143.8,221.5,71.3,61.6,233.5,Never,High,No,179.5
22.0,Male,31.51,94.5,137.1,230.2,78.3,69.5,167.6,Never,Moderate,Yes,157.4
26.0,Male,20.82,90.0,100.9,164.5,36.8,78.5,164.7,Former,Low,No,118.76
70.0,Male,27.21,133.0,130.3,240.5,105.9,91.1,101.9,,Low,No,164.94
27.0,Male,26.61,108.4,144.8,257.0,83.5,69.0,129.3,Never,Moderate,No,184.7
61.0,Female,23.77,120.0,139.8,192.4,,77.4,225.6,Former,High,No,231.31
71.0,Female,27.46,106.1,125.3,294.8,38.7,64.0,144.1,Current,Low,No,173.45
34.0,Female,24.0,91.2,121.2,255.7,56.0,69.3,189.1,Former,Low,No,170.52
66.0,Female,33.87,101.3,156.1,268.9,88.5,69.6,73.5,Never,None,No,212.75
48.0,Male,23.87,116.8,112.6,181.5,124.2,90.1,188.2,Never,,Yes,164.46
52.0,Male,30.96,125.6,136.5,226.0,84.5,79.6,75.1,Never,Moderate,Yes,200.54
71.0,Female,18.72,127.5,153.4,255.4,72.0,75.3,131.4,Never,Low,No,184.97
49.0,Female,26.19,135.4,183.8,186.0,99.7,55.6,139.0,Never,Moderate,No,211.2
58.0,Female,27.06,110.8,149.8,251.3,72.6,76.2,197.5,Never,High,No,154.73
46.0,Female,26.03,106.8,113.0,223.3,95.4,75.3,108.3,Never,Low,Yes,166.82
55.0,,25.02,116.0,135.9,211.1,101.5,71.2,158.2,Former,None,,167.09
48.0,Male,23.66,108.8,136.7,187.6,118.3,73.1,155.4,Never,Moderate,Yes,168.07
57.0,Male,30.77,121.6,164.0,277.2,56.3,89.6,83.5,Never,Low,No,185.9
76.0,Male,32.0,116.5,175.0,276.7,56.5,83.4,138.1,Never,Moderate,No,233.04
52.0,Female,26.59,,165.5,221.7,87.8,65.0,122.0,Never,Low,No,183.02
80.0,Female,21.52,104.5,145.4,245.9,103.8,92.8,102.7,Never,Low,No,197.63
56.0,Female,,121.0,158.1,234.7,112.9,66.1,106.3,Never,Low,No,197.07
,Female,22.6,104.4,97.9,165.2,74.5,87.0,138.9,Never,None,No,152.68
74.0,Male,19.7,109.3,121.6,273.3,,68.2,112.7,Never,High,No,178.54
52.0,Male,16.94,106.0,101.0,219.9,103.7,71.6,159.3,Former,Moderate,,138.51
23.0,Female,27.5,123.8,114.2,228.2,57.6,,174.0,Former,Moderate,No,177.96
41.0,Male,25.91,95.1,114.2,,107.2,76.8,188.5,Former,Low,Yes,168.17
21.0,Male,32.15,108.2,116.4,208.3,108.7,52.8,203.5,Former,Moderate,No,152.29
29.0,Female,30.06,108.1,155.7,219.1,77.4,73.0,233.4,Current,Moderate,Yes,159.09
24.0,Female,28.45,116.9,96.7,232.5,48.0,66.8,193.1,Never,Moderate,No,153.92
78.0,Female,25.64,123.6,,298.7,103.3,71.2,114.7,Never,Moderate,Yes,236.86
29.0,Female,32.55,90.0,155.7,203.6,133.3,74.7,213.2,Never,None,No,184.52
52.0,Female,36.34,125.3,,229.3,69.3,80.3,137.1,,None,No,192.86
73.0,Female,32.04,119.9,183.0,245.5,141.3,86.4,127.2,Former,Moderate,No,200.45
57.0,Male,24.68,130.9,129.3,211.7,59.1,62.8,10.0,Former,Moderate,No,142.6
32.0,Male,,114.2,170.4,288.1,89.8,68.6,98.7,Never,,No,214.4
50.0,Female,24.99,124.5,109.2,175.4,48.4,72.4,170.5,Former,None,,162.4
66.0,Male,21.47,148.1,163.0,307.5,101.5,79.5,191.4,Former,Low,Yes,187.86
55.0,Female,22.5,118.1,119.7,241.6,79.9,78.4,157.1,Never,Moderate,Yes,162.73
64.0,Female,25.21,136.1,170.1,233.1,95.6,66.3,152.9,Former,None,No,188.17
43.0,Female,27.52,104.5,130.0,196.0,66.7,83.1,175.3,Current,None,No,172.01
71.0,Female,37.3,128.4,186.5,256.3,90.9,78.2,115.1,Never,Low,Yes,226.91
75.0,Male,22.59,117.7,167.8,226.1,92.3,90.9,57.9,Never,None,Yes,218.63
34.0,Female,33.62,111.1,133.7,,76.0,74.4,181.6,Former,None,No,207.27
48.0,Male,25.41,116.1,155.7,238.9,88.5,54.6,65.7,Never,None,,186.05
27.0,Female,,90.0,113.7,238.1,41.9,63.5,179.8,Current,Low,Yes,112.31
24.0,Female,24.47,93.5,98.6,190.3,22.2,69.3,233.5,Former,None,No,141.72
48.0,Female,32.88,114.4,158.4,234.9,98.1,65.0,149.7,Never,Low,Yes,207.29
66.0,Male,28.72,92.6,132.4,239.0,89.7,66.1,146.5,Never,Low,No,181.03
23.0,Female,,99.2,120.0,193.0,82.2,87.8,216.2,Never,Low,Yes,183.08
31.0,Female,33.64,116.1,126.7,187.8,91.0,60.0,141.0,Former,High,No,189.27
64.0,Female,21.82,134.4,145.5,251.1,76.0,69.2,201.6,Former,Moderate,Yes,195.62
21.0,Male,21.74,90.1,101.5,201.7,62.8,71.1,214.4,Never,Low,No,91.3
46.0,Male,16.0,127.1,99.2,205.9,59.2,60.6,143.1,Current,Low,Yes,161.56
50.0,Male,31.39,127.0,128.9,244.9,40.3,71.3,11.2,Former,None,Yes,203.26
70.0,Female,29.81,95.7,141.4,235.2,97.1,53.1,108.4,Never,Moderate,No,206.71
70.0,Male,30.62,122.9,164.4,248.2,109.8,69.4,107.8,Current,None,Yes,235.57
55.0,Female,21.08,117.5,149.8,246.0,107.9,63.1,145.3,Former,None,No,198.81
55.0,Male,18.98,133.0,146.2,,79.3,70.4,207.8,Current,Low,,164.22
45.0,Male,20.4,113.7,127.3,254.8,63.8,71.9,192.6,Never,None,Yes,167.43
62.0,Female,22.39,134.6,137.6,198.8,72.8,85.9,133.6,Never,Low,Yes,142.15
46.0,Male,34.77,101.3,148.0,204.6,75.5,67.0,121.6,Never,None,No,157.31
24.0,Female,,90.0,145.0,175.9,,90.0,54.7,Never,None,Yes,177.79
39.0,Female,24.71,99.8,152.2,194.1,94.8,73.8,184.1,Current,Moderate,No,167.0
30.0,Male,28.5,122.4,131.4,199.7,,62.7,170.1,Never,Low,No,155.86
29.0,Female,,114.2,135.4,214.0,87.2,,207.2,Never,None,Yes,191.44
59.0,Female,28.82,144.4,125.3,268.2,79.4,84.6,144.7,Never,None,Yes,137.23
57.0,Male,21.31,98.3,150.1,213.0,73.7,63.8,94.9,Never,None,No,182.12
25.0,Male,30.75,113.7,139.3,223.5,100.5,88.3,182.4,Never,Moderate,No,200.45
27.0,Female,22.75,111.2,105.0,234.7,69.8,75.7,171.9,Never,,No,147.78
42.0,Male,31.03,105.5,162.8,210.4,65.2,61.9,194.9,Never,Low,Yes,190.36
66.0,Female,24.86,129.0,122.1,228.8,106.9,69.4,103.8,Never,,Yes,191.18
45.0,Female,23.05,111.9,91.2,217.3,81.1,68.7,103.8,Current,Moderate,No,152.01
65.0,Male,35.06,124.8,175.6,202.2,132.9,,129.1,Former,None,Yes,204.39
62.0,Male,27.88,126.1,154.5,251.4,114.6,63.1,120.1,Never,Low,No,212.27
31.0,Male,25.39,115.7,107.8,,59.0,85.1,121.2,Never,Low,No,116.47
45.0,Male,30.79,111.3,150.9,247.6,81.5,82.7,107.8,Never,Moderate,No,175.55
32.0,Female,20.3,125.7,142.9,188.1,107.3,86.3,219.1,Current,Moderate,No,159.9
59.0,,32.53,114.0,158.3,226.1,64.6,74.0,122.4,Former,,Yes,195.07
37.0,Male,26.3,129.3,177.6,185.1,133.6,82.9,208.9,Never,Moderate,No,181.36
44.0,Male,30.0,96.3,127.5,238.8,86.8,70.2,257.6,Current,None,No,133.63
52.0,Female,,101.6,89.0,231.8,84.4,82.2,121.9,Former,Low,No,152.85
66.0,Female,,108.6,119.4,224.3,83.9,74.9,82.8,Never,None,Yes,182.98
59.0,Female,27.02,128.0,103.5,283.6,72.4,89.7,72.2,Never,Moderate,No,159.3
79.0,Female,32.15,115.9,200.5,258.9,98.8,77.5,169.8,,Low,No,232.54
62.0,,30.4,135.8,151.5,239.9,84.8,66.2,118.4,Never,None,No,212.46
31.0,Female,,97.6,163.9,207.1,33.6,84.9,159.4,Never,None,No,167.5
63.0,Female,28.59,123.1,142.7,219.8,97.3,75.7,105.6,Former,None,No,195.48
55.0,Male,33.28,122.4,136.7,209.9,130.8,68.4,126.9,Former,Moderate,No,176.85
67.0,Female,26.0,108.0,115.6,228.6,57.2,68.9,265.9,Current,Moderate,No,173.55
23.0,Female,25.46,90.0,118.9,216.5,44.3,62.6,126.6,Never,None,No,181.08
24.0,Male,17.55,104.2,129.1,137.6,114.7,57.8,48.5,Former,Moderate,No,159.04
75.0,Male,25.6,120.4,145.7,203.8,94.3,71.0,110.9,Current,None,No,176.45
56.0,Male,18.3,121.2,100.7,,90.2,75.1,102.1,,Moderate,No,146.78
27.0,Female,26.43,90.0,141.2,153.4,95.5,67.5,195.4,Former,Low,,142.26
61.0,Female,31.94,113.2,168.7,201.8,73.6,50.0,126.9,Never,Low,Yes,196.35
68.0,Male,16.4,118.4,122.3,250.2,97.8,60.4,183.4,Former,Low,No,146.49
47.0,Male,,90.0,137.4,218.2,72.3,81.0,27.4,Never,Low,No,170.33
50.0,Female,25.35,124.4,107.3,199.3,54.4,71.8,168.1,Never,High,No,118.47
77.0,Male,26.86,115.6,163.9,253.1,106.4,59.6,187.8,Current,Moderate,Yes,198.72
28.0,Male,24.49,120.6,118.5,205.3,80.3,67.8,134.7,Current,Moderate,Yes,165.57
73.0,Male,18.43,114.5,89.1,267.3,75.3,75.8,93.4,Never,Moderate,Yes,182.91
70.0,Female,23.09,115.2,116.7,188.2,84.2,83.0,94.1,Former,Low,Yes,183.39
48.0,Female,37.49,96.7,166.7,211.0,111.6,66.5,108.4,Former,None,No,191.67
33.0,Female,21.52,118.6,118.1,186.0,104.9,77.1,212.3,Never,High,No,126.69
59.0,Female,19.06,122.0,111.6,233.8,78.7,73.3,77.3,Never,Low,No,151.47
60.0,Female,27.71,133.8,147.3,316.0,118.3,70.3,161.0,Current,Low,No,191.74
41.0,Female,26.57,106.0,120.8,232.9,102.2,79.9,60.6,Never,,No,149.6
30.0,Male,25.38,103.0,117.5,197.6,92.4,,85.1,Never,Low,Yes,170.16
42.0,Female,27.07,90.0,132.4,184.0,68.7,80.7,149.1,Never,None,Yes,151.19
20.0,Female,30.22,91.5,162.7,164.8,113.5,60.1,103.6,Never,Low,Yes,172.63
65.0,Male,24.06,121.3,173.0,260.1,105.0,68.8,60.8,Never,Low,No,170.9
56.0,Female,27.97,119.8,109.5,209.5,43.8,69.8,195.6,Current,Low,Yes,168.21
40.0,Female,,129.9,143.2,212.8,59.1,71.0,170.6,Never,Low,Yes,199.12
45.0,Male,22.02,90.0,104.3,,44.8,50.0,141.8,Never,None,Yes,136.61
65.0,Male,16.0,122.0,110.7,176.3,47.5,74.9,156.4,Never,Low,Yes,168.29
55.0,Male,30.35,110.2,114.9,241.5,51.1,56.8,53.1,Former,High,No,187.07
73.0,,39.51,123.8,155.5,236.8,107.8,76.1,61.9,Former,Moderate,No,199.73
42.0,Male,26.96,110.1,115.6,263.7,77.3,74.6,154.5,Current,Moderate,No,189.88
76.0,Female,28.01,,172.5,223.5,114.8,83.7,30.6,Never,None,,219.48
20.0,Female,25.52,90.0,109.7,214.9,48.7,58.4,82.9,Current,Low,Yes,166.29
73.0,Female,34.94,107.0,128.7,205.5,46.1,76.7,94.9,Never,Moderate,,212.26
74.0,Female,26.61,120.1,150.8,289.7,68.8,74.3,122.3,Current,None,No,212.52
70.0,Male,26.07,104.5,145.0,267.6,101.0,69.3,103.4,Current,None,Yes,215.25
59.0,Male,31.55,115.2,147.3,223.5,103.0,63.8,75.5,Never,Moderate,Yes,191.54
34.0,Female,24.58,102.3,140.6,,79.2,72.2,,Former,Moderate,No,151.78
40.0,Male,20.58,90.0,148.1,234.6,93.9,84.0,129.1,Current,Moderate,No,160.46
66.0,Female,31.41,142.9,150.0,249.5,76.3,71.9,160.2,Never,Low,Yes,198.96
28.0,Female,24.04,103.5,130.8,190.6,64.8,82.3,236.8,Never,,Yes,174.81
72.0,Female,22.12,93.2,,235.8,92.1,84.9,117.5,Never,Low,Yes,172.56
28.0,Male,37.5,105.6,156.7,222.0,104.4,51.8,46.9,Never,None,Yes,208.61
29.0,Female,26.11,100.6,103.4,206.6,110.6,63.4,200.5,Former,,Yes,118.55
71.0,Female,29.47,106.1,,259.4,70.9,69.5,150.8,Never,Low,No,173.93
76.0,Male,27.15,127.9,157.7,220.1,65.5,86.8,79.3,Current,None,Yes,194.36
72.0,Male,22.57,111.1,126.2,221.0,68.3,74.4,101.8,Never,None,Yes,154.09
45.0,Male,30.45,112.6,183.7,214.2,112.8,84.0,216.7,Former,Moderate,No,210.06
60.0,,28.57,108.6,123.2,249.3,122.3,72.4,211.3,Former,Moderate,Yes,175.39
54.0,Female,23.7,103.4,143.2,181.6,88.2,85.0,85.7,Never,Low,No,150.7
71.0,Male,29.17,121.8,136.4,251.1,63.8,78.6,236.1,Never,Moderate,No,188.16
44.0,Female,24.43,90.3,144.3,238.2,60.4,71.5,164.0,Never,Low,No,193.01
45.0,Male,21.48,109.3,165.6,214.8,80.1,83.0,276.1,Never,High,No,188.7
30.0,Male,20.97,111.4,136.0,201.4,87.7,66.7,77.2,Former,High,No,153.77
57.0,Male,28.35,130.9,143.9,224.7,101.0,,97.7,Never,Moderate,Yes,197.5
21.0,Male,25.09,112.5,141.3,198.3,89.3,57.3,40.0,Current,Low,No,156.31
26.0,Male,34.51,117.9,131.3,200.9,65.1,67.0,143.8,Current,Low,No,186.23
37.0,Male,26.79,101.2,143.3,208.5,56.4,72.7,190.1,Never,Low,No,165.29
46.0,Female,23.07,98.4,134.2,204.0,96.4,65.8,237.7,Never,Low,Yes,184.77
53.0,Male,27.79,123.6,121.4,223.8,65.4,76.6,,Never,Moderate,No,167.91
46.0,Male,20.53,104.5,159.3,204.2,80.5,71.4,155.8,Former,Moderate,No,176.79
36.0,Male,26.58,,156.1,178.9,67.3,74.6,128.7,Former,High,No,149.7
62.0,Male,28.6,126.9,133.2,195.8,47.4,65.8,161.1,Never,Low,No,132.78
78.0,Female,27.98,149.4,173.3,253.8,131.9,65.9,100.1,Never,Low,Yes,220.96
63.0,Male,33.51,124.7,135.8,262.2,68.0,73.6,105.9,,None,,162.53
78.0,Male,39.99,127.6,182.4,310.7,55.6,81.6,11.3,Never,None,Yes,221.09
70.0,Male,30.36,108.0,155.9,278.2,93.2,,130.3,,None,Yes,207.41
73.0,Male,32.89,136.9,190.7,278.8,98.5,58.2,192.5,Former,Low,No,212.13
43.0,Female,39.72,114.3,163.9,241.8,51.2,70.5,69.2,Never,,No,177.11
,Male,21.97,105.6,102.1,216.5,95.8,76.3,188.2,Never,None,No,126.66
26.0,Female,27.65,96.3,149.3,182.3,101.8,74.2,158.6,Current,Moderate,No,197.61
71.0,Male,24.61,117.1,138.4,215.6,102.0,63.5,10.0,Current,Low,No,182.71
25.0,Female,31.21,101.8,127.4,213.4,85.5,64.3,136.1,Never,,Yes,174.55
72.0,Female,28.36,104.9,153.3,223.3,60.0,74.4,97.6,Former,Low,No,185.51
43.0,Male,22.91,124.0,120.7,,75.9,96.4,162.8,Never,Low,,191.25
52.0,Male,27.05,125.8,174.0,157.0,85.3,81.4,160.9,Current,High,Yes,210.48
68.0,Female,32.23,118.6,171.7,261.2,80.8,77.4,123.5,Current,None,Yes,226.96
48.0,Female,20.48,106.7,108.8,185.9,109.1,50.0,172.1,Current,Moderate,No,115.07
62.0,Male,23.01,117.6,126.6,190.7,57.5,61.9,71.7,Never,Low,Yes,164.63
41.0,Female,22.26,110.2,105.5,231.1,,61.0,130.2,Never,High,No,144.1
45.0,Female,28.63,106.6,158.5,249.7,91.3,75.6,128.5,Never,Moderate,No,164.12
47.0,Female,33.2,,148.1,228.1,95.5,71.3,199.1,Former,Low,No,157.13
69.0,Male,16.95,104.0,115.6,209.1,,68.6,13.8,Never,High,No,149.87
40.0,Female,27.47,99.5,165.2,236.8,89.2,75.0,174.1,Former,Low,No,230.75
68.0,Female,22.38,,150.5,213.8,94.1,60.6,198.6,Never,Moderate,Yes,165.6
26.0,Female,32.03,105.6,141.3,,58.0,63.5,160.6,Former,Low,Yes,180.09
36.0,Male,25.82,98.0,135.0,248.7,94.9,71.1,327.1,,None,No,155.62
39.0,Male,27.65,,112.4,226.6,116.9,88.7,115.2,Never,Moderate,No,168.48
60.0,,26.99,107.5,155.3,232.8,79.9,81.7,115.4,,Low,No,218.04
68.0,Male,32.62,116.9,150.3,240.9,105.3,78.1,85.3,Never,Moderate,No,153.84
39.0,Female,37.24,120.1,167.8,229.7,62.7,68.3,129.7,Never,Low,Yes,185.75
73.0,Male,21.33,134.0,153.5,245.9,81.1,74.5,145.7,Never,None,No,208.91
41.0,Male,22.24,111.9,127.9,179.3,73.3,83.0,120.0,Former,Low,Yes,170.77
47.0,Female,28.61,98.5,139.5,258.3,91.6,89.0,89.5,,Low,Yes,174.51
80.0,Male,22.92,121.5,,234.0,94.1,73.0,17.5,Never,High,No,196.62
59.0,Male,31.67,117.7,128.2,233.5,104.7,77.6,115.4,Never,Low,No,142.97
68.0,Male,32.47,138.1,147.2,271.2,75.2,82.5,114.7,Current,Low,No,207.38
26.0,Female,24.27,90.0,146.0,196.0,102.2,74.6,136.9,Never,Low,No,159.35
20.0,Male,23.18,90.0,147.8,217.8,90.3,58.6,281.3,Never,Moderate,No,154.52
51.0,Male,25.63,126.5,136.5,222.9,59.0,66.2,166.8,Former,High,Yes,173.99
32.0,Female,27.52,120.7,120.8,212.4,28.3,78.0,118.7,Former,,No,161.9
49.0,Male,28.57,111.2,130.5,232.3,83.9,67.6,,,Low,No,147.41
42.0,,16.0,127.4,93.7,214.1,52.7,88.3,184.4,Never,Moderate,No,123.58
70.0,Male,22.16,112.7,178.0,252.5,103.4,71.6,113.7,Never,None,No,198.95
78.0,Male,24.98,107.0,147.4,277.1,58.9,63.0,84.2,Former,Low,Yes,186.14
75.0,Male,23.02,133.2,153.9,,100.6,84.1,55.8,Never,Moderate,Yes,203.94
38.0,Female,16.0,122.6,126.3,,113.7,68.6,218.3,,None,No,134.58
51.0,Female,17.56,128.3,152.8,254.4,83.2,70.4,122.3,Never,Low,Yes,192.0
49.0,Male,20.47,101.7,122.3,168.1,33.9,80.5,122.4,Never,Low,No,134.35
48.0,Male,26.42,114.0,132.6,204.9,80.2,63.7,195.1,Never,Moderate,No,166.37
68.0,Male,24.82,,160.3,234.6,75.4,75.0,117.6,Former,Low,No,204.07
64.0,,,122.4,109.6,200.9,52.5,63.0,254.7,Never,None,No,143.32
48.0,Female,30.98,129.0,173.0,236.3,90.9,73.3,104.9,Former,None,No,195.15
49.0,Male,30.98,107.2,177.9,250.1,119.2,58.0,112.5,Former,High,No,195.77
35.0,Male,27.75,104.9,139.6,192.6,71.2,64.0,106.9,Former,Low,,160.59
59.0,Female,27.6,119.4,128.8,247.0,95.4,81.6,78.2,Never,None,No,198.17
38.0,Male,22.72,117.1,143.8,232.2,80.6,83.5,165.1,Current,None,No,192.37
37.0,Female,23.32,104.3,125.5,154.4,76.9,63.8,182.7,Current,None,No,157.7
,Female,18.46,110.1,,191.9,99.7,62.3,138.0,Never,None,No,127.33
33.0,Male,25.75,124.1,135.0,218.6,76.1,72.4,149.6,Never,,No,189.01
70.0,Female,30.93,115.3,144.1,222.5,102.3,67.1,125.6,Former,Low,No,214.95
,Male,33.77,117.7,165.0,214.8,87.7,82.5,188.7,Never,Moderate,Yes,170.27
69.0,Male,25.78,132.7,121.0,221.4,89.6,61.8,,Never,None,No,163.22
21.0,Male,29.46,122.6,92.1,197.0,61.4,64.8,167.9,Current,Low,Yes,155.24
73.0,,16.0,130.5,140.0,210.5,87.8,91.0,135.1,Former,Low,No,161.87
47.0,Male,24.84,101.7,154.7,235.1,94.8,76.0,157.2,Former,Low,No,148.76
68.0,,24.72,,135.9,250.3,97.4,79.5,119.9,Former,None,No,161.88
69.0,Female,34.46,132.6,150.9,262.4,98.4,,171.2,Never,Low,Yes,227.46
49.0,Female,28.96,102.3,155.0,262.0,70.7,59.6,94.7,Never,Low,Yes,172.97
57.0,Female,29.47,102.7,147.4,252.7,126.6,87.3,116.2,Never,None,Yes,177.68
70.0,Female,29.21,117.4,143.0,253.9,85.6,76.2,81.5,Former,Moderate,Yes,199.91
23.0,Male,27.23,,134.4,166.8,102.2,79.2,120.1,Never,None,No,153.83
20.0,Female,34.66,,139.6,240.5,31.3,67.9,165.4,Former,Moderate,No,160.18
27.0,Female,16.0,93.8,90.3,225.6,84.3,70.7,207.3,Never,Moderate,No,136.19
48.0,Female,27.73,,139.0,215.0,100.5,69.0,90.8,Former,Low,No,186.17
74.0,Male,32.65,136.4,163.8,231.4,97.5,76.6,161.0,Former,High,No,189.86
58.0,Female,17.54,119.6,119.6,241.1,27.2,69.2,106.5,Former,,No,132.4
22.0,Male,31.19,104.4,151.5,154.4,72.1,,104.5,Never,High,Yes,185.75
51.0,Female,23.19,125.0,143.8,232.2,62.8,71.1,,Former,High,No,178.67
29.0,Male,27.55,122.2,127.1,248.8,105.1,75.9,203.6,,Moderate,Yes,188.46
29.0,Male,23.1,120.9,127.4,190.5,53.1,81.6,93.8,Never,None,No,152.0
38.0,Female,31.8,90.0,136.2,227.3,94.9,59.7,253.1,Current,Low,No,157.14
65.0,,25.56,120.4,141.1,239.6,78.0,82.0,126.1,Never,Moderate,No,174.0
53.0,Male,31.23,124.8,145.4,262.5,109.7,66.8,,Current,None,No,217.5
79.0,Female,29.18,145.9,125.4,257.0,83.9,66.1,48.9,Current,Moderate,Yes,187.48
52.0,Female,23.03,121.1,135.7,212.1,,64.4,175.5,Former,Moderate,No,162.25
42.0,Female,29.51,98.6,146.8,178.6,69.4,95.6,59.0,Never,High,Yes,159.26
74.0,Male,23.68,114.6,190.5,245.0,92.0,81.4,146.8,Never,Low,No,174.35
47.0,Male,27.32,102.8,147.8,220.9,18.7,62.2,70.4,Never,Low,Yes,156.78
51.0,,25.47,116.6,126.9,167.0,118.4,67.9,151.3,Former,Low,Yes,133.89
69.0,Female,31.5,115.3,126.9,219.9,108.3,62.1,187.3,Never,Moderate,No,147.68
26.0,Male,29.7,90.0,115.2,190.3,76.8,59.0,174.4,Former,Low,Yes,161.72
48.0,Male,26.85,97.5,130.6,206.4,101.4,60.4,180.7,Former,Low,Yes,179.66
27.0,Male,23.57,96.8,116.2,199.2,74.9,61.6,192.7,,None,Yes,124.29
20.0,Male,20.66,90.0,112.8,186.8,84.1,77.3,96.3,Current,Low,Yes,128.66
76.0,Male,27.68,109.6,146.2,247.6,107.9,84.5,42.0,Never,Low,Yes,191.69
74.0,Male,23.84,147.9,142.3,305.9,79.6,66.4,13.5,Former,Moderate,Yes,247.87
22.0,Male,17.61,99.8,105.5,175.3,88.9,66.8,174.2,Former,Low,Yes,124.97
43.0,Female,20.35,104.7,127.2,185.8,,79.8,132.8,Current,None,Yes,157.31
42.0,Female,35.13,116.9,133.8,272.3,86.6,72.5,84.3,Never,Low,No,203.44
78.0,Female,23.7,138.9,125.4,287.0,,78.2,125.2,Never,Moderate,Yes,208.58
,Male,32.41,152.9,158.6,228.8,83.0,70.5,193.4,Current,High,No,222.19
27.0,Male,25.22,122.6,135.3,236.1,,,190.7,Never,None,No,180.39
73.0,Female,33.2,128.1,140.8,202.2,79.0,90.1,186.8,Never,Low,Yes,211.29
76.0,Male,32.84,105.8,151.4,330.0,112.4,81.4,87.4,Never,Moderate,Yes,201.47
66.0,Female,22.87,107.7,138.7,284.1,82.3,68.7,127.2,Current,None,No,188.21
56.0,Male,17.06,110.4,124.4,232.5,140.6,61.4,144.2,Never,,No,145.35
22.0,Male,17.48,106.0,126.4,211.6,58.6,86.3,203.7,,Low,Yes,136.88
70.0,Female,22.96,122.6,160.1,250.3,103.3,77.3,29.7,Former,Low,No,202.6
52.0,Female,36.45,95.7,160.7,220.7,110.9,74.0,212.9,Former,Low,No,182.61
47.0,Female,24.95,91.3,157.8,253.2,81.7,79.0,147.6,Never,High,No,177.82
66.0,Female,27.73,122.8,142.4,278.4,58.1,74.3,189.4,Current,None,Yes,216.3
27.0,Female,33.52,103.6,155.9,192.5,79.6,68.6,210.7,Never,,No,176.47
53.0,Male,27.55,111.3,131.9,227.6,52.1,93.0,11.7,Former,None,No,170.52
54.0,Male,27.38,120.1,148.4,194.7,68.8,83.8,146.8,Never,Low,,171.28
51.0,Male,30.11,127.9,157.7,228.7,98.7,87.8,158.1,Current,Low,No,169.23
43.0,Female,,113.1,140.9,213.2,141.3,86.5,126.4,Never,None,No,182.79
33.0,Female,26.5,93.6,114.9,244.2,113.4,53.6,147.8,Former,Moderate,No,150.9
51.0,Female,23.39,135.9,105.3,266.1,,80.4,82.7,Never,Moderate,,165.6
75.0,Female,27.39,121.6,162.6,218.3,112.7,79.3,101.0,Never,Low,No,219.08
65.0,,32.47,119.8,151.3,267.2,80.0,68.5,100.3,Never,Low,No,204.93
62.0,Female,35.91,110.1,156.7,272.1,70.7,100.2,,Never,None,Yes,209.65
35.0,Male,28.46,92.9,163.3,164.6,90.3,73.0,125.4,Never,Low,Yes,185.55
23.0,Male,30.78,90.0,117.6,232.7,28.0,66.0,26.5,Never,,No,173.37
71.0,Male,28.35,107.4,165.6,204.4,56.0,73.2,84.6,Current,Low,No,188.92
56.0,Male,26.56,90.0,129.4,215.6,100.4,78.9,76.6,Former,Low,No,177.09
73.0,Male,29.57,121.0,152.0,223.9,118.2,78.7,65.5,Never,High,Yes,182.78
40.0,Female,32.95,121.2,126.2,179.8,24.4,67.3,,Never,Moderate,No,168.56
33.0,Female,22.57,93.0,112.6,234.9,106.5,79.0,134.5,Never,None,No,114.36
50.0,Female,19.74,143.2,136.5,189.3,108.3,73.1,83.2,Never,Moderate,Yes,178.99
74.0,Female,24.33,139.9,170.5,232.1,87.0,72.5,60.9,Former,None,Yes,230.77
67.0,Female,28.06,119.9,157.7,241.6,100.2,72.3,123.4,Never,Low,No,177.99
37.0,Female,31.35,93.3,147.3,239.9,126.5,61.3,233.2,Never,Low,Yes,178.96
26.0,Male,22.05,90.0,167.9,169.9,120.7,62.2,160.9,Current,Low,No,157.27
29.0,Female,16.0,101.7,123.7,205.5,89.2,61.6,209.9,Never,Moderate,No,143.68
26.0,Female,24.45,102.5,109.0,193.7,59.2,50.0,148.3,Never,Moderate,No,117.98
52.0,Female,26.03,110.9,109.7,197.4,64.4,76.0,266.4,Former,Moderate,Yes,137.21
42.0,Female,21.19,121.7,134.6,238.9,97.5,63.0,77.5,Never,None,No,171.71
40.0,Male,23.22,126.0,104.8,269.4,83.6,68.3,31.4,Former,Low,No,141.55
38.0,Male,31.34,112.8,124.2,225.6,104.0,69.1,192.0,Never,High,,192.85
67.0,Female,27.39,126.5,154.4,223.9,57.3,65.3,157.1,Never,Moderate,Yes,218.6
80.0,Male,28.73,122.2,175.7,233.7,106.3,71.9,10.0,Former,Low,Yes,198.24
38.0,Male,25.22,107.0,127.3,234.6,95.4,72.6,134.6,Never,High,No,204.39
55.0,Female,23.23,119.7,115.2,225.1,70.0,66.9,226.2,Never,None,Yes,157.34
48.0,Female,25.19,107.8,134.3,191.2,134.4,64.4,182.9,Former,None,No,159.71
79.0,Female,29.49,133.5,152.8,207.0,69.5,69.6,21.0,Former,Moderate,No,209.57
37.0,Female,19.54,94.0,125.0,214.4,77.5,80.3,32.1,Never,,Yes,184.0
21.0,Female,35.25,90.7,119.2,174.3,92.8,65.4,247.1,Current,None,No,175.36
20.0,Male,29.87,90.0,116.7,190.6,94.9,71.9,112.3,Current,,No,189.26
66.0,Female,24.32,111.7,162.0,281.6,86.3,69.6,170.9,Never,None,No,193.37
24.0,Female,31.07,97.4,149.2,183.7,81.8,69.8,194.5,Never,Low,No,170.11
39.0,Female,33.11,119.9,166.5,252.6,108.6,79.5,140.6,Never,None,No,200.67
30.0,Male,25.35,104.0,95.7,176.4,78.7,,108.8,Never,None,No,133.62
61.0,Female,25.92,102.0,128.0,258.1,81.8,93.7,204.1,Former,Low,Yes,151.8
21.0,Female,34.47,90.0,157.4,224.8,49.2,73.7,34.7,Former,None,Yes,152.46
22.0,Female,37.59,94.9,155.7,227.3,92.7,72.4,217.5,Never,Low,No,158.44
42.0,Male,27.15,118.9,144.7,201.0,121.2,62.7,121.3,Former,Low,No,187.46
74.0,Female,21.21,140.1,135.7,257.0,,80.6,68.5,Current,Low,Yes,191.31
31.0,Female,24.65,90.0,117.2,215.4,59.0,86.3,142.4,Former,Moderate,No,131.23
39.0,Female,32.17,112.0,144.6,,53.5,65.1,203.9,Never,None,No,196.95
24.0,Male,21.85,96.0,112.7,177.8,95.5,61.7,86.8,Never,Low,No,125.36
56.0,Female,25.96,111.3,151.2,265.2,77.8,73.7,144.8,Former,Moderate,No,143.47
,Female,28.46,102.9,146.9,208.1,115.8,64.3,158.6,Former,None,No,150.51
49.0,Female,22.39,109.4,115.4,,104.3,68.7,121.9,Former,High,,156.14
28.0,Male,32.48,90.0,151.0,194.5,84.6,78.6,91.0,Never,None,Yes,163.58
53.0,Female,30.47,110.7,170.2,218.4,101.7,89.0,84.0,Never,None,Yes,197.94
72.0,Female,37.05,136.2,190.5,253.6,111.6,82.5,210.2,Never,None,Yes,230.79
63.0,Female,30.91,125.9,,282.2,66.3,66.1,172.2,Former,Low,Yes,213.48
54.0,,22.2,137.3,147.2,235.2,124.1,70.6,161.4,Former,Low,No,176.32
71.0,Male,29.65,128.3,133.5,282.0,92.7,71.3,230.2,Current,Low,No,203.08
,Female,31.94,126.7,148.7,256.2,,75.9,64.3,Current,High,Yes,233.91
41.0,Male,32.2,115.1,141.9,259.7,106.4,80.0,139.2,Never,Low,Yes,197.92
63.0,Male,23.12,109.0,151.0,238.1,94.6,66.6,122.9,Current,Moderate,No,202.28
43.0,Male,22.52,90.0,119.6,190.9,52.9,91.9,206.3,Never,None,No,115.03
36.0,Female,21.3,115.8,119.8,234.7,,62.3,54.6,Never,Moderate,,118.58
29.0,Female,35.02,90.0,154.2,258.2,41.8,63.6,155.5,Never,Moderate,Yes,170.21
49.0,Male,30.11,125.5,147.7,246.1,,65.5,132.8,Never,Low,Yes,196.06
75.0,Male,22.89,132.8,151.4,265.5,100.1,96.9,154.8,Former,Low,No,208.17
78.0,,27.64,114.9,,286.9,80.0,89.7,82.9,Never,None,Yes,175.22
65.0,Female,26.38,114.0,140.7,230.2,58.8,66.7,185.3,Former,None,Yes,187.35
42.0,Female,22.14,108.8,120.9,191.5,66.4,68.0,161.4,Former,Moderate,,168.48
51.0,Male,27.18,101.9,141.4,236.4,76.4,72.0,88.2,,Low,Yes,174.65
36.0,Male,27.95,112.7,128.1,262.1,98.9,67.3,176.3,Never,Moderate,Yes,165.31
69.0,Male,36.66,128.6,154.5,263.2,120.6,,108.3,Never,Low,No,214.06
,Male,23.72,104.2,,,26.1,78.8,140.9,Former,None,No,161.89
36.0,,18.45,96.3,158.5,203.5,88.7,73.5,79.4,Never,,Yes,159.58
33.0,Male,21.76,104.4,135.2,211.2,69.0,78.8,132.4,Current,None,No,155.68
28.0,Female,22.54,116.3,91.6,184.7,61.3,75.0,207.8,Former,Low,Yes,135.47
59.0,Male,24.87,124.4,147.7,245.8,105.2,79.6,201.2,Never,Low,No,169.71
21.0,Male,21.77,90.0,110.0,216.8,62.5,72.0,182.3,Never,Moderate,No,84.06
64.0,Male,31.11,115.3,136.6,201.0,97.9,89.4,106.4,Never,None,No,175.49
44.0,Male,21.42,115.5,141.7,170.4,128.4,73.5,107.2,Current,None,No,192.79
58.0,,27.1,106.5,145.8,183.3,76.1,72.1,86.3,,Low,No,165.34
28.0,Female,37.0,92.1,191.6,259.6,97.3,78.2,113.2,Former,Low,No,188.95
73.0,Male,29.77,113.9,153.4,223.5,83.4,79.8,64.7,Never,None,No,198.38
41.0,Male,29.25,104.8,,229.8,135.2,71.9,135.4,Never,None,,168.59
62.0,Male,36.29,106.2,182.5,298.0,87.9,59.0,89.0,Never,Low,Yes,207.67
65.0,Female,33.23,127.2,157.8,256.0,122.6,86.7,148.9,Never,Low,Yes,222.66
23.0,Female,29.83,90.0,114.0,218.9,74.1,,176.1,Never,Low,Yes,146.38
45.0,Female,25.45,97.8,120.1,195.0,80.8,64.7,196.9,Former,None,No,152.25
77.0,Female,26.89,119.9,146.8,258.6,104.6,78.7,138.8,Never,Low,Yes,212.46
48.0,Male,26.64,129.3,151.1,195.0,79.7,67.9,179.9,Current,,Yes,192.62
64.0,Male,24.99,125.1,166.7,181.8,115.0,78.7,74.4,Former,Low,No,181.04
53.0,Male,28.06,120.9,158.2,230.6,84.3,83.1,156.2,Current,Low,No,198.92
42.0,Female,28.75,112.3,150.1,229.2,64.0,71.0,152.9,Never,Low,No,131.49
56.0,Male,20.78,,153.2,207.6,111.0,79.7,18.0,Never,Low,No,186.83
30.0,Male,35.16,95.8,155.9,196.8,103.0,58.5,146.9,Never,Low,No,159.63
25.0,Female,29.05,91.5,116.5,199.3,62.9,63.1,99.2,Current,Low,Yes,163.6
37.0,Female,25.69,119.7,128.8,191.3,105.4,79.9,60.0,Never,Moderate,No,163.52
40.0,Female,28.11,111.5,128.7,238.3,58.4,66.2,123.9,Never,Low,No,168.68
61.0,Male,,97.4,175.8,253.6,105.8,66.2,87.2,Former,Moderate,No,207.56
55.0,Male,19.67,132.2,114.0,265.7,37.7,66.7,86.1,Never,Moderate,Yes,153.51
60.0,Female,26.47,113.0,127.5,223.5,71.1,63.9,43.9,Former,Low,No,158.2
57.0,Male,21.07,123.5,137.4,225.6,,82.4,223.5,Former,Moderate,No,153.85
53.0,Female,40.29,126.5,198.0,249.9,76.6,82.7,60.8,Never,High,No,221.48
36.0,Female,27.69,90.0,148.7,203.0,87.6,64.8,126.1,Former,Low,Yes,146.32
56.0,Male,21.11,120.7,152.7,167.3,95.8,63.3,164.1,Current,Low,No,123.52
44.0,Female,,106.8,146.9,255.5,99.9,71.5,191.2,Current,Moderate,No,206.73
57.0,Female,,90.0,,293.3,88.1,62.8,65.1,Never,Low,No,205.75
77.0,Female,25.95,111.1,131.2,276.0,90.4,81.3,95.7,Never,Low,No,156.39
31.0,Male,26.32,98.5,144.2,261.9,60.8,71.4,179.5,Never,Moderate,No,180.7
42.0,Female,22.76,,102.0,237.5,51.3,68.9,155.6,Current,Low,Yes,135.45
72.0,Female,28.24,120.3,146.5,242.3,85.9,83.8,133.1,Never,Low,No,182.08
61.0,Female,16.0,119.2,91.1,237.5,47.6,65.2,56.5,Current,None,Yes,163.45
41.0,Female,32.43,,129.4,254.0,80.4,68.2,94.7,Never,Moderate,No,203.1
40.0,Female,21.36,121.1,101.5,164.0,56.2,61.2,132.7,Never,Moderate,No,137.09
46.0,Female,24.92,117.0,147.3,231.3,83.1,60.1,118.4,Current,Low,No,157.43
76.0,Female,,126.2,160.1,250.6,54.4,66.7,117.6,Current,Moderate,No,203.14
50.0,Male,25.98,98.8,130.6,,43.1,65.5,73.9,Former,Low,No,171.62
25.0,Male,26.18,,130.2,212.0,64.8,62.7,208.2,Never,None,Yes,202.66
46.0,Female,21.94,144.1,115.8,146.0,46.4,71.7,70.0,Never,Low,Yes,198.69
59.0,Male,37.48,126.1,167.3,259.1,35.8,72.6,136.6,Former,None,No,216.17
53.0,Male,29.66,105.0,144.9,173.5,96.3,59.1,84.6,Former,None,No,159.18
31.0,Female,21.59,126.2,164.5,236.6,114.0,78.5,134.5,Current,None,No,188.59
64.0,Male,27.89,109.4,177.8,217.4,116.5,60.3,38.4,Never,Low,No,173.28
76.0,Female,21.23,132.8,160.1,209.3,87.9,59.3,99.4,Never,High,Yes,180.46
72.0,Female,35.61,121.8,169.6,234.5,90.8,83.9,148.8,Former,None,Yes,233.17
26.0,Female,28.0,103.9,139.1,179.8,85.9,61.0,223.2,Never,None,No,168.43
29.0,Female,22.12,105.7,145.8,195.5,,74.3,145.5,Never,High,Yes,182.13
64.0,Female,30.49,115.8,157.8,218.1,49.7,68.7,52.4,Never,Moderate,No,179.39
36.0,Male,25.61,101.5,138.5,202.3,109.6,62.6,189.4,Former,Moderate,Yes,139.95
45.0,Female,20.56,94.4,117.8,169.0,76.5,61.7,155.6,Never,None,Yes,143.15
40.0,Male,28.91,94.5,126.9,211.5,78.4,75.4,131.7,Current,Low,No,144.5
47.0,Female,28.76,115.2,140.2,264.5,77.1,64.2,105.0,Never,None,No,158.57
77.0,Female,32.69,116.5,114.9,,88.3,84.8,101.0,Never,Moderate,Yes,193.37
65.0,Female,27.32,108.3,147.4,256.5,84.0,60.3,120.1,Never,Low,No,221.44
21.0,Male,27.54,133.4,124.1,164.5,67.7,83.2,202.6,Current,Low,No,156.36
79.0,Female,27.8,155.4,170.9,,,56.4,59.3,Former,Low,No,214.38
73.0,Female,34.98,129.8,185.9,288.0,101.5,77.2,74.1,Never,Moderate,Yes,212.72
62.0,Female,25.45,126.6,189.9,273.8,76.1,63.2,108.3,Current,None,No,196.81
20.0,Female,29.35,90.0,141.4,206.8,115.6,56.1,84.3,Former,None,No,160.36
70.0,Male,30.08,107.3,157.4,265.9,76.7,73.5,151.8,Never,Moderate,Yes,153.3
72.0,Female,28.75,118.3,143.2,211.3,67.6,80.6,144.7,Never,Moderate,Yes,168.45
55.0,Male,25.26,114.8,121.3,216.6,69.1,71.4,143.9,Current,None,No,172.99
70.0,Female,27.6,130.1,167.1,,113.5,74.0,247.1,Former,None,No,220.84
45.0,Male,26.53,90.0,137.2,,77.1,74.2,173.9,Never,Low,Yes,176.82
48.0,Male,36.8,137.4,163.1,221.2,117.7,78.2,207.8,Current,Low,No,188.69
40.0,Female,24.71,111.0,132.9,232.4,74.3,86.8,144.4,Never,None,Yes,148.12
30.0,Female,22.44,90.0,125.2,270.3,47.6,64.5,119.8,Former,Moderate,Yes,161.81
59.0,Male,26.97,118.4,148.6,250.6,68.7,77.8,44.8,Former,Low,No,182.68
30.0,Female,26.62,92.7,138.7,246.1,68.4,66.0,166.8,Former,Moderate,Yes,159.98
55.0,Female,27.98,103.1,161.5,197.7,105.8,71.6,157.3,Former,Low,No,194.17
68.0,Female,24.71,107.9,,235.9,68.0,80.4,166.9,,None,No,135.38
78.0,Male,27.55,122.0,164.7,257.1,,76.7,79.1,Former,Moderate,Yes,197.53
58.0,Female,27.65,141.3,122.2,235.0,45.9,66.7,161.5,Current,None,No,165.77
59.0,,31.53,117.7,164.6,290.7,52.3,74.5,52.5,Never,Low,No,239.28
54.0,Female,27.47,,149.0,208.5,145.5,76.3,133.4,Never,Low,No,193.57
73.0,Male,27.51,134.1,150.5,255.5,71.2,80.3,141.6,Never,Low,Yes,205.22
53.0,,29.58,112.1,145.5,163.2,95.7,83.3,164.8,Former,None,Yes,192.94
74.0,Male,31.34,,,264.2,64.8,90.9,155.5,Former,Low,No,200.72
66.0,Female,22.08,100.5,159.7,247.3,117.9,74.1,,Former,None,No,185.48
43.0,Male,20.74,104.7,145.6,209.2,67.1,62.3,144.4,Former,Low,No,158.75
73.0,Female,35.48,136.6,180.6,267.9,139.3,77.5,179.5,,High,Yes,250.13
41.0,Female,30.52,119.7,118.0,205.8,119.7,60.0,137.2,Never,Low,No,160.17
24.0,Male,25.9,103.9,137.6,,58.6,87.8,154.8,Never,Moderate,Yes,155.85
75.0,Male,27.1,128.4,108.9,,100.4,69.8,196.4,Never,Low,No,174.84
52.0,Male,25.04,111.8,100.1,200.5,111.3,81.8,,Never,None,No,143.87
77.0,Female,28.06,118.9,174.8,214.6,60.9,77.8,139.4,Never,Moderate,No,195.4
,Female,22.14,105.9,109.1,186.0,40.5,75.4,161.0,Never,Low,No,136.81
66.0,Female,31.2,102.0,151.4,221.7,41.9,59.8,94.5,Never,Low,No,207.38
39.0,Female,27.88,129.1,162.4,206.4,71.2,64.8,142.9,Never,None,No,177.12
38.0,Male,,109.2,147.5,219.4,64.5,,,Current,Low,No,180.73
,Female,22.53,109.0,142.0,188.6,77.4,69.8,116.7,Former,Moderate,No,119.41
71.0,Female,29.62,143.8,153.4,221.3,60.6,75.3,109.6,Never,Moderate,No,189.58
62.0,Female,22.65,142.0,141.4,213.0,99.7,67.8,142.1,Never,Moderate,No,177.73
36.0,Female,23.54,139.1,117.6,220.2,76.8,76.1,112.0,Former,None,Yes,194.19
78.0,Female,27.44,122.1,145.4,217.4,95.2,74.2,106.6,Current,None,No,197.89
64.0,Female,39.54,120.1,168.6,239.5,116.7,,45.2,Never,High,No,211.23
62.0,Female,27.86,125.7,,264.2,93.9,60.4,87.4,Never,None,Yes,191.25
53.0,Male,16.0,133.8,121.6,191.3,72.6,,69.6,Never,None,No,108.84
28.0,Female,23.79,103.3,85.4,166.2,46.8,85.7,160.3,Current,Moderate,No,119.75
45.0,Female,30.42,98.4,172.1,222.6,115.0,71.0,79.3,Never,Low,Yes,198.63
21.0,Female,21.36,90.4,135.5,168.4,88.4,81.3,81.5,Never,None,Yes,117.89
72.0,Female,31.16,136.5,153.6,173.0,93.6,74.3,35.8,Never,None,No,192.35
28.0,Male,27.79,110.1,149.5,211.9,74.0,67.3,95.0,Never,None,No,191.87
28.0,Male,31.96,100.5,132.3,236.1,87.9,72.9,208.5,Never,None,No,185.17
59.0,Male,24.21,113.7,146.0,228.9,,87.6,208.4,Current,Low,No,164.08
36.0,Male,23.82,104.1,94.7,237.6,75.0,85.1,126.0,Current,None,No,173.87
20.0,Male,29.82,113.9,136.3,219.8,76.9,56.6,76.9,Never,None,No,160.65
44.0,Male,26.96,100.3,132.9,195.7,97.2,63.1,120.9,Former,Moderate,Yes,154.86
80.0,Female,26.66,,157.6,309.0,60.9,74.4,181.2,Never,Moderate,No,186.03
62.0,Male,34.84,139.7,189.4,255.1,102.3,67.4,133.8,Never,Moderate,Yes,227.24
59.0,Male,30.02,116.9,149.3,249.1,102.7,77.0,43.5,Current,Moderate,No,155.64
61.0,Female,17.05,116.5,121.5,194.2,79.2,72.4,222.4,Never,Moderate,No,166.15
44.0,Male,31.0,117.9,136.4,181.6,51.4,68.2,117.7,Never,Low,No,130.62
58.0,Female,30.49,104.2,124.4,206.5,62.2,91.2,95.4,Never,Low,Yes,169.11
54.0,Female,32.92,123.3,159.3,262.2,118.6,80.2,192.8,Never,None,No,210.09
22.0,Male,22.3,95.3,130.2,241.7,79.0,77.0,172.4,Current,High,No,162.98
69.0,Female,28.62,134.6,153.0,252.4,70.5,67.1,185.8,Former,Low,No,198.93
56.0,Male,27.56,96.8,160.9,233.8,118.9,72.9,119.1,Never,High,,218.24
63.0,Male,22.21,123.8,155.6,257.7,123.6,72.6,116.2,Never,Low,No,198.24
63.0,Female,31.73,115.6,155.4,281.6,63.5,74.7,94.1,Current,Low,No,204.66
70.0,Female,,113.0,158.3,200.9,79.3,70.4,122.5,Never,Moderate,No,230.7
49.0,Male,32.76,121.3,188.6,277.3,93.4,81.0,130.7,Never,None,No,183.78
57.0,Female,23.29,113.9,123.1,215.9,89.8,85.3,87.0,Former,Moderate,No,172.14
53.0,Female,,119.4,144.3,248.7,,79.9,36.3,,None,No,189.89
31.0,Male,25.79,119.1,131.8,176.5,83.8,70.4,175.2,Never,Low,Yes,130.88
38.0,Male,28.16,116.6,156.0,244.7,86.4,68.2,,Never,Moderate,No,169.74
56.0,,24.33,102.2,124.8,186.9,127.1,83.0,112.1,,Low,No,136.47
63.0,Male,,111.8,132.6,253.9,94.0,76.8,172.3,Current,Moderate,No,169.4
78.0,Male,28.92,130.6,144.1,270.8,79.0,80.0,115.0,Current,None,No,188.01
78.0,Male,28.89,134.6,124.5,,72.5,77.8,130.8,Former,None,No,207.98
68.0,Male,30.44,115.9,179.6,281.5,108.3,,115.5,Never,Low,No,225.6
80.0,Male,25.1,,143.3,222.3,64.2,89.3,17.7,Current,Moderate,,197.39
36.0,Male,24.82,108.5,115.8,241.7,81.5,93.8,216.4,Never,Moderate,No,152.65
29.0,Male,34.2,107.0,132.4,219.6,84.8,67.2,171.8,Current,Low,No,131.07
76.0,Female,19.12,110.1,172.6,203.4,76.4,74.5,35.6,Former,Moderate,No,158.5
74.0,Male,25.76,106.3,173.1,216.7,44.7,71.3,85.5,Current,,No,202.52
68.0,Female,27.71,93.5,146.0,330.0,47.9,68.3,147.4,Never,None,No,185.61
66.0,Female,30.03,121.0,168.3,308.0,88.8,79.4,200.7,Former,Moderate,No,173.86
31.0,Female,27.85,90.0,114.2,203.2,94.9,66.1,,Never,Moderate,No,156.34
35.0,Male,,131.4,136.0,217.5,72.7,63.0,186.1,Never,None,No,151.5
43.0,Male,32.84,117.2,139.1,260.1,102.8,76.3,228.9,Never,Low,,155.67
38.0,Female,27.01,92.9,143.2,178.1,77.0,64.0,230.8,Former,Moderate,No,163.54
27.0,Male,18.66,115.8,92.3,212.9,44.2,65.4,167.2,Never,None,Yes,145.39
,Female,28.05,126.1,131.7,254.1,53.0,66.7,168.2,Never,Moderate,No,159.3
40.0,Male,,122.6,143.3,229.3,64.8,76.2,87.2,Never,Low,Yes,196.04
36.0,Male,36.8,96.5,153.2,264.2,,72.3,141.8,Never,,No,172.38
42.0,Female,29.04,117.5,114.0,224.8,73.9,55.3,161.6,Never,Low,No,143.81
56.0,,19.59,130.0,114.1,,69.5,75.9,103.5,Former,Low,Yes,124.02
73.0,Female,19.77,141.7,147.1,243.0,81.9,67.2,38.3,Never,None,Yes,195.64
35.0,Male,33.29,90.0,149.5,176.8,111.6,85.4,143.3,Current,None,No,144.76
25.0,Female,22.99,98.6,134.8,223.7,123.5,52.2,57.2,Never,Low,No,138.51
,Male,19.25,,121.4,230.8,61.2,74.3,235.8,Never,Low,Yes,139.33
44.0,Male,32.0,132.2,127.0,222.0,75.3,79.3,134.2,Never,Low,No,189.84
37.0,Male,24.62,112.5,124.7,172.8,51.8,60.9,202.1,Current,Low,No,142.4
44.0,Female,31.74,120.5,155.1,250.2,89.0,69.8,89.0,Never,Low,No,208.08
31.0,Female,22.43,109.7,106.8,210.9,65.5,72.1,121.4,Current,,No,119.48
34.0,Female,34.37,109.8,125.0,228.6,,70.2,178.7,Never,None,No,170.75
78.0,Male,31.36,114.7,154.8,261.3,108.5,79.4,188.9,Former,High,No,213.9
45.0,Male,23.39,104.9,137.6,244.1,56.5,73.8,146.7,Current,Moderate,No,170.52
60.0,Female,18.7,117.9,,231.4,64.9,80.7,,Never,Low,No,163.82
,Male,38.53,111.0,161.1,239.4,85.3,76.9,167.5,Former,Low,No,191.8
45.0,Male,25.95,100.3,146.1,174.0,89.6,73.4,77.6,Current,Low,No,172.15
66.0,Female,23.19,117.2,154.7,221.6,119.9,71.6,189.2,Current,Moderate,No,135.3
51.0,Female,33.93,105.7,134.2,260.5,67.6,75.1,189.5,Never,Moderate,Yes,175.19
29.0,Female,31.73,103.6,145.5,203.0,99.3,86.9,109.2,Current,Low,,166.57
35.0,Male,32.91,100.4,161.3,244.7,128.2,70.8,138.6,Former,None,No,202.96
26.0,Male,26.51,93.5,140.0,163.3,65.4,59.4,125.5,Never,None,No,165.09
36.0,Male,36.41,95.1,142.0,196.4,88.0,81.5,165.5,Never,None,Yes,198.45
42.0,Male,20.45,,83.7,179.4,67.3,90.8,165.0,Never,Low,Yes,91.22
45.0,Male,24.24,120.9,137.8,220.8,54.7,77.6,42.2,Never,None,,170.97
40.0,Female,28.95,115.8,167.7,268.8,106.4,89.7,169.5,Never,Low,,206.38
41.0,Male,32.84,90.1,160.8,287.4,116.0,73.4,134.7,Current,None,Yes,169.05
77.0,Male,30.31,135.0,171.7,283.3,80.4,101.5,40.7,Current,Moderate,No,195.37
26.0,Male,26.59,109.4,132.3,148.1,74.9,57.7,187.1,Never,None,No,184.36
33.0,Female,24.62,115.5,145.4,185.7,47.5,70.1,234.4,Never,Low,Yes,180.55
34.0,Female,32.87,118.3,,133.2,110.1,76.9,152.5,Former,Low,No,163.64
72.0,Female,30.82,113.7,125.3,254.5,97.9,67.7,189.1,Current,None,No,196.07
26.0,Male,22.63,98.1,139.0,,62.6,81.5,198.8,Never,Moderate,No,137.34
,Female,22.48,124.1,108.1,222.3,54.3,76.0,197.6,Never,Low,No,147.58
70.0,Female,24.27,142.3,146.5,190.1,77.5,72.5,139.6,Current,Low,No,195.75
67.0,Female,23.63,119.2,156.3,274.9,118.1,78.0,104.5,Former,Low,No,165.27
27.0,Male,32.15,109.4,125.1,244.8,77.2,72.8,111.9,Never,Low,No,147.08
69.0,Female,29.18,129.3,135.0,288.2,,80.2,284.0,Former,Low,No,181.04
78.0,Male,29.79,146.2,166.4,285.0,96.6,72.9,116.3,Former,Low,No,231.02
42.0,Male,27.96,113.0,118.6,204.4,106.7,52.3,147.7,Current,Moderate,Yes,200.12
48.0,Female,28.19,97.1,138.2,172.9,75.2,80.4,193.6,Current,High,No,198.45
37.0,Male,19.09,100.9,,235.9,81.9,71.2,39.6,Never,Moderate,Yes,187.12
50.0,Female,30.97,150.1,176.3,252.0,122.6,65.7,163.7,,Low,No,204.65
49.0,Male,24.18,96.9,,165.3,96.9,69.3,207.0,Never,Low,No,184.17
71.0,Female,26.83,122.6,145.9,216.8,63.1,72.7,185.8,Never,Moderate,No,181.28
58.0,Female,24.63,143.9,163.4,203.0,49.4,60.1,156.3,Never,Low,No,193.02
54.0,Female,27.73,104.7,136.5,250.0,82.6,65.1,73.1,Current,Low,Yes,208.6
37.0,Male,29.87,90.0,153.7,216.7,103.0,70.7,193.1,Former,Low,No,155.76
78.0,Female,21.96,94.6,160.8,236.4,98.2,73.5,45.7,Never,High,No,205.14
61.0,Male,28.26,107.9,136.7,224.9,69.4,65.3,,,Moderate,No,159.4
58.0,Female,24.75,94.9,148.4,197.9,128.0,61.8,167.8,Current,None,No,188.22
36.0,Male,33.61,118.6,153.8,248.1,65.3,64.0,123.8,Current,Low,Yes,218.89
33.0,Male,21.43,108.1,140.5,182.2,54.2,74.1,206.7,Former,Moderate,Yes,177.58
,Female,21.99,90.0,103.4,251.1,96.6,,123.5,Never,Moderate,No,148.65
43.0,Female,25.2,90.2,157.9,177.5,81.0,80.1,,Former,Low,Yes,204.21
54.0,Female,22.37,129.2,147.5,208.9,124.0,83.6,168.1,Never,Low,Yes,154.41
,Female,25.88,120.7,124.4,290.4,73.1,89.5,117.4,Former,Low,No,167.4
79.0,Female,24.36,142.8,147.2,254.3,78.0,80.7,93.7,Never,None,No,171.59
64.0,Male,27.44,132.2,162.8,224.5,102.9,77.7,85.0,Current,Low,Yes,204.43
53.0,Female,32.04,100.0,130.7,216.8,99.6,85.4,181.2,Current,Moderate,No,172.09
22.0,Female,27.36,110.5,112.0,176.0,,59.6,159.6,Former,Low,Yes,150.23
56.0,Male,27.81,122.0,145.0,244.3,104.7,78.9,184.3,Former,Moderate,Yes,237.13
62.0,Female,21.71,94.4,129.8,254.2,104.0,82.3,89.7,Current,Low,No,160.82
59.0,Female,26.33,100.2,148.2,239.4,74.1,73.4,70.3,,None,No,172.17
45.0,Male,24.89,139.5,149.9,216.2,108.6,79.8,197.1,Never,None,Yes,218.49
74.0,Female,30.41,112.2,161.9,268.0,105.4,71.7,51.4,Never,Low,No,212.74
42.0,Female,23.18,113.8,130.8,173.6,68.0,72.5,108.8,Current,Moderate,No,169.66
63.0,Female,22.7,116.1,154.6,241.8,58.8,77.1,152.8,Current,Low,No,210.93
58.0,Male,28.59,118.3,,246.5,65.9,76.5,224.1,Never,Low,Yes,166.58
34.0,Female,36.9,103.8,135.9,231.1,71.2,59.0,166.7,Never,None,No,190.27
75.0,Male,26.12,135.3,171.3,230.9,90.7,70.2,51.3,Never,High,Yes,237.99
68.0,Female,27.84,131.9,106.6,220.7,88.7,74.6,66.0,Never,Moderate,No,192.03
23.0,Male,31.74,101.8,137.3,170.5,103.9,74.2,156.1,Never,Moderate,No,170.85
48.0,Female,29.55,,137.3,,121.5,78.7,169.1,Never,Low,Yes,174.27
41.0,Male,29.58,101.6,124.2,218.8,87.8,72.3,88.1,Never,None,Yes,189.21
44.0,Male,26.52,90.9,142.6,207.2,52.9,82.3,88.2,Never,Low,No,141.63
32.0,Male,26.62,100.4,140.3,193.8,64.3,68.7,144.9,Former,Moderate,No,176.64
37.0,Male,23.22,90.0,113.9,181.7,69.8,79.5,182.7,Never,None,No,145.05
52.0,Male,29.43,116.0,120.4,215.1,100.7,71.6,59.2,Former,Moderate,No,174.37
35.0,Male,29.32,109.3,114.2,248.5,88.6,63.3,15.5,Former,Low,No,161.83
64.0,,30.59,130.9,185.4,258.6,83.2,97.5,114.1,,Moderate,No,245.15
61.0,Female,24.56,102.8,176.4,255.0,72.2,78.2,271.7,Current,Low,No,203.09
63.0,Male,31.15,104.5,153.7,269.1,74.8,,94.8,Current,High,Yes,223.63
21.0,Male,32.67,117.7,,268.0,47.0,78.6,223.0,Never,None,No,157.71
74.0,Male,20.93,106.9,139.2,239.6,81.1,76.2,54.1,Never,Low,No,191.91
54.0,Male,25.52,138.9,100.5,,80.0,80.9,135.2,Never,None,No,144.94
61.0,Female,32.88,106.4,160.7,254.9,97.8,78.6,182.2,,Low,No,171.9
53.0,Male,23.75,102.8,119.0,241.7,66.2,66.2,122.1,Current,High,No,157.2
49.0,Female,29.64,122.2,122.7,226.7,78.6,,67.2,Never,None,Yes,164.52
78.0,Female,27.04,131.7,171.0,225.3,66.1,69.1,110.2,Never,Low,,163.7
74.0,Male,28.65,143.0,151.4,254.1,72.9,67.5,155.5,Never,Low,Yes,199.15
32.0,Male,27.2,90.0,,224.4,93.8,68.3,256.8,Current,High,No,148.86
32.0,Female,30.73,110.8,160.3,223.5,140.6,62.0,74.8,Never,Low,Yes,186.42
37.0,,21.89,106.1,125.1,155.3,108.4,76.3,162.7,Never,Low,No,144.68
51.0,Male,22.43,100.0,133.8,175.5,53.0,91.7,84.6,Never,High,No,148.72
51.0,Male,34.32,135.5,171.9,255.6,113.7,62.9,,Never,Moderate,No,207.0
54.0,Male,37.5,117.1,149.6,231.9,91.2,85.5,81.2,Never,Moderate,No,189.08
78.0,Female,26.97,124.3,174.0,312.6,100.4,69.7,70.0,Current,Moderate,No,199.15
58.0,Female,35.58,121.5,,281.0,133.7,68.1,213.9,Never,Low,No,162.37
65.0,Male,23.14,98.5,134.9,198.1,71.5,63.7,122.1,Current,Low,No,177.32
71.0,Female,24.34,,149.3,269.3,98.9,77.6,42.2,Current,Low,Yes,207.94
48.0,Female,34.29,107.6,129.8,277.6,97.3,60.7,124.6,Never,Low,No,219.55
68.0,Male,31.02,124.4,161.9,234.1,76.4,70.0,152.1,Never,None,No,177.14
48.0,Male,35.03,126.9,155.8,231.3,43.5,82.6,145.4,Former,None,Yes,195.66
72.0,Female,29.34,111.8,141.2,232.6,55.2,88.6,137.9,Never,Low,No,164.54
63.0,Female,21.94,105.0,124.6,198.8,84.2,65.3,225.1,Current,Low,No,137.44
76.0,Male,28.12,130.2,138.5,294.1,103.2,72.1,162.1,Never,Moderate,No,174.49
35.0,Male,33.01,104.1,115.4,146.9,87.3,70.3,222.3,Never,None,No,127.59
75.0,Male,26.34,100.7,,227.8,109.6,61.6,130.8,Never,Moderate,Yes,206.43
63.0,Male,25.57,107.3,140.5,223.1,91.5,68.7,168.5,Current,Moderate,No,165.35
66.0,Male,29.42,117.5,127.4,,61.4,68.4,,Former,Low,No,166.04
76.0,Female,24.2,122.3,145.7,210.2,85.4,79.3,149.6,Former,Low,Yes,175.47
29.0,Female,28.48,104.1,137.9,246.1,97.1,73.3,236.7,Current,Low,No,158.45
49.0,,27.32,96.4,126.0,173.2,89.5,73.8,145.0,Current,Low,No,154.74
44.0,Female,24.55,108.2,127.5,165.5,115.7,70.4,114.4,Never,None,,192.81
58.0,Male,31.9,127.5,175.6,240.3,83.7,85.2,198.2,Former,Moderate,,220.39
39.0,Male,30.23,90.0,119.9,183.4,64.6,71.7,98.4,Former,Low,No,164.35
24.0,,25.23,97.4,115.7,205.2,60.0,79.7,281.4,Never,None,No,102.44
20.0,Female,26.93,90.0,91.0,177.3,10.0,75.7,177.4,Never,None,No,121.69
49.0,Female,25.64,111.7,170.9,245.0,108.3,74.1,45.1,Current,Low,No,184.75
68.0,Female,23.81,,155.5,211.2,89.5,82.2,140.6,Never,Moderate,No,182.89
22.0,Male,18.51,101.5,113.6,229.3,69.4,67.8,234.9,Never,High,Yes,165.84
,,24.58,138.3,130.2,252.2,62.6,65.9,181.3,Never,Moderate,No,173.34
33.0,,23.88,93.1,114.2,184.5,87.1,71.2,149.3,Never,Moderate,No,138.49
75.0,Male,27.57,113.7,148.0,265.8,87.2,88.3,117.8,Former,Low,No,187.27
49.0,Male,29.2,106.4,,231.2,122.4,,194.7,Never,Low,Yes,180.28
69.0,Male,22.99,,123.7,259.0,78.8,69.8,,Never,None,No,131.56
,Male,28.87,90.0,123.2,220.0,87.3,63.3,125.8,Never,Moderate,No,148.2
37.0,Male,,102.1,142.6,217.2,119.5,58.1,104.9,Never,None,No,141.51
56.0,Female,26.37,107.2,171.4,231.5,87.7,65.9,173.1,Former,Low,No,145.07
44.0,Male,23.99,,143.0,241.1,75.5,75.0,89.2,Current,Moderate,Yes,190.25
67.0,Male,30.73,124.1,142.4,278.0,116.2,72.0,77.9,Never,High,Yes,173.51
20.0,Female,27.58,105.6,125.3,202.7,44.6,72.4,,Former,Moderate,Yes,166.73
72.0,Male,26.45,104.7,157.1,261.2,84.3,66.4,66.9,Current,,Yes,188.04
65.0,Female,23.87,123.2,137.2,260.8,76.8,83.2,177.3,Former,Low,No,152.53
,,25.36,143.0,143.7,253.6,66.7,,120.8,Never,Low,Yes,199.47
28.0,Female,36.15,121.1,132.3,257.3,92.9,66.0,181.9,,,Yes,204.58
34.0,Male,24.49,97.6,158.5,236.3,77.9,58.8,117.7,Current,Moderate,No,189.17
68.0,Male,29.4,122.2,151.1,232.8,90.2,76.5,115.3,Never,None,No,175.15
76.0,Female,26.44,123.8,140.1,211.0,63.5,57.2,98.4,Never,None,No,153.12
43.0,Male,29.25,114.9,151.8,237.4,94.4,,35.3,Current,Moderate,Yes,188.13
23.0,Male,31.18,95.3,117.6,221.7,121.9,67.0,91.5,Former,High,No,158.58
,Female,25.23,100.7,132.0,194.6,80.0,63.3,80.9,Never,Low,Yes,138.22
78.0,Female,30.55,116.3,184.2,217.6,99.3,86.7,166.9,Former,Moderate,No,214.48
77.0,Male,40.78,137.8,153.0,313.7,62.4,72.0,178.5,Former,Low,No,238.02
56.0,Female,29.84,118.9,169.4,246.1,112.8,77.7,99.5,Never,None,No,187.77
80.0,Female,35.07,129.8,143.9,228.8,83.5,55.6,129.6,Never,Moderate,No,188.48
56.0,Female,29.41,129.8,162.0,230.1,100.3,57.2,88.3,Never,Moderate,Yes,234.08
62.0,Male,22.34,,,192.2,98.4,67.7,136.9,Never,None,No,168.21
79.0,Male,28.38,138.1,177.4,272.1,93.1,77.0,86.4,Never,None,No,213.69
25.0,Male,25.35,115.7,116.4,252.3,98.2,59.4,126.2,Never,High,No,147.82
58.0,Female,24.02,134.9,133.1,223.2,105.5,76.7,157.9,Never,Moderate,No,189.08
75.0,Male,26.64,112.2,134.5,244.5,89.5,86.9,127.2,Never,Moderate,Yes,186.44
65.0,Female,26.23,115.7,102.8,229.9,75.4,66.9,77.3,Never,Low,No,157.77
43.0,Male,21.7,,108.5,205.6,73.6,,232.6,Former,Low,No,96.07
30.0,Male,40.54,92.9,123.0,203.0,90.4,68.7,251.5,Current,Low,Yes,192.51
,Female,31.04,100.0,102.3,252.8,82.2,67.5,154.7,,Moderate,Yes,164.92
53.0,Male,28.22,116.2,149.3,234.8,55.8,75.9,162.7,Never,Low,Yes,173.9
44.0,Female,27.45,107.0,166.2,222.1,78.4,72.4,265.7,Former,Moderate,Yes,206.29
26.0,Male,33.01,102.5,171.9,205.0,,69.2,186.8,Never,Moderate,No,191.01
71.0,Male,37.38,108.2,145.8,221.9,91.5,75.8,38.4,Never,Moderate,Yes,216.51
23.0,Female,30.43,99.9,132.1,,76.4,,158.7,Never,Low,No,147.56
78.0,Female,27.61,126.7,175.2,,135.1,80.5,87.8,Current,Low,No,206.16
27.0,Female,34.36,121.5,118.5,161.9,94.3,55.2,128.3,Never,None,No,144.33
39.0,Male,27.71,104.3,158.6,236.0,114.3,63.9,166.3,Never,Low,No,160.91
48.0,Male,29.18,103.8,165.2,250.3,88.0,77.9,107.3,Former,Moderate,No,187.3
73.0,,32.01,131.4,124.0,288.3,86.9,97.9,157.2,Never,Moderate,No,198.31
72.0,Female,25.07,90.0,105.1,276.1,70.0,68.7,77.8,Never,None,No,139.55
70.0,Female,16.62,117.7,125.9,303.4,56.3,60.9,53.6,Current,High,No,184.29
64.0,Female,24.82,112.6,160.4,246.1,95.5,94.4,189.1,Former,None,Yes,157.19
65.0,Male,30.87,122.4,126.3,271.4,,85.4,103.6,Former,None,No,187.36
29.0,Male,30.51,118.0,100.2,211.1,68.4,81.9,194.8,Never,None,Yes,160.27
62.0,Female,33.71,136.5,158.0,222.1,112.1,74.8,69.4,Never,High,No,191.99
53.0,Male,25.02,,150.3,245.1,85.2,72.6,119.2,Former,Low,No,169.95
76.0,Female,34.9,105.6,152.8,286.6,90.0,73.6,144.4,Never,Low,No,210.87
45.0,Male,27.93,104.1,129.2,231.4,82.8,79.2,93.9,,Low,Yes,152.77
60.0,Male,30.02,112.1,161.3,191.5,102.5,84.9,148.3,Never,High,No,216.98
68.0,Female,31.52,,140.4,206.6,90.7,75.7,181.5,Never,Moderate,No,176.56
77.0,Male,20.09,125.3,127.5,261.9,94.7,81.9,127.3,Never,Low,No,159.07
22.0,Male,21.98,91.6,125.1,183.1,50.5,83.1,127.6,Former,None,Yes,121.9
75.0,Female,21.81,108.7,150.6,250.8,90.9,83.2,75.4,Current,Moderate,No,200.74
25.0,Female,32.36,90.8,134.0,223.1,79.4,76.0,112.8,Never,Moderate,No,165.79
24.0,Male,25.47,90.0,153.3,196.5,,64.2,107.0,Current,Moderate,No,181.63
24.0,Female,37.14,120.3,158.7,207.7,58.8,64.9,201.0,Former,Moderate,Yes,219.15
,Male,27.02,113.6,144.8,242.2,71.9,,60.0,Never,Low,No,165.44
66.0,Female,19.64,120.4,112.9,246.5,60.2,77.6,101.5,Former,Moderate,No,152.78
42.0,Male,23.64,120.5,149.6,227.0,82.1,73.2,148.9,Former,High,No,161.38
68.0,Male,27.59,122.9,168.2,219.7,96.7,85.7,95.3,,Moderate,Yes,190.64
28.0,Female,29.58,90.0,133.1,208.2,92.5,75.1,114.1,Current,Low,Yes,192.89
54.0,Male,22.08,126.1,139.6,192.6,56.6,70.2,194.1,Never,Moderate,No,177.46
39.0,Male,29.84,111.8,152.9,233.3,68.6,67.6,108.2,Never,Moderate,No,181.81
77.0,Female,31.18,98.4,188.4,241.8,81.8,78.1,117.5,Never,Moderate,Yes,225.54
68.0,Female,23.8,135.5,159.6,257.3,88.3,76.5,87.3,Never,None,Yes,231.36
80.0,Male,36.85,136.5,178.0,,97.9,,73.3,Current,None,No,217.38
78.0,Female,24.34,129.2,165.8,278.9,115.0,74.1,33.7,Never,Low,No,215.39
61.0,Female,22.0,137.1,158.4,265.8,70.3,78.1,123.0,Current,Moderate,No,207.64
54.0,Male,19.35,124.5,135.1,231.2,99.4,87.8,57.2,Former,None,Yes,164.97
69.0,Male,33.1,134.6,175.5,239.9,63.9,73.0,130.8,Current,Low,No,209.09
37.0,Female,27.11,119.1,122.9,187.3,78.4,68.8,127.5,Former,Low,No,145.25
36.0,Female,24.6,115.3,149.2,236.3,99.4,59.7,92.0,Current,Moderate,No,208.07
43.0,Female,19.63,90.0,113.7,207.4,88.7,69.0,75.8,Never,None,No,119.63
,Male,25.05,90.0,106.8,198.7,109.6,74.0,30.6,Former,Moderate,No,107.65
51.0,Male,38.91,123.2,157.9,230.6,142.6,85.2,167.0,Never,Low,Yes,175.76
54.0,Male,16.28,129.1,101.2,176.0,79.3,60.8,125.4,Never,Moderate,No,126.98
57.0,,23.84,107.2,128.1,257.4,50.8,65.3,134.4,Former,High,Yes,183.88
32.0,Male,35.96,91.0,153.8,218.2,172.6,54.4,175.5,Former,Moderate,Yes,162.6
75.0,Male,33.24,126.9,166.9,203.6,118.6,91.0,196.5,Never,Low,No,199.89
80.0,Male,24.15,108.6,161.1,244.5,114.1,76.7,52.3,Former,None,No,197.42
66.0,Female,28.02,117.7,161.3,202.9,82.1,70.2,83.5,Never,None,No,176.77
44.0,Female,29.31,105.5,148.4,239.2,84.3,56.2,166.4,Never,Low,No,169.17
28.0,Male,27.67,99.9,116.5,218.9,57.6,71.0,192.2,Never,Moderate,No,157.61
23.0,Male,35.92,123.0,159.4,254.6,105.6,67.0,159.7,Never,Low,No,193.29
33.0,Male,28.7,,133.8,170.7,71.6,55.3,35.7,,Low,Yes,167.05
56.0,Female,32.68,115.8,156.8,278.1,105.7,70.7,10.0,Never,Low,Yes,169.99
53.0,Male,,98.1,145.4,243.5,69.6,84.1,125.0,Never,Moderate,Yes,173.66
30.0,Female,16.84,114.8,143.8,155.6,106.2,68.9,,Former,None,No,128.88
60.0,Female,21.04,114.8,114.2,277.5,81.2,84.2,202.0,Never,Low,No,167.51
75.0,Female,22.08,137.9,137.9,237.7,111.2,88.8,15.6,Never,Low,No,172.84
22.0,Female,25.75,90.0,135.7,164.9,128.9,68.1,182.8,Never,Low,Yes,182.41
,Female,37.39,124.4,170.3,292.9,100.8,74.2,131.2,Former,Low,,236.75
47.0,Male,28.81,112.7,133.5,194.3,111.8,77.1,105.5,Current,None,No,195.37
48.0,Male,26.47,122.5,104.4,255.0,101.7,81.8,141.5,Current,Low,No,155.85
,Female,33.19,94.9,135.5,208.0,82.0,83.8,138.4,Never,Low,No,152.02
22.0,Male,19.74,109.3,123.0,180.7,83.8,84.2,,Never,Moderate,Yes,148.88
44.0,Female,24.55,103.5,143.9,180.1,91.3,65.7,103.1,Never,,Yes,189.03
53.0,Female,23.81,115.0,133.9,194.4,72.3,86.1,240.3,Never,,No,177.6
,,28.99,115.0,138.5,215.1,74.1,75.9,165.0,Never,Low,Yes,169.38
61.0,Male,31.48,106.3,132.2,194.9,108.2,69.0,55.5,Never,Moderate,No,191.46
28.0,Male,29.36,111.5,141.6,227.7,68.9,60.7,89.9,Never,Low,No,164.04
34.0,Male,29.44,109.3,137.6,199.2,79.9,64.3,232.0,Current,Moderate,Yes,180.57
59.0,Male,25.19,112.5,144.8,219.8,78.5,76.8,97.0,Current,None,No,170.56
44.0,Female,28.6,101.8,136.6,238.1,92.9,67.9,116.8,Never,None,Yes,211.26
24.0,Male,22.8,90.0,126.1,190.5,129.7,74.0,199.0,Never,,No,176.37
30.0,Male,30.37,102.5,148.5,245.9,82.8,61.1,131.3,Current,,No,195.79
,Male,24.5,121.1,153.9,189.6,57.2,68.3,77.5,Never,None,No,172.55
53.0,Female,21.39,121.5,100.3,242.9,72.4,72.2,141.5,Current,Low,Yes,131.13
43.0,Male,27.19,115.8,142.8,219.7,63.6,70.7,99.3,Never,High,Yes,185.32
79.0,Female,17.43,138.4,131.5,220.3,86.7,63.6,80.1,Never,Moderate,Yes,188.12
34.0,Male,34.37,118.6,132.5,246.9,64.6,65.9,234.0,Never,Low,,151.89
57.0,Male,30.99,153.5,174.5,253.0,99.7,57.7,80.4,Current,None,Yes,252.77
27.0,Female,28.68,108.3,116.3,213.0,49.4,71.6,139.0,Former,Low,,178.43
78.0,Male,18.88,114.8,125.6,232.7,73.1,88.8,224.3,Never,None,No,140.74
24.0,Male,23.5,110.7,83.1,177.4,42.2,63.8,10.0,,Moderate,No,133.68
67.0,Female,27.2,139.4,174.6,210.5,123.7,,221.2,Never,,Yes,207.81
45.0,Male,25.68,115.9,152.4,257.1,72.4,,165.5,Never,Moderate,No,179.09
37.0,Female,18.56,90.0,115.4,225.6,87.6,61.2,169.4,Current,,Yes,160.66
25.0,Female,20.42,107.9,129.9,210.0,84.4,,179.3,Never,Low,,146.8
56.0,Female,25.58,107.6,101.1,216.7,74.8,62.5,,Current,None,Yes,158.0
79.0,Female,20.58,109.7,152.0,299.8,96.4,71.9,50.6,Current,Low,,196.19
67.0,Female,33.86,122.4,143.9,229.9,98.6,72.0,115.3,Never,Moderate,No,175.32
32.0,Male,29.47,90.0,166.7,201.5,122.1,77.7,142.0,Current,Low,Yes,205.37
47.0,Male,22.98,123.4,139.5,267.9,104.4,89.4,147.2,Never,Moderate,No,176.15
24.0,Male,32.85,109.6,,207.8,117.8,67.6,138.7,Never,High,Yes,172.88
32.0,Female,31.84,103.4,125.6,263.9,55.5,71.2,194.4,Never,Low,No,145.9
36.0,Female,28.44,99.6,122.1,225.0,48.2,56.3,189.5,Former,Low,Yes,174.06
69.0,Female,,118.8,159.6,227.5,127.3,74.0,35.3,Never,Moderate,No,193.14
,Female,25.51,104.4,127.4,225.8,92.0,83.9,30.7,Current,Low,No,159.05
64.0,Male,24.3,117.9,127.0,214.1,56.1,95.2,76.6,Current,None,No,165.68
51.0,Male,20.32,90.0,155.8,236.7,83.4,69.6,57.8,Never,Low,Yes,173.08
48.0,Female,34.64,112.7,157.2,267.5,101.8,79.1,192.4,Former,None,Yes,215.83
70.0,Female,24.4,122.9,125.8,252.8,78.0,84.8,78.4,Former,None,No,200.63
77.0,Male,27.14,134.8,,257.5,105.5,62.0,136.3,Former,None,Yes,203.29
22.0,Female,22.45,103.5,115.8,164.9,49.7,83.3,149.7,Never,High,No,148.53
75.0,Female,25.7,135.5,118.1,276.5,75.7,67.5,159.5,Never,Low,Yes,190.22
59.0,Female,41.25,123.1,158.6,275.2,93.1,75.9,99.9,Current,None,Yes,198.84
53.0,Male,,126.3,117.4,230.9,60.5,61.7,43.1,Never,Moderate,No,161.87
59.0,Male,34.24,148.0,160.9,234.2,85.1,70.2,85.8,Never,Low,Yes,216.58
46.0,Female,26.86,115.7,126.9,222.5,69.2,57.3,10.0,Former,None,No,175.23
32.0,Male,30.4,106.6,139.7,187.8,59.5,73.8,65.2,Current,High,No,172.33
64.0,Female,33.22,133.0,168.9,204.5,80.5,87.7,138.1,Never,None,Yes,181.36
52.0,Female,28.36,107.8,186.3,220.3,104.4,73.3,140.9,Former,None,No,205.9
25.0,Male,25.24,99.8,162.3,176.2,70.4,57.8,123.1,Never,None,Yes,177.38
43.0,Female,26.07,114.4,140.1,203.4,69.2,69.2,128.9,Former,Moderate,No,184.23
38.0,Female,26.24,108.0,133.1,199.6,44.1,73.8,55.2,Never,Moderate,Yes,133.6
35.0,,36.32,106.6,138.2,221.5,115.0,70.3,182.7,Former,Moderate,Yes,185.93
59.0,Female,19.58,127.3,103.3,219.5,91.5,79.6,112.6,Never,Moderate,No,143.82
47.0,Female,18.15,90.8,84.0,125.4,90.9,90.7,163.7,Former,None,Yes,115.77
52.0,Female,18.48,137.8,112.8,225.6,82.4,72.4,156.0,Former,Moderate,No,134.15
78.0,Male,22.53,130.9,,248.2,102.9,73.9,122.4,Current,Moderate,Yes,197.67
78.0,Female,30.5,120.3,,,96.1,68.5,54.7,Never,High,Yes,231.39
67.0,,30.81,139.7,155.7,239.4,118.1,83.4,132.0,Former,Moderate,No,185.8
60.0,Female,23.96,118.2,148.7,260.5,87.6,90.8,147.1,Never,Moderate,No,164.25
32.0,Female,26.86,106.0,121.5,204.4,,69.7,111.2,Never,,No,151.76
62.0,Female,21.42,115.3,136.6,238.2,40.3,76.1,138.7,Never,Low,Yes,159.65
64.0,Female,21.88,,124.8,205.4,86.7,75.4,39.6,Never,Low,No,163.68
44.0,Male,29.9,109.7,128.6,,58.9,65.4,167.6,Never,High,No,168.1
72.0,Male,32.24,115.7,170.0,288.1,96.6,81.2,129.1,Former,High,No,215.52
61.0,Female,24.62,129.4,130.9,284.6,97.5,73.3,204.1,Former,Low,No,158.76
55.0,Female,35.18,128.9,164.9,225.0,74.5,75.2,233.3,Never,Low,No,206.86
46.0,Female,31.83,130.0,144.0,242.6,78.8,81.2,121.6,Never,Low,Yes,204.76
57.0,Female,34.96,123.3,182.1,201.4,92.9,70.4,153.8,Never,Moderate,No,201.1
79.0,Female,,139.3,161.3,196.4,72.4,76.0,124.9,Current,Low,No,200.24
26.0,Female,34.6,98.6,146.5,229.2,54.8,64.4,138.5,Never,Low,No,179.05
24.0,Female,37.9,113.1,120.7,212.7,53.2,60.9,57.8,Never,Low,No,173.55
62.0,Female,24.94,126.8,134.0,197.2,49.0,74.9,58.7,Never,Low,No,176.76
64.0,Male,26.23,125.2,144.9,241.7,81.8,75.8,90.1,Never,High,Yes,202.38
77.0,Male,22.26,106.0,146.3,269.4,82.0,83.3,122.5,Never,None,No,182.22
76.0,Male,21.28,119.5,,242.8,77.7,68.0,184.6,Never,High,No,189.72
70.0,Female,21.34,121.0,144.3,270.1,54.3,65.0,108.4,Current,None,Yes,152.65
50.0,Female,22.94,118.9,,201.3,99.8,88.8,189.2,Former,Low,No,133.0
42.0,Female,28.37,137.7,150.0,250.0,,73.3,218.9,Former,None,Yes,200.71
61.0,Male,23.15,127.8,131.2,219.3,137.4,61.3,90.6,Never,Moderate,No,149.72
29.0,Female,28.22,93.3,121.5,242.2,96.6,70.6,,Never,None,No,155.54
51.0,Male,28.32,107.2,123.4,192.1,32.8,67.0,133.2,Never,Moderate,No,141.74
62.0,Female,24.65,134.6,136.0,239.3,109.8,77.0,47.6,Never,Low,Yes,190.57
72.0,Male,26.69,116.1,140.1,250.9,68.6,70.8,,Never,Moderate,No,117.95
49.0,Male,24.36,124.3,156.9,234.1,69.5,83.9,197.0,Never,Moderate,No,184.95
58.0,,25.45,117.5,137.0,220.4,77.0,61.7,202.3,Former,None,No,163.56
50.0,Female,22.96,110.5,143.8,231.9,110.3,84.3,36.9,Never,None,No,154.48
37.0,Male,27.42,100.5,103.1,208.4,82.6,78.4,123.7,Never,None,No,158.24
55.0,Female,24.0,90.0,151.5,211.0,92.1,76.1,130.4,Never,Low,Yes,206.8
21.0,Female,21.17,105.9,129.9,231.0,62.4,79.8,180.2,,None,Yes,119.94
33.0,Female,29.97,92.2,111.6,215.8,94.8,82.4,127.4,Current,Low,Yes,153.12
32.0,Female,30.14,90.0,,170.6,56.0,71.4,10.0,Never,Low,No,123.55
48.0,Female,32.56,114.6,136.8,211.7,105.8,87.3,159.2,Former,Low,Yes,152.33
31.0,Male,21.88,116.3,120.3,242.0,84.4,76.8,246.3,Never,High,No,156.04
58.0,Female,24.6,95.7,127.8,203.7,66.6,68.5,235.3,Never,Moderate,No,133.46
21.0,Female,28.15,111.5,125.1,215.6,125.5,58.4,143.5,Never,,No,137.26
51.0,Female,24.49,102.1,148.9,203.3,107.2,82.5,135.4,Never,Moderate,Yes,165.65
32.0,Female,29.85,112.2,127.1,172.3,91.8,71.4,92.9,Former,Low,No,158.23
65.0,Female,29.49,126.2,156.8,255.3,92.1,57.9,122.9,Current,Low,No,216.07
46.0,Male,29.4,108.2,145.9,215.4,60.9,75.5,112.0,Never,Moderate,Yes,189.03
68.0,Male,34.3,121.0,107.2,295.3,73.4,71.9,87.3,Former,None,No,180.16
60.0,Female,30.22,112.2,135.8,269.8,117.8,67.6,40.7,Never,Low,No,165.38
36.0,Male,27.77,109.4,153.4,248.9,58.4,80.8,229.4,Current,None,No,195.47
59.0,Male,26.03,119.6,127.1,,92.0,66.4,110.5,Current,None,No,194.26
50.0,Female,26.38,101.4,120.4,243.6,107.8,68.7,105.7,Never,None,No,173.43
53.0,Male,21.68,97.6,152.2,182.6,120.0,71.1,141.6,Current,None,No,155.65
79.0,Female,18.17,137.7,142.4,233.2,65.0,84.3,74.1,Former,Moderate,No,195.8
43.0,Male,29.32,111.8,167.5,240.6,81.6,61.7,23.0,,None,No,217.4
64.0,Male,33.12,129.2,148.4,237.5,,68.2,191.2,Former,None,No,201.72
54.0,,,106.3,161.5,225.7,101.5,76.9,130.3,Never,Low,Yes,185.49
67.0,Female,34.94,110.3,145.0,271.0,114.0,78.6,160.0,Former,Low,No,175.76
,Male,26.12,90.0,,231.0,59.2,60.7,165.1,Former,Moderate,No,132.92
38.0,Male,17.23,104.9,131.8,175.8,101.9,68.3,195.0,Never,Low,Yes,143.21
49.0,Female,31.59,114.8,157.9,248.9,33.9,71.7,171.5,Former,Low,No,133.4
26.0,Female,24.6,95.2,138.2,216.2,77.5,73.5,31.6,Former,Low,Yes,160.4
29.0,Male,32.04,121.8,135.6,185.1,103.2,69.2,175.6,,Moderate,No,177.27
60.0,Female,20.61,109.3,161.4,214.4,109.8,87.4,73.9,Former,None,Yes,197.64
51.0,Male,29.06,115.9,160.0,232.9,69.9,72.0,81.7,Never,Low,No,212.98
53.0,Male,23.0,103.3,150.5,261.5,110.3,86.6,36.4,Current,Low,No,210.96
47.0,Female,28.01,103.1,143.2,212.1,53.9,68.4,234.2,Former,Low,No,174.43
79.0,Female,30.83,124.5,135.6,,108.8,,98.4,Never,None,Yes,177.34
34.0,Female,29.67,95.3,139.0,246.9,79.2,94.1,123.5,Never,None,No,170.33
49.0,Male,27.35,,147.3,276.6,,71.9,90.8,Former,High,No,181.05
56.0,Female,20.11,120.5,169.0,227.9,87.6,76.6,255.7,Never,Moderate,No,141.23
48.0,Male,30.65,124.7,150.4,168.7,96.0,59.6,189.5,Current,Low,Yes,234.92
41.0,Female,32.16,95.5,126.1,249.6,124.9,74.4,10.0,Current,Moderate,No,158.46
23.0,Male,21.79,102.4,128.6,199.9,,78.0,231.3,Never,Moderate,No,114.06
39.0,Female,22.52,106.8,151.2,185.7,62.7,61.6,91.4,Never,None,No,128.0
51.0,Male,32.37,90.8,180.5,252.9,75.3,71.6,167.3,Former,Low,Yes,201.83
55.0,Female,25.96,101.2,139.4,280.5,41.8,72.7,103.1,Never,None,No,189.78
69.0,Male,22.65,126.7,138.7,242.4,,,19.5,Never,Low,No,163.16
23.0,Female,28.36,90.0,105.3,157.2,68.1,85.3,128.0,Never,None,No,142.92
46.0,Female,23.81,109.8,122.9,257.8,91.8,50.0,148.9,Former,None,Yes,174.05
36.0,Male,27.81,90.0,143.5,214.2,74.2,52.4,158.8,Current,Moderate,No,163.08
31.0,Female,24.93,102.7,101.4,225.3,61.8,72.2,129.8,Never,Moderate,No,123.14
41.0,Male,25.36,90.0,170.9,216.6,62.9,63.1,143.0,Former,Moderate,Yes,204.34
36.0,Male,,98.9,136.9,232.5,107.2,77.8,151.9,Never,Moderate,Yes,182.3
29.0,Female,16.0,97.8,115.8,210.5,62.3,68.0,,Current,,No,142.15
73.0,Male,29.77,124.3,161.6,272.0,73.2,78.2,183.4,Never,None,Yes,224.95
20.0,Female,31.73,96.0,155.1,208.4,110.5,58.1,159.1,Never,Moderate,Yes,185.49
41.0,Female,,93.6,136.5,191.7,50.3,68.5,67.3,Never,Moderate,No,143.57
45.0,Male,31.69,95.6,126.7,232.1,91.4,68.4,171.7,Never,Low,No,179.3
75.0,Female,22.2,104.4,151.9,263.4,71.3,95.9,147.1,Never,High,Yes,218.07
78.0,Male,23.7,127.6,168.3,224.9,91.4,71.0,,,,No,196.11
37.0,Male,23.12,108.6,112.5,177.4,31.8,51.2,90.9,Never,Low,,135.67
69.0,Female,31.76,129.1,171.3,285.7,107.6,84.2,159.3,Never,Moderate,Yes,247.78
33.0,,18.28,98.8,123.7,245.8,123.4,69.2,164.7,Never,Low,Yes,184.81
66.0,Male,35.2,98.9,162.7,251.2,64.2,76.5,149.5,Never,Low,Yes,208.24
48.0,Male,25.48,107.8,125.8,238.2,104.5,69.5,91.7,Former,Moderate,Yes,151.43
31.0,Female,30.07,,133.1,222.5,80.5,59.8,45.9,Never,Low,No,151.76
55.0,Female,29.64,100.8,155.1,,101.0,85.0,52.5,Never,Low,No,218.1
78.0,Female,27.76,112.3,146.9,257.1,60.4,66.2,155.4,Never,High,No,173.81
54.0,Female,24.0,119.7,120.1,265.8,54.3,59.8,,Never,,Yes,187.42
71.0,Male,33.21,,141.7,219.2,86.5,78.7,156.0,Never,,Yes,169.96
80.0,Female,24.43,139.6,155.1,213.3,84.5,76.6,37.6,Never,Moderate,Yes,187.06
31.0,,23.34,124.6,135.1,182.8,85.6,,146.7,Never,Moderate,No,149.92
26.0,Male,31.39,90.0,135.7,195.9,50.3,73.4,,Former,None,No,168.03
48.0,Female,27.73,106.6,173.6,242.9,109.2,72.0,136.2,Former,Low,No,197.04
,Male,33.79,105.0,112.0,252.9,82.7,79.4,158.7,Never,None,No,205.36
52.0,Female,26.69,117.8,147.9,262.8,111.1,58.1,71.7,,None,Yes,157.7
25.0,Male,23.75,113.4,91.1,216.7,73.9,69.2,72.5,Never,,No,102.07
66.0,Female,28.37,128.4,148.2,196.7,136.5,65.6,63.6,Never,Low,No,170.1
34.0,Male,24.76,,134.4,163.1,126.2,73.8,77.9,Never,Low,No,163.67
51.0,Male,23.89,113.7,133.0,242.5,81.9,80.2,137.4,Former,High,No,180.51
70.0,Female,31.16,114.0,121.2,204.1,76.9,76.9,126.7,Never,High,Yes,177.02
30.0,Female,36.16,126.9,144.6,234.6,67.4,77.6,74.3,Never,Moderate,No,167.11
77.0,Male,25.77,,150.9,255.6,58.0,86.1,103.1,Former,Low,No,187.8
42.0,Male,22.13,106.0,145.5,198.6,80.9,76.7,240.7,Current,High,No,152.69
45.0,Female,26.23,97.4,111.5,148.3,59.9,79.1,144.3,Never,None,Yes,146.27
53.0,Male,29.57,115.8,172.1,236.8,78.0,89.9,105.6,Never,Low,No,210.62
65.0,Female,28.29,131.3,104.2,254.6,79.2,97.8,166.2,Former,Low,No,125.36
53.0,Male,32.97,107.8,,220.0,45.2,71.6,260.0,Former,Moderate,No,186.63
48.0,Female,30.33,110.0,148.3,197.0,60.9,64.2,145.2,Never,Low,No,137.12
23.0,Male,21.48,103.3,125.3,201.8,35.5,50.0,123.7,Former,Moderate,Yes,136.53
36.0,Female,24.53,111.9,157.7,168.6,60.4,89.0,151.1,Current,None,Yes,228.5
54.0,Female,20.1,111.2,134.9,237.0,68.9,68.0,204.5,,None,No,149.71
32.0,Male,32.72,99.7,139.9,245.9,101.8,75.5,144.1,Never,Moderate,No,190.97
60.0,Female,17.04,,137.3,166.3,125.6,79.5,124.8,Never,Low,No,179.83
,Male,20.58,102.8,91.9,209.2,29.2,80.7,202.8,Never,Low,Yes,158.04
34.0,Female,24.44,96.1,111.3,206.0,93.2,69.3,152.6,Never,,No,113.01
74.0,Female,29.82,113.7,134.9,249.8,61.0,81.9,205.0,Former,None,No,170.76
,Female,24.39,93.1,152.8,195.3,92.1,77.5,57.0,Current,None,No,157.11
48.0,Male,25.17,,160.3,183.5,103.8,,159.0,Never,Low,No,180.94
30.0,Female,25.27,107.8,162.5,192.0,,85.8,258.6,Never,Moderate,No,159.11
71.0,Male,27.86,123.7,161.8,263.2,,80.6,248.4,Never,,No,212.3
51.0,Female,20.9,128.6,147.4,234.0,109.5,61.3,108.5,Former,,No,186.67
21.0,Male,22.26,108.1,121.8,209.2,67.2,67.1,143.5,Former,Moderate,Yes,148.93
66.0,Male,35.4,110.2,152.4,285.5,54.5,70.5,224.4,Never,,No,187.21
33.0,Male,29.01,118.9,116.8,183.1,81.0,66.3,128.4,Former,Moderate,,163.14
39.0,Female,30.8,119.2,120.8,209.6,91.5,77.4,113.5,Former,Moderate,No,164.27
41.0,Male,27.29,95.0,112.4,,48.9,83.7,112.8,Former,None,No,133.9
30.0,Female,26.3,114.3,143.7,125.5,102.4,61.4,101.5,Never,Low,Yes,158.63
46.0,Male,29.29,105.1,135.2,230.8,72.9,69.3,76.9,Former,Low,Yes,170.58
22.0,Male,30.64,111.9,120.9,203.8,52.4,80.9,146.9,Former,,Yes,128.53
36.0,Male,31.23,102.1,104.7,,74.6,64.1,55.1,Never,None,Yes,168.74
63.0,Male,26.37,112.0,129.1,260.4,60.3,67.4,87.2,Never,None,No,156.36
75.0,Female,31.78,118.6,154.4,276.4,63.6,54.5,196.1,Current,Low,No,185.2
47.0,Male,16.0,99.5,94.1,219.3,74.2,,183.7,Never,None,No,140.06
48.0,Male,31.46,93.8,194.8,181.3,112.3,74.5,103.0,Never,None,No,199.08
40.0,Female,24.87,90.0,108.7,186.1,65.0,69.0,155.5,,High,Yes,144.54
66.0,Male,29.77,107.0,173.1,251.6,101.6,59.6,112.6,Never,None,No,196.19
35.0,Male,23.75,137.3,126.6,192.3,104.4,68.5,104.3,Never,Moderate,No,151.58
56.0,Male,20.37,120.9,122.6,215.4,96.2,56.0,10.0,Never,High,No,143.96
,Male,28.7,,151.5,221.7,69.9,73.5,57.9,Former,,Yes,196.38
39.0,,19.49,103.7,124.0,210.8,79.0,89.2,125.4,Current,High,,154.49
25.0,Female,25.0,95.6,130.3,242.1,65.2,72.6,292.2,Never,Low,No,135.41
38.0,Male,22.94,127.7,111.1,218.1,43.1,82.9,177.4,Former,Moderate,No,127.77
76.0,Female,26.12,128.7,161.1,274.6,105.5,86.6,103.3,Former,Low,No,199.78
24.0,Female,30.99,90.0,130.4,231.5,102.7,66.0,183.5,Former,Low,No,115.22
22.0,Male,24.55,107.5,100.2,186.7,,76.1,171.3,Current,Moderate,No,141.47
78.0,Female,28.57,140.1,148.1,247.1,92.0,50.5,68.7,Current,None,No,187.86
20.0,Male,30.7,90.0,158.7,244.1,124.6,72.9,156.0,Former,Low,No,175.15
77.0,Female,23.96,130.2,151.9,266.0,110.7,84.6,88.5,Never,High,Yes,205.61
79.0,Female,24.04,109.2,149.1,274.3,74.3,79.8,22.8,Never,None,No,196.38
57.0,Female,33.85,130.0,147.6,245.0,84.9,70.1,95.1,Never,Low,Yes,185.85
34.0,Male,26.6,108.1,127.1,199.2,63.9,82.8,141.2,Never,Moderate,Yes,157.6
53.0,Female,29.55,121.4,150.1,223.5,92.6,83.3,,Never,None,No,180.39
80.0,Male,29.51,,153.4,293.9,89.6,74.8,107.0,Current,Low,No,184.4
54.0,Male,21.01,92.9,141.1,220.9,59.0,86.5,181.8,Current,Moderate,Yes,160.89
68.0,Female,23.2,115.3,148.5,271.3,77.0,78.9,104.9,Never,Moderate,Yes,196.6
44.0,Male,28.88,121.0,119.5,261.5,31.4,57.8,209.0,Never,Low,No,153.37
43.0,Female,16.66,133.3,130.5,231.1,57.8,75.1,149.6,Never,Low,No,138.11
31.0,Male,25.94,107.3,113.3,229.1,,64.8,175.1,Current,Moderate,Yes,137.62
37.0,Male,22.67,98.4,110.0,255.3,76.7,76.2,159.8,Current,None,,149.63
34.0,Female,32.55,111.7,141.9,194.2,105.5,50.0,120.4,Never,Moderate,Yes,186.56
63.0,Female,28.73,128.4,154.0,227.5,90.0,88.2,156.5,Never,Moderate,No,199.84
35.0,Female,32.96,107.3,154.5,184.1,84.8,81.7,113.6,Former,Moderate,No,155.39
46.0,Female,26.8,,99.8,179.3,,86.8,83.5,Never,None,Yes,159.21
27.0,Male,26.43,104.7,143.6,202.4,77.8,70.9,167.9,Never,Low,Yes,150.36
79.0,Male,25.48,126.1,158.7,256.7,82.1,85.5,102.5,Never,Moderate,No,225.07
65.0,Male,24.48,122.8,130.4,249.5,81.7,75.9,76.0,Never,None,No,165.08
44.0,Female,40.42,131.7,155.2,217.6,72.2,63.5,143.1,Former,Moderate,Yes,182.63
,Male,31.04,,144.4,206.2,91.2,64.4,,Never,Low,Yes,177.69
48.0,,21.67,108.7,68.5,240.1,43.0,69.5,123.4,Current,Low,No,129.82
72.0,Male,40.2,111.2,149.2,221.2,77.7,85.8,200.3,Never,High,Yes,215.47
27.0,Female,24.98,116.3,148.0,202.1,70.4,81.9,,Never,High,No,172.14
34.0,Male,28.61,103.6,125.2,249.4,39.7,65.7,123.5,Never,Low,No,189.14
46.0,Male,31.7,117.4,144.9,220.2,32.5,78.9,73.0,Current,Low,Yes,186.55
65.0,Female,19.31,136.4,133.0,216.8,50.2,74.1,112.1,Former,None,Yes,191.52
69.0,Male,22.86,108.1,155.5,271.6,114.5,65.8,140.1,Current,None,No,175.68
71.0,Female,35.24,115.6,156.0,215.1,91.3,63.8,20.5,Never,Low,Yes,205.2
26.0,Male,25.88,117.6,122.3,179.5,67.2,68.8,60.1,Former,Moderate,,147.64
22.0,Male,31.99,90.0,139.5,185.0,61.0,79.0,89.0,Never,Moderate,,182.2
48.0,Female,24.73,105.7,151.4,239.8,115.7,68.1,197.0,Never,None,No,187.42
63.0,Female,26.52,99.1,166.7,191.3,79.2,81.0,198.5,,Low,No,186.32
72.0,Male,35.93,138.8,159.1,291.0,72.1,77.4,54.3,Never,Low,Yes,223.88
43.0,Male,29.19,102.4,132.2,220.9,39.7,57.5,61.6,Never,Moderate,No,177.28
79.0,Male,25.28,129.8,148.4,278.2,37.8,93.2,118.7,Never,Moderate,No,208.04
77.0,Male,23.58,132.8,171.4,279.7,105.1,85.7,115.3,Never,Moderate,No,205.36
22.0,Male,24.04,90.3,137.4,174.1,120.2,57.9,91.7,,Low,No,166.57
39.0,Male,33.21,,137.0,223.8,,75.5,86.6,Former,None,No,198.29
65.0,Female,30.83,116.6,124.5,237.2,84.8,87.3,82.3,Never,Low,,178.07
34.0,Female,21.26,102.5,144.2,201.4,,75.2,122.7,Current,Low,No,171.42
44.0,Female,27.44,109.1,160.6,204.3,102.2,68.6,154.2,Never,Low,No,168.7
49.0,Male,26.67,111.4,119.7,255.0,76.7,71.6,10.0,Never,Moderate,No,191.16
33.0,Male,28.58,98.9,127.6,206.6,92.0,69.2,252.1,Never,Low,No,146.79
26.0,Male,,95.2,140.8,190.2,104.2,69.6,174.1,Never,High,Yes,176.37
36.0,Female,32.49,109.8,150.1,251.1,98.8,81.8,149.4,Never,None,Yes,226.85
63.0,Female,26.99,108.5,110.6,260.2,,78.1,85.5,Current,None,No,184.39
39.0,Male,28.87,106.4,118.4,225.7,85.4,64.2,95.5,Never,None,No,150.84
55.0,Male,23.08,108.0,147.1,213.5,71.3,70.7,84.0,Current,Low,No,190.88
28.0,Female,23.33,106.1,129.4,241.5,79.6,67.5,124.9,Never,Moderate,No,165.93
57.0,Female,40.29,129.0,177.1,219.1,105.7,76.0,148.2,Current,None,No,184.79
67.0,Female,36.0,133.9,176.8,282.1,137.3,64.1,179.3,Never,Low,Yes,199.47
76.0,Male,26.65,139.7,156.2,265.6,99.3,61.3,30.9,Never,Moderate,No,192.44
79.0,Male,34.67,121.5,173.6,225.7,96.1,66.8,81.6,Never,None,Yes,218.04
,Male,33.06,105.4,136.1,227.0,73.8,58.0,147.8,Never,None,No,155.78
73.0,Female,23.87,107.6,148.1,204.8,74.0,60.9,122.9,Never,Low,No,170.72
72.0,Female,23.38,118.3,150.4,230.4,79.1,85.6,80.4,Never,None,No,169.86
72.0,Male,30.34,118.7,186.7,257.1,101.2,73.4,92.2,Never,Low,No,192.8
21.0,Male,28.3,92.0,114.9,172.3,95.4,73.8,145.3,Never,None,No,131.53
43.0,,24.99,101.9,147.4,150.4,58.5,72.8,72.9,Never,High,No,170.73
27.0,Male,30.61,90.0,134.0,205.5,98.8,72.0,101.7,Current,Moderate,No,177.22
30.0,Female,19.79,90.0,133.6,203.7,69.3,73.9,46.4,Current,Moderate,Yes,162.15
32.0,,27.58,104.9,131.4,199.1,65.6,76.6,208.8,Never,Low,Yes,189.82
36.0,Male,20.81,107.2,145.7,204.0,97.2,75.0,,Former,Moderate,,151.63
,Female,20.97,,107.3,191.5,64.3,96.1,78.1,Never,Moderate,No,146.59
40.0,Male,23.47,104.9,133.1,183.0,92.1,62.8,79.2,Current,None,Yes,162.13
37.0,Female,28.82,106.8,145.7,270.3,94.5,62.2,68.9,Never,Moderate,Yes,173.16
49.0,Female,23.62,,122.6,228.7,95.6,67.8,81.0,Never,Low,No,145.3
37.0,Male,20.91,106.0,130.6,193.6,,59.9,157.1,Former,Moderate,No,152.45
65.0,Female,29.39,111.7,169.4,218.6,56.4,71.4,276.5,Current,Moderate,No,164.89
66.0,Male,34.46,105.4,158.6,238.1,95.0,65.5,93.4,Current,,Yes,213.17
50.0,Male,30.19,122.1,159.3,219.0,74.5,,158.0,Never,Low,Yes,199.41
57.0,Female,36.01,95.2,146.1,244.2,95.3,74.0,119.1,Never,Moderate,Yes,204.16
51.0,Male,34.05,102.9,132.7,267.3,50.5,61.1,144.5,Never,High,No,207.63
30.0,Male,24.56,108.5,140.3,181.4,85.2,78.1,134.3,Current,Low,Yes,179.65
64.0,Male,30.16,95.9,142.0,246.8,43.3,66.7,182.9,Never,Moderate,No,154.48
44.0,,26.54,102.4,107.1,241.5,73.4,63.9,170.2,Current,Moderate,Yes,157.25
52.0,Male,32.31,115.0,136.4,214.9,82.9,76.9,129.9,Current,Moderate,No,181.79
79.0,Male,26.54,120.9,177.3,231.6,82.2,75.1,141.4,Never,High,No,197.78
57.0,Female,23.06,103.9,156.6,184.0,81.2,73.4,177.9,Former,None,,152.29
60.0,Male,33.87,109.9,136.0,290.1,74.5,64.7,83.4,Never,Moderate,No,172.81
27.0,Female,28.59,112.0,106.6,220.7,38.2,60.9,178.5,Never,None,No,149.83
30.0,Female,23.68,125.5,119.0,186.8,48.1,78.4,197.8,Former,Low,No,161.37
41.0,Male,24.51,,151.4,196.6,92.1,71.4,165.7,Never,Low,Yes,167.49
70.0,Female,23.65,97.6,140.8,209.9,107.8,76.5,152.8,Never,Moderate,No,171.42
43.0,Female,21.99,116.2,126.2,216.7,96.5,73.6,143.0,,Low,No,130.18
60.0,Male,24.61,112.2,130.3,221.4,36.0,79.7,153.2,Former,None,No,144.45
36.0,Male,28.87,93.1,132.5,189.2,108.7,71.2,228.5,Never,Moderate,No,153.63
31.0,Male,,94.3,147.9,186.8,115.4,69.2,93.5,Never,Low,No,139.28
76.0,Female,24.81,115.1,,266.0,71.2,81.3,108.4,Never,,No,189.61
65.0,Female,34.48,102.3,155.8,237.6,73.5,94.1,76.1,Current,Moderate,No,174.13
51.0,Male,16.95,112.2,136.8,178.5,71.5,61.7,98.0,Former,Moderate,Yes,188.61
34.0,Male,28.53,127.2,137.2,214.5,90.3,66.6,173.7,Never,,No,191.54
35.0,Female,26.29,92.6,149.9,191.5,80.8,74.2,52.9,Never,,No,193.0
73.0,Female,,,131.0,257.6,89.4,55.1,49.7,Never,Low,Yes,168.13
41.0,Female,28.82,110.9,144.5,261.6,,82.1,206.7,Never,None,No,186.95
47.0,Female,,110.0,153.6,166.7,65.2,,61.8,Never,Low,Yes,168.13
39.0,Male,33.24,103.7,173.7,203.5,76.5,72.2,221.2,Never,Moderate,Yes,160.85
52.0,Female,31.34,,128.9,236.4,62.1,77.2,129.5,,None,No,152.37
29.0,Female,36.53,106.6,143.4,216.4,94.6,84.7,147.0,Former,Moderate,No,196.13
59.0,Female,24.58,122.8,117.2,265.1,81.4,76.1,86.4,Current,Low,No,177.22
51.0,Female,33.98,90.0,134.9,234.5,96.7,61.5,,Never,Moderate,No,160.67
69.0,Male,21.17,151.6,140.3,240.3,107.9,83.0,127.4,Never,Moderate,No,177.79
79.0,Male,26.45,103.8,116.4,262.5,84.4,83.5,93.8,Former,Moderate,Yes,169.08
52.0,Female,24.67,107.1,145.4,204.8,46.7,74.8,81.7,Current,None,Yes,179.97
21.0,,30.01,90.0,142.5,217.3,75.7,94.0,192.1,Never,None,No,185.8
52.0,Male,29.89,110.2,144.9,242.0,79.5,72.0,198.4,Current,None,No,173.11
52.0,Male,22.5,107.9,119.3,223.9,82.4,56.8,41.9,Former,Low,No,189.92
60.0,Female,,110.9,146.1,184.7,65.4,75.9,243.5,,Moderate,No,151.79
32.0,Female,25.1,108.1,167.7,185.1,126.2,72.7,164.2,Never,Moderate,No,185.28
49.0,Male,22.92,109.1,124.3,224.1,69.7,92.8,159.5,Former,Low,No,176.4
52.0,Male,26.94,119.9,127.3,224.2,72.3,76.2,213.0,Never,Moderate,Yes,148.09
32.0,Male,19.62,90.0,79.2,220.3,58.4,69.2,31.9,Never,Moderate,,138.99
71.0,Male,31.66,122.9,176.4,271.2,85.4,63.2,25.8,Never,Moderate,,186.02
45.0,Male,26.72,102.7,115.7,229.9,37.3,,25.1,Never,Low,Yes,199.46
41.0,Male,26.83,104.0,138.0,238.0,110.6,51.5,72.2,Never,Moderate,Yes,201.0
58.0,Female,26.56,119.3,181.5,245.7,84.6,77.7,156.9,Former,Low,Yes,220.52
21.0,Male,35.23,93.4,147.5,195.0,100.5,52.4,90.6,Current,Moderate,No,177.31
57.0,Male,34.59,114.4,162.4,241.1,82.5,70.7,74.7,Never,None,No,183.74
58.0,Male,33.75,102.2,149.2,210.3,73.4,70.2,83.4,Never,Moderate,No,169.39
45.0,Male,26.57,123.4,143.4,261.9,57.8,66.2,,Never,Low,Yes,210.47
65.0,Female,21.42,128.0,139.9,196.2,44.8,70.7,107.4,Never,Moderate,No,171.14
77.0,Female,26.92,,162.4,190.9,82.1,76.2,62.7,Never,Low,No,210.6
69.0,Male,28.57,118.1,,303.6,,70.2,56.8,Former,Low,Yes,204.86
34.0,Female,31.06,104.0,146.8,213.4,118.0,70.5,,Never,High,No,174.54
53.0,Female,28.56,126.7,152.3,254.9,89.9,66.8,129.3,Never,Low,Yes,190.09
61.0,Female,21.87,125.3,183.3,248.9,124.3,71.5,198.9,,Low,No,189.59
74.0,Female,24.32,136.4,147.1,272.5,53.5,83.5,55.3,Never,None,No,172.74
63.0,Female,23.87,114.2,145.5,249.3,87.1,69.7,112.5,Never,Low,No,173.28
68.0,Female,29.7,126.4,,261.5,103.2,88.3,10.0,Never,Moderate,No,201.16
59.0,Male,29.82,130.8,156.9,171.3,92.4,82.3,183.8,Never,Low,No,191.54
30.0,Male,30.47,92.4,115.1,184.6,78.6,78.6,,Former,Moderate,No,149.0
80.0,Male,28.51,114.1,171.3,180.5,89.5,75.3,147.8,Never,None,Yes,210.05
22.0,,16.7,103.2,95.1,163.6,42.0,62.0,223.3,,None,,136.36
78.0,Male,18.37,110.3,146.8,224.2,56.3,75.9,131.1,Former,Low,No,184.91
25.0,Female,26.3,90.0,112.9,198.4,90.0,86.6,160.9,Never,Moderate,No,146.2
28.0,,27.49,116.7,127.6,179.4,65.1,,46.0,Current,Moderate,No,173.82
25.0,Male,33.27,117.4,131.0,200.9,71.5,73.4,144.7,Former,Low,No,170.38
28.0,Female,27.39,90.0,,191.3,64.9,62.9,96.4,Never,Low,No,121.75
58.0,Female,22.12,98.9,135.0,235.6,62.6,69.8,63.3,Current,Low,No,162.52
50.0,Male,30.31,104.7,152.7,250.7,56.3,75.5,25.6,Former,Low,No,170.74
51.0,Female,26.91,128.0,139.3,231.9,117.5,76.2,,Never,None,No,200.8
60.0,Female,24.99,112.1,157.7,,45.4,74.7,74.3,Current,Moderate,No,208.79
69.0,Female,18.93,122.2,126.7,237.0,94.5,79.8,71.0,Never,Moderate,Yes,179.69
31.0,Female,,107.8,140.6,241.8,108.2,75.4,92.2,Former,,No,179.57
27.0,Male,28.14,104.2,117.2,258.1,79.1,68.0,224.7,Never,None,Yes,185.39
27.0,Female,22.02,120.1,154.5,129.4,85.2,77.5,92.5,Never,Low,No,150.99
69.0,Male,30.72,112.4,163.0,278.8,97.2,65.6,91.5,Never,Moderate,No,220.54
47.0,Male,30.27,109.9,132.0,190.5,72.4,70.2,123.2,,None,No,196.68
39.0,Female,27.24,110.3,167.4,220.7,115.2,67.7,128.2,Never,None,Yes,191.19
66.0,Female,27.06,119.1,157.3,246.9,114.7,77.4,212.7,,Low,No,169.99
78.0,Female,31.73,110.5,148.4,273.5,,53.6,10.0,Never,Moderate,No,190.09
26.0,Male,28.84,90.0,130.5,204.5,44.4,67.3,166.0,Former,Moderate,Yes,184.45
30.0,Female,23.49,90.0,105.6,,86.8,75.3,198.0,Never,Low,No,143.81
39.0,Female,26.01,116.3,113.7,223.5,103.0,94.1,,Former,Moderate,No,164.33
35.0,Female,29.78,95.9,160.2,205.5,104.4,72.0,263.4,Never,Low,No,154.38
23.0,Female,16.84,,96.1,134.4,90.3,60.9,228.7,Never,Low,No,115.09
25.0,Female,22.34,102.3,97.9,196.5,53.2,76.9,115.6,Current,None,No,143.56
77.0,,30.41,113.0,169.8,232.9,84.0,68.8,95.9,Current,Moderate,No,196.51
41.0,Female,33.04,97.1,176.2,201.5,125.5,59.9,182.0,Current,Moderate,Yes,195.75
45.0,,32.11,111.9,167.4,201.2,108.3,74.0,129.4,Former,None,Yes,210.73
22.0,Female,,100.8,176.5,150.5,91.3,82.5,151.2,Never,Low,No,188.5
60.0,Male,27.65,122.9,,223.8,95.5,66.4,233.9,Never,Low,No,198.22
79.0,Female,21.86,120.1,129.3,244.5,80.7,73.2,160.9,Never,Moderate,No,165.24
61.0,Male,26.02,107.3,138.5,255.2,76.9,79.9,235.6,Current,Moderate,Yes,185.05
33.0,Male,17.03,106.2,88.8,180.3,66.2,80.6,142.0,Never,Moderate,No,142.59
30.0,Female,33.5,120.5,121.2,259.7,146.6,84.0,157.9,Never,None,Yes,187.81
37.0,Female,22.91,90.0,147.6,224.4,71.2,65.5,162.1,Never,Low,Yes,172.66
73.0,Female,24.33,113.3,151.8,210.9,48.7,73.5,,Former,None,No,206.13
31.0,Male,32.29,111.0,166.8,201.2,78.8,51.8,131.6,,Low,Yes,177.26
42.0,,18.93,111.5,108.6,264.0,85.2,68.6,,Never,Low,No,128.13
,Male,21.05,111.2,112.8,221.5,87.7,61.8,104.3,Never,None,No,101.04
32.0,Male,28.34,99.2,145.4,195.9,62.2,72.6,141.4,Current,Moderate,No,181.8
44.0,Male,29.6,90.5,161.2,248.1,83.1,80.3,47.2,Never,None,No,210.9
64.0,Male,26.64,138.9,117.0,201.9,95.0,80.1,139.7,Former,Moderate,Yes,203.18
70.0,Female,26.8,134.5,145.1,227.4,83.4,64.0,10.0,Current,Moderate,No,182.2
77.0,Female,33.34,124.4,170.2,192.4,72.0,71.4,21.9,Current,Moderate,No,193.65
38.0,Male,30.18,97.0,154.5,235.3,71.2,76.0,209.2,Never,Low,No,131.72
74.0,Female,29.51,117.4,173.2,217.3,126.6,75.8,114.6,Never,Low,No,184.28
65.0,Female,30.88,122.0,152.3,241.4,78.3,67.7,,Former,Low,No,168.66
55.0,Male,25.5,111.7,118.3,184.3,77.6,76.6,144.8,Never,Low,Yes,182.99
64.0,Male,,118.6,129.7,257.4,45.2,80.8,225.7,Former,None,Yes,192.22
27.0,Female,16.0,121.5,109.5,188.0,68.1,69.3,219.1,Current,High,No,144.74
48.0,Male,34.29,122.7,146.3,191.5,148.3,63.7,226.6,Current,,No,169.07
74.0,Male,31.51,109.3,144.4,239.2,124.9,,80.7,Never,None,Yes,168.17
72.0,Female,28.24,123.3,168.7,250.2,99.6,66.8,105.5,Never,High,No,177.98
74.0,Male,27.4,117.1,131.5,259.7,116.6,86.6,31.1,Never,Low,Yes,170.72
51.0,Female,26.22,116.5,128.0,269.3,93.1,50.0,183.0,Current,High,No,190.54
70.0,Female,32.52,,179.5,284.4,149.0,71.5,154.0,Never,Low,No,184.37
63.0,Female,26.8,154.0,132.3,217.1,96.0,65.8,81.0,Never,None,No,185.36
37.0,,23.36,111.8,134.8,188.9,111.7,78.2,,Never,Moderate,No,213.97
25.0,Female,31.51,99.6,136.5,168.4,36.3,83.7,178.8,Current,Low,No,155.16
37.0,Male,34.92,128.8,151.9,195.4,96.7,65.9,131.5,Never,Moderate,No,188.94
38.0,Male,17.36,109.6,135.8,,69.0,63.4,104.5,Former,Low,No,158.53
41.0,Male,38.79,90.2,161.4,187.8,103.8,77.9,118.5,Current,Low,No,166.46
56.0,Male,21.82,113.7,110.1,219.4,,57.2,104.3,Never,High,No,133.9
51.0,Female,22.2,120.3,111.6,211.3,104.5,75.1,153.0,Never,Moderate,Yes,151.69
75.0,Female,20.78,129.6,147.3,218.3,109.5,74.5,97.0,Never,None,No,175.01
60.0,Male,,129.1,128.7,197.6,49.0,71.6,10.0,Never,Low,No,203.7
78.0,Female,20.6,126.9,160.3,,50.4,67.5,101.8,Never,None,No,165.08
22.0,Male,21.21,100.9,124.4,156.2,74.0,51.6,118.6,Never,None,No,121.51
47.0,Male,23.56,94.3,103.0,215.6,87.6,81.3,171.5,Never,Moderate,,124.74
29.0,Male,27.69,121.4,166.4,,107.2,76.8,159.8,Current,High,No,215.91
70.0,Female,28.17,117.8,145.0,289.8,87.2,,75.6,Never,Moderate,Yes,188.45
,Female,33.21,102.5,,246.1,100.5,75.2,92.2,Never,High,Yes,226.98
80.0,Female,33.09,157.5,171.6,276.6,113.1,73.8,114.4,Never,None,No,220.22
48.0,Female,32.12,131.8,146.4,275.0,87.8,81.5,131.6,Former,Low,No,220.05
73.0,Male,25.69,117.5,166.3,253.6,106.9,72.9,93.0,Former,None,No,196.27
34.0,Female,17.79,90.0,100.4,226.3,85.8,71.2,139.8,Never,Moderate,No,129.34
,Female,17.68,104.8,147.3,204.2,85.8,,152.8,Current,Moderate,No,173.19
26.0,Female,32.09,120.6,150.3,230.3,120.2,67.4,62.5,Never,Low,Yes,214.07
31.0,Male,31.22,106.1,125.0,219.4,52.4,70.4,227.0,,Moderate,No,168.97
68.0,Male,23.92,104.4,148.4,230.5,123.2,73.1,91.0,Current,Moderate,Yes,203.11
49.0,Female,19.8,121.5,150.5,258.2,110.7,66.6,196.1,Former,None,Yes,184.31
40.0,Female,21.76,105.5,137.2,175.6,130.5,63.4,255.1,Former,Low,No,148.86
50.0,Female,27.87,104.7,144.8,202.2,52.2,71.0,162.9,Never,None,Yes,183.62
77.0,Female,27.88,117.8,165.5,283.5,85.2,72.2,10.0,Current,Moderate,Yes,223.73
80.0,Male,32.21,141.7,175.3,286.1,107.0,84.7,41.0,Former,Low,No,224.99
43.0,Female,24.75,115.9,124.8,216.2,84.4,63.6,161.4,Never,Moderate,No,135.37
39.0,Female,25.78,90.0,136.6,223.1,73.3,66.9,105.0,Never,Moderate,No,151.73
56.0,,32.63,119.6,167.7,252.3,100.4,74.9,207.8,Current,Low,Yes,210.52
23.0,Male,16.37,101.6,113.9,,102.3,74.2,115.5,Never,High,Yes,125.59
47.0,Male,28.59,106.1,129.0,231.2,83.2,71.3,165.4,Never,Low,No,175.41
63.0,Female,25.33,113.9,148.9,211.1,57.1,81.2,114.3,Never,None,No,152.23
39.0,Female,30.56,97.2,134.4,254.5,127.3,71.0,143.9,Former,Low,No,157.53
79.0,Female,29.56,117.6,,248.8,72.8,67.3,141.0,Former,Low,No,204.75
43.0,Female,23.52,112.8,157.7,186.5,63.4,71.9,10.0,Never,None,No,147.77
,Female,24.46,117.7,157.4,242.7,74.1,81.0,113.1,Never,None,No,195.57
68.0,Male,16.0,127.1,116.4,236.6,62.2,83.0,165.4,Never,Moderate,No,133.08
70.0,Male,30.75,,161.1,259.0,97.5,82.9,49.4,Former,High,No,211.64
,Male,28.2,121.4,96.6,254.8,126.2,74.6,167.0,Never,Low,Yes,152.52
60.0,Female,33.99,132.8,154.6,232.6,69.4,76.0,110.4,Never,None,No,193.19
55.0,Male,25.0,114.7,156.7,225.2,113.9,78.5,91.5,Current,Moderate,No,185.08
77.0,Male,31.57,130.9,167.4,231.7,136.5,60.3,94.1,Never,Moderate,No,188.16
72.0,Male,21.65,129.1,144.0,244.5,76.1,68.1,188.8,Former,Low,No,134.72
53.0,Female,16.0,107.8,162.8,189.5,89.8,75.7,138.7,Never,None,Yes,152.33
55.0,Female,26.53,121.5,111.5,212.5,80.7,64.3,58.5,Never,Low,No,125.55
21.0,,24.17,90.0,96.5,222.9,58.7,80.8,174.2,Never,Moderate,No,121.63
34.0,Female,21.75,90.0,133.8,,41.9,81.1,149.0,Never,Low,No,161.47
53.0,Male,31.49,109.9,165.4,273.5,122.6,68.2,191.5,Never,Moderate,No,222.85
55.0,Male,33.04,122.4,169.5,270.4,97.8,65.0,123.6,Never,None,No,218.97
,Male,27.53,100.2,120.0,209.3,64.6,74.7,212.8,Never,Low,No,160.81
58.0,Male,26.09,125.1,127.6,241.0,78.7,61.9,128.6,Never,None,Yes,203.75
61.0,Female,27.31,103.0,128.3,228.7,73.0,74.9,143.9,Never,None,No,182.87
70.0,Female,23.74,132.1,150.3,268.1,100.6,99.9,73.5,Never,None,Yes,231.12
70.0,,29.81,141.0,136.5,256.9,63.0,65.3,145.3,Never,Low,No,185.67
77.0,Female,19.3,116.3,160.6,264.9,82.9,67.9,218.9,Never,Low,No,189.96
73.0,Male,21.63,132.1,142.1,220.7,87.9,69.1,206.0,Former,Low,Yes,158.57
80.0,,23.04,,135.2,208.8,,67.1,43.9,Never,Low,No,146.33
31.0,,29.71,109.3,,225.6,73.0,63.7,55.2,,Moderate,Yes,185.12
22.0,Female,25.49,119.4,98.1,217.6,54.2,,177.9,,None,No,121.3
,Female,33.8,122.7,143.6,248.6,98.6,74.5,106.0,Never,None,Yes,195.44
37.0,Female,31.02,115.8,131.3,234.8,86.4,79.9,97.0,Never,Low,No,201.46
59.0,Male,22.99,101.4,145.7,204.1,113.9,84.3,240.2,Never,Moderate,No,165.06
40.0,Male,30.17,116.8,139.5,246.5,39.5,55.8,310.8,Former,None,No,175.81
,Male,24.96,124.6,,240.9,61.6,64.6,46.5,Former,None,No,153.52
52.0,Male,29.37,102.3,123.3,258.6,82.5,64.8,87.1,Former,None,No,185.09
54.0,Female,31.26,110.4,145.0,237.7,114.2,50.0,57.3,Former,Low,No,194.12
45.0,Male,32.57,118.5,110.4,261.1,49.3,76.2,91.1,Current,Low,No,183.49
27.0,Male,28.01,107.5,126.2,173.7,,73.7,214.5,Never,Moderate,No,164.18
55.0,Female,35.0,98.4,175.8,256.1,,85.1,141.6,Never,Moderate,No,193.05
67.0,Female,29.21,122.1,148.3,263.3,137.6,78.4,,Never,Low,No,233.1
49.0,Male,27.68,108.1,144.2,239.1,123.0,50.0,205.4,Never,Low,No,164.78
42.0,Female,25.49,97.3,,189.6,120.1,65.8,157.8,Never,Moderate,No,152.98
61.0,Male,23.84,133.7,115.7,237.3,85.0,68.0,70.2,Former,None,Yes,158.89
63.0,Female,29.1,118.4,181.5,232.4,101.5,78.4,148.8,Former,Low,Yes,211.02
33.0,Male,27.5,116.6,126.5,155.6,121.1,50.0,141.5,Former,Low,No,156.92
33.0,Male,28.3,90.8,,178.5,75.1,76.3,138.1,Former,None,No,152.84
21.0,Male,29.4,106.5,119.7,234.6,54.7,77.6,,Former,None,No,181.01
74.0,Male,28.28,136.0,174.0,237.2,102.1,72.5,163.2,Never,None,Yes,212.68
56.0,Male,37.07,112.3,133.3,273.2,73.7,66.1,154.2,Former,,No,201.6
24.0,Female,24.36,94.8,148.2,230.3,70.0,81.3,201.7,Never,Low,Yes,135.91
57.0,Male,29.16,100.0,141.8,249.5,103.4,60.9,74.3,Never,,No,170.62
64.0,Male,25.86,108.4,135.6,219.0,76.9,,177.4,Never,Low,Yes,185.12
60.0,Male,16.0,111.6,116.3,246.2,79.8,81.8,142.2,Current,None,No,138.24
,Male,26.03,111.1,182.1,250.5,110.6,79.7,163.7,Current,Low,,188.76
79.0,Male,22.32,116.3,117.4,,37.2,,62.7,Current,None,No,169.93
80.0,Female,26.67,127.9,144.0,226.1,112.7,75.4,113.8,Current,Moderate,,190.17
66.0,Female,26.87,123.0,124.5,225.3,129.2,79.7,181.1,Former,Moderate,No,161.01
33.0,Male,28.93,117.9,103.5,187.2,99.4,71.0,179.7,Current,Low,No,146.08
75.0,Female,24.35,114.6,171.2,,15.9,71.9,103.3,,Moderate,No,212.28
58.0,Male,24.97,,140.6,272.6,89.2,,154.8,Never,Low,Yes,177.23
44.0,Female,30.5,104.8,122.7,250.1,37.1,69.6,84.9,Never,,No,139.84
39.0,Female,22.95,101.7,144.2,215.5,111.7,72.5,,Never,Low,No,160.43
21.0,Male,17.81,95.7,105.7,178.5,98.3,71.1,208.3,Former,Moderate,Yes,129.77
58.0,Female,27.79,113.7,133.9,246.7,90.1,69.8,,Never,High,Yes,202.25
25.0,Female,32.35,104.3,148.4,197.9,28.8,77.4,150.2,Former,Moderate,No,200.91
36.0,Male,30.45,102.2,132.3,216.1,81.5,55.7,164.0,Current,Moderate,No,149.53
78.0,Male,27.88,139.8,137.4,228.4,58.4,68.8,104.6,Never,Low,No,187.75
44.0,Female,33.25,90.0,,246.0,94.2,63.6,128.0,Never,Moderate,No,144.31
76.0,Female,32.41,136.8,158.5,275.2,90.2,77.6,150.8,Never,Low,No,213.22
47.0,Female,25.35,106.7,150.1,245.7,110.5,70.4,221.7,Never,Moderate,Yes,189.1
21.0,Male,28.24,97.2,,216.2,74.4,57.7,168.5,Never,Moderate,No,152.19
54.0,Female,28.45,114.2,163.2,244.3,128.9,77.4,99.1,Former,Moderate,Yes,203.18
56.0,Female,26.57,123.7,,200.7,93.8,75.3,74.3,Never,None,,154.92
24.0,Female,32.67,90.2,157.1,178.7,78.4,71.0,119.4,Never,None,No,152.97
20.0,Male,26.24,91.1,,206.4,83.6,77.4,279.1,Never,Moderate,Yes,147.54
59.0,Male,24.5,122.6,163.0,260.8,120.4,78.2,213.5,,Low,No,193.65
31.0,Male,16.0,90.0,115.8,186.2,106.8,69.2,201.9,Former,Moderate,No,108.03
75.0,Male,23.01,123.3,152.5,242.6,29.5,78.5,179.7,Current,None,No,156.33
55.0,Female,20.42,105.2,128.3,221.5,53.6,85.5,98.2,Never,High,,197.36
64.0,Male,26.8,106.7,130.5,185.8,66.9,72.5,176.9,Never,Moderate,No,163.72
42.0,Female,20.73,90.0,163.1,216.5,123.0,83.4,201.4,Former,None,No,143.31
66.0,Female,30.04,129.0,139.2,228.1,111.4,91.1,112.8,Former,Low,No,201.98
50.0,Female,32.54,114.4,165.9,249.4,115.1,75.8,66.9,Never,Low,,179.64
30.0,Female,26.84,95.4,144.5,206.0,,62.2,70.4,Current,Low,No,159.18
29.0,,22.08,101.1,126.6,194.8,117.0,68.4,173.3,Former,Moderate,No,151.26
22.0,Male,,90.0,127.6,197.4,92.0,72.0,130.5,Never,Moderate,Yes,137.33
73.0,Male,36.47,116.4,163.6,249.0,116.2,74.8,129.5,Never,None,No,209.8
33.0,Male,34.91,102.5,133.9,182.0,91.4,72.6,132.2,Former,None,No,154.21
35.0,Male,19.97,106.5,124.4,229.2,101.8,82.5,84.5,Current,Moderate,Yes,126.03
29.0,,19.78,107.8,98.4,179.1,,63.5,248.2,,Moderate,Yes,140.92
48.0,Male,18.5,90.0,139.7,199.2,64.8,76.0,75.7,Never,Moderate,Yes,189.35
29.0,Male,21.32,107.8,118.0,201.0,61.8,79.4,114.4,Never,Low,Yes,176.31
31.0,Male,28.26,90.0,116.8,178.4,69.8,69.0,148.7,Former,High,No,127.36
49.0,Male,24.22,117.2,112.8,206.6,92.4,63.5,140.8,Former,Moderate,No,162.99
60.0,Female,22.81,114.4,136.1,282.3,118.9,71.8,36.7,Former,Low,No,170.86
20.0,Female,32.2,112.1,133.8,214.3,68.5,61.0,204.2,Never,Low,No,164.68
24.0,Female,29.65,92.7,123.9,181.1,134.0,64.4,192.0,Never,None,Yes,129.94
39.0,Female,18.48,116.9,131.2,145.8,76.0,77.2,262.4,Never,High,Yes,144.09
27.0,Female,31.91,90.0,144.5,238.8,86.0,73.3,168.7,Current,Low,Yes,164.62
62.0,Male,29.53,119.2,151.2,210.9,94.2,80.2,115.9,Current,Moderate,No,156.43
31.0,Female,29.64,90.0,119.7,196.2,63.0,75.6,98.3,Former,,Yes,143.88
20.0,Female,24.15,109.6,109.3,182.7,62.3,68.5,89.0,Current,None,,146.32
76.0,Female,26.06,144.9,125.8,221.7,72.3,65.8,98.4,Former,Low,No,151.05
73.0,Male,17.14,114.5,131.8,230.8,55.3,,38.9,Former,Moderate,No,168.67
39.0,Male,31.33,109.0,152.8,205.4,,67.1,187.1,Never,Moderate,Yes,195.19
47.0,Female,22.01,116.5,109.6,233.0,71.6,71.3,111.2,Former,Moderate,No,175.19
76.0,Male,22.65,105.6,135.3,246.8,73.4,68.4,176.2,Current,Low,No,204.44
62.0,Male,22.58,108.9,138.1,270.3,69.1,81.9,137.2,Former,None,,186.49
56.0,Female,36.0,105.5,167.9,282.9,116.3,53.1,144.8,Former,High,Yes,193.43
66.0,Male,23.66,148.6,116.0,208.4,37.1,,63.8,Never,Low,No,172.72
56.0,Male,31.71,127.7,190.9,227.5,114.7,74.6,162.2,Former,None,No,224.69
31.0,Male,26.88,101.3,145.5,268.2,89.2,79.3,173.1,Never,None,No,153.02
56.0,Female,22.85,124.5,126.0,192.7,85.3,62.3,20.3,Never,High,Yes,194.03
68.0,Female,21.95,123.1,121.5,257.1,50.5,73.8,186.1,Never,Moderate,No,152.34
68.0,Female,23.86,127.7,148.9,252.6,74.9,,163.9,Never,None,No,179.04
75.0,Male,26.63,111.1,159.8,223.3,99.6,73.4,65.9,Current,None,No,212.45
63.0,Female,30.01,134.8,133.5,218.3,69.8,74.0,171.8,Former,High,No,172.37
75.0,Male,24.65,114.5,128.1,296.2,,70.5,86.5,Never,None,No,168.04
47.0,Male,24.46,102.6,119.2,270.2,70.8,71.6,99.1,Former,Low,Yes,187.58
66.0,Male,22.59,126.8,142.0,245.8,80.5,,136.9,Never,Low,Yes,193.73
34.0,Female,21.03,109.4,125.3,164.1,94.9,84.5,200.7,Former,None,No,106.81
25.0,Female,20.61,101.5,158.2,229.5,115.4,72.9,238.5,Former,Low,No,139.89
63.0,Female,31.94,128.4,115.5,204.3,78.5,87.0,216.9,Former,High,No,165.32
78.0,Female,24.36,111.2,137.0,266.9,92.6,62.0,19.3,Never,Moderate,No,173.92
80.0,Male,24.8,148.1,141.2,203.9,107.6,82.4,10.0,Former,Low,Yes,181.54
39.0,Female,23.67,101.5,139.2,211.1,79.6,73.8,118.3,Current,Moderate,No,206.77
69.0,Male,25.42,120.0,156.2,264.9,101.6,71.0,65.3,Never,Moderate,Yes,219.6
33.0,Female,28.86,127.2,132.4,133.1,50.1,77.0,283.1,Never,None,No,103.58
21.0,Female,24.57,90.9,151.0,181.0,75.5,,173.5,Current,Low,No,182.63
28.0,Female,27.9,114.9,112.2,,112.0,65.6,140.2,Current,Low,No,138.1
56.0,Male,34.09,112.6,142.2,230.1,107.3,79.6,96.8,Never,Low,No,178.83
39.0,Male,,97.4,105.5,191.1,90.3,71.5,152.8,Never,Low,No,107.97
45.0,Male,24.8,105.6,132.3,214.0,61.8,66.0,20.0,Current,Low,No,190.36
48.0,,30.21,118.4,139.0,256.5,50.1,79.9,183.4,Never,Low,No,178.04
20.0,Male,34.49,111.2,153.3,246.2,67.6,55.1,,Never,None,Yes,207.14
74.0,Female,20.79,126.0,174.9,258.4,98.5,89.5,16.1,Never,None,No,203.88
54.0,Male,18.5,95.1,155.7,261.1,101.2,81.3,160.4,,Low,No,163.33
25.0,Male,27.0,108.9,107.4,187.6,107.5,53.8,179.1,Never,High,No,129.47
56.0,Male,26.48,113.5,143.5,246.5,58.7,84.2,155.9,,Moderate,No,146.3
72.0,,30.5,,170.1,220.9,,75.3,140.8,Never,None,Yes,193.81
78.0,Female,29.74,,169.7,330.0,130.3,56.5,48.4,Never,Low,No,216.01
24.0,Male,26.83,114.4,170.4,204.3,59.7,54.0,147.8,Never,Low,No,136.57
52.0,Female,32.25,113.5,,256.2,90.9,78.1,178.1,Never,Moderate,No,197.39
68.0,Female,23.59,131.7,144.8,187.5,43.3,64.4,22.9,Never,High,Yes,188.98
70.0,Female,28.06,127.0,191.7,266.4,94.5,66.5,120.2,Current,Low,No,210.9
33.0,Male,20.92,110.6,130.9,205.1,124.1,72.4,178.7,Former,None,No,134.06
,Female,26.79,100.3,121.1,220.7,89.5,75.8,129.3,Current,High,No,143.23
61.0,Male,19.69,127.3,116.4,225.9,104.9,75.6,148.2,Never,Moderate,No,153.8
39.0,Male,21.42,118.5,130.6,204.6,92.7,,144.1,Current,Moderate,No,160.63
72.0,Male,35.55,131.9,183.5,247.4,110.9,67.8,100.3,Current,None,No,181.48
69.0,Male,17.88,117.3,153.6,227.8,52.9,64.8,91.4,,Low,Yes,229.65
43.0,Male,25.92,121.2,120.1,258.5,122.5,74.3,208.4,Never,None,No,140.76
78.0,Female,31.14,,161.8,245.4,127.5,76.7,100.3,Former,None,Yes,230.96
62.0,Female,38.11,106.2,155.8,313.6,73.1,77.3,74.1,Never,None,Yes,201.35
53.0,Male,27.89,109.3,140.8,230.7,118.0,74.7,59.7,,Moderate,Yes,201.72
44.0,Female,28.17,103.4,156.2,260.4,113.1,73.3,54.2,Never,None,No,177.67
69.0,Male,27.2,97.2,148.7,274.5,101.4,82.4,35.1,Current,Low,No,183.94
48.0,Female,32.29,123.6,160.0,186.4,95.7,73.5,108.7,Never,High,Yes,199.78
76.0,Female,29.16,161.4,168.1,213.5,91.6,82.8,101.5,Never,None,Yes,201.93
58.0,Female,24.12,130.6,128.7,209.6,118.3,69.9,107.8,Never,Moderate,No,187.29
50.0,Female,32.58,114.5,171.7,189.1,98.1,65.7,86.1,Never,Low,No,163.36
75.0,Female,24.69,117.6,128.5,233.0,90.4,85.6,79.5,Never,Low,Yes,176.01
66.0,Male,19.01,108.6,112.4,229.9,110.8,69.9,154.5,Never,Low,,143.73
62.0,Male,19.02,119.7,124.7,243.7,104.2,72.8,177.7,Never,None,No,168.5
69.0,Female,25.99,132.7,130.1,245.9,53.4,66.9,208.3,Current,Low,Yes,145.33
42.0,Male,27.52,100.8,148.8,218.7,74.2,90.0,141.4,Never,Low,No,191.56
63.0,Female,31.78,149.1,200.3,271.7,87.0,60.1,192.9,Never,Moderate,No,202.18
,Male,30.2,99.0,169.3,,104.0,82.2,133.8,Never,Low,Yes,211.21
39.0,Female,27.4,110.2,121.7,269.1,67.0,55.2,221.0,Current,Low,No,124.36
42.0,Female,32.06,109.7,127.2,229.7,71.1,68.8,171.6,Never,Moderate,No,154.32
64.0,Female,27.06,,164.7,170.3,87.5,80.6,121.8,Never,Moderate,Yes,183.17
71.0,Male,,115.1,118.5,,84.6,89.6,10.0,Never,,No,164.96
35.0,Male,19.46,106.7,104.2,265.3,65.7,69.5,137.3,Never,Low,No,150.44
69.0,Female,33.39,115.7,166.1,279.2,114.4,69.5,70.3,Former,Moderate,No,246.21
61.0,Female,16.0,132.9,118.3,255.8,52.4,75.5,102.0,Current,Low,No,153.85
79.0,Male,26.0,145.0,154.3,252.6,56.4,90.0,174.9,Never,Low,No,202.33
74.0,Male,41.91,118.6,169.4,291.6,79.9,76.2,133.8,Never,High,No,208.85
27.0,Male,29.3,90.0,133.5,244.0,59.4,75.6,207.9,Former,Moderate,,176.89
69.0,Male,25.96,124.9,163.3,,93.4,68.6,146.4,Current,Low,No,165.12
,Male,18.58,111.4,133.9,191.1,73.1,80.2,88.0,Never,Low,No,157.4
20.0,Female,35.09,100.3,156.6,221.3,61.3,56.3,265.1,Never,None,No,151.11
74.0,Male,33.07,129.7,172.7,281.7,66.5,86.0,100.9,Never,Low,Yes,186.28
27.0,Female,30.42,118.7,148.6,131.7,,82.9,209.9,Former,Moderate,,173.1
48.0,Female,27.0,121.6,139.8,217.8,103.7,90.8,223.5,Never,Low,Yes,179.28
51.0,Male,29.86,119.3,119.5,175.0,61.3,84.8,56.3,Current,None,Yes,168.11
57.0,Male,26.26,124.7,140.7,227.0,82.3,68.5,120.6,Never,Low,No,179.75
24.0,Female,22.13,103.8,,242.7,65.3,83.9,193.8,,Low,No,182.94
66.0,Male,31.78,108.4,,228.2,86.6,84.3,102.2,Current,Low,No,177.15
41.0,Female,26.75,125.9,143.8,208.7,124.1,65.6,290.6,Never,None,No,178.28
66.0,Male,29.61,120.9,189.2,261.4,156.2,76.0,132.3,Never,Low,No,196.6
53.0,Male,26.39,102.5,132.1,254.8,71.4,50.0,,Never,Moderate,No,170.31
20.0,Male,29.31,90.0,123.6,227.9,67.0,58.0,259.9,Former,,No,149.08
74.0,Female,26.93,112.3,173.1,247.7,105.1,82.1,34.5,Never,Low,No,226.53
74.0,Male,26.54,108.5,153.0,262.1,91.2,89.4,86.2,Current,Moderate,No,194.75
45.0,Female,27.15,118.3,146.9,235.5,101.4,79.8,83.8,Current,High,No,189.27
62.0,Male,41.8,115.8,159.1,235.4,87.9,74.3,,Never,Low,No,216.19
29.0,Female,31.01,112.4,124.5,162.4,74.6,61.8,240.9,Current,High,No,168.55
49.0,Male,39.93,126.1,139.2,215.9,93.4,78.5,75.4,Former,None,Yes,207.63
,Female,26.96,132.0,152.3,282.4,93.6,57.1,37.3,Never,High,Yes,229.02
37.0,Female,25.45,114.3,114.8,273.4,64.6,76.4,153.6,Never,Moderate,Yes,171.54
36.0,Female,21.63,109.7,106.0,203.0,74.8,63.6,219.4,Never,None,No,161.54
45.0,Female,35.02,108.0,163.2,270.2,94.9,79.2,93.1,,Low,Yes,180.45
27.0,Female,22.47,100.7,111.7,190.2,13.4,78.2,96.9,Never,Moderate,No,136.63
66.0,Female,36.05,126.7,140.8,261.0,83.0,69.0,204.7,Former,None,No,186.56
59.0,Male,21.92,105.0,113.2,209.4,94.5,81.9,113.3,Never,Low,No,134.72
68.0,Female,31.43,120.0,172.3,275.5,85.7,58.5,150.7,Never,Low,Yes,221.49
31.0,,19.04,95.0,117.5,179.8,59.8,70.0,225.1,Current,Low,No,143.63
46.0,Female,24.79,124.8,128.2,193.6,63.6,79.6,164.1,Current,Low,Yes,135.12
27.0,Male,27.11,,133.6,205.9,89.0,76.6,154.6,Former,Low,Yes,192.35
44.0,Male,24.01,135.4,134.6,238.7,60.4,67.3,84.1,Never,Low,No,187.73
65.0,Male,26.15,110.2,136.6,242.1,88.0,,89.3,Never,None,Yes,184.68
23.0,Female,26.18,92.5,121.2,186.6,80.9,78.9,175.5,Never,Moderate,No,151.52
52.0,Male,31.03,114.1,161.2,207.0,62.1,62.4,198.6,Never,Low,Yes,166.23
20.0,Male,16.57,90.3,125.4,137.3,99.7,69.4,132.6,Former,Low,No,116.46
38.0,,24.19,113.6,115.7,197.9,103.0,73.6,110.3,Current,None,Yes,114.28
50.0,Female,33.27,111.9,173.8,229.0,101.4,74.4,158.6,Former,Low,No,183.82
35.0,Male,29.81,99.9,174.6,230.8,97.0,78.9,103.5,Current,Low,No,192.88
33.0,Female,33.36,117.9,138.0,185.4,72.3,,171.5,Never,Low,Yes,183.76
72.0,Female,30.79,100.2,151.0,268.5,77.7,89.3,65.1,Former,Low,Yes,178.55
67.0,Female,21.58,126.7,123.5,216.7,68.7,70.6,,Current,Moderate,No,185.67
24.0,Female,30.3,94.2,122.3,,94.1,60.5,137.8,,Moderate,Yes,161.22
60.0,Male,27.5,126.8,151.8,269.7,100.7,71.6,129.3,Current,Low,No,212.3
45.0,Female,,122.9,,166.0,61.0,74.7,180.8,Never,Low,No,219.3
47.0,Male,31.01,90.0,158.9,193.3,58.0,62.0,129.5,Current,None,No,180.85
21.0,Male,29.62,96.9,125.9,203.7,60.8,67.7,180.3,Former,None,No,158.62
69.0,Male,30.35,121.7,147.0,246.4,76.2,63.2,,Never,Moderate,No,175.4
25.0,Male,,90.0,121.3,158.0,86.9,77.1,124.4,Never,,Yes,154.16
28.0,Female,29.21,105.3,153.4,194.3,76.8,69.4,91.5,Former,Low,Yes,185.65
52.0,Female,25.67,107.1,135.1,252.0,91.5,51.5,126.8,Never,Moderate,No,182.9
60.0,Female,29.68,102.5,157.7,205.0,125.3,82.9,139.1,Never,Moderate,No,183.47
44.0,Male,31.74,102.0,,256.1,,61.8,158.6,Never,Moderate,No,210.53
67.0,Male,32.3,110.3,195.0,227.2,83.1,98.2,210.0,Never,Moderate,No,210.68
32.0,Male,31.7,97.5,,162.6,55.9,65.2,174.4,Never,Moderate,No,108.68
28.0,Female,34.54,104.8,130.2,238.0,57.8,65.8,128.0,,Moderate,No,166.38
72.0,Male,32.61,134.2,150.9,259.2,100.0,76.0,240.2,Former,Low,Yes,185.39
32.0,Female,30.14,103.5,145.3,171.9,102.5,50.0,105.0,Never,Moderate,Yes,167.22
50.0,Female,21.28,125.7,157.4,202.5,103.9,76.8,143.0,Never,Low,Yes,162.16
60.0,Female,21.28,104.4,143.7,275.0,62.2,79.9,184.1,Former,Moderate,No,144.02
30.0,Female,25.76,105.3,142.4,223.9,76.4,,180.7,Never,Moderate,Yes,159.45
23.0,Male,27.23,125.6,139.1,232.3,75.3,73.2,41.5,Never,None,Yes,185.76
53.0,Female,33.99,94.8,123.3,205.0,,73.9,166.6,Never,Low,No,169.74
80.0,Male,16.0,106.5,136.3,272.1,89.2,61.5,74.8,Never,None,No,151.45
57.0,Female,,131.0,129.9,184.8,82.9,77.8,83.8,Never,None,Yes,182.61
65.0,Male,26.03,121.9,143.4,198.4,91.3,73.6,26.1,Never,Low,No,164.92
23.0,Male,22.02,93.1,,217.7,,66.8,164.8,Current,Low,No,127.2
57.0,Female,23.01,102.1,153.1,188.9,97.4,64.1,100.8,Never,Low,No,159.78
38.0,Female,24.5,106.7,132.2,253.5,70.7,76.2,161.6,Never,Low,No,118.64
25.0,Female,22.27,102.9,122.6,161.4,109.3,67.9,106.2,Never,,No,135.96
53.0,Male,23.14,115.5,133.2,195.6,62.5,56.1,325.9,Never,Low,Yes,130.17
37.0,Female,33.82,93.0,134.4,254.5,86.2,69.8,121.3,Former,Low,No,162.07
32.0,Female,30.07,100.4,105.4,195.5,86.7,64.4,212.0,Never,Low,No,125.65
60.0,Male,30.82,110.2,156.2,261.3,87.9,81.5,185.8,Former,Moderate,Yes,216.42
42.0,Female,26.83,116.7,138.9,186.5,86.4,70.7,,Current,Low,No,151.11
38.0,Male,32.06,94.1,153.0,213.1,84.1,69.5,95.6,Former,Moderate,Yes,228.61
64.0,Female,31.24,119.7,155.1,264.0,69.2,76.7,225.0,Never,Moderate,Yes,183.56
30.0,Male,29.99,135.1,117.1,187.3,114.1,86.3,,Never,Low,No,147.94
20.0,Male,23.73,90.0,107.7,222.5,64.8,,180.9,Former,Low,No,142.17
43.0,Female,24.79,100.4,158.1,205.8,61.6,65.1,133.9,Former,None,No,159.5
73.0,,32.29,121.7,165.3,256.0,76.9,60.6,111.7,Never,High,Yes,227.54
26.0,Female,24.42,90.0,140.2,172.1,113.3,82.9,156.3,Former,Moderate,No,118.94
44.0,Female,20.56,92.7,144.2,189.8,135.6,50.3,52.8,Never,None,No,158.8
40.0,Male,,111.7,114.2,189.0,83.1,71.8,155.2,Current,None,Yes,147.27
,Female,34.8,103.2,139.8,203.8,101.3,92.7,190.4,Current,None,No,188.4
,Male,24.32,111.7,135.2,237.9,122.9,54.4,127.5,Former,None,No,159.48
31.0,Male,28.64,101.1,120.1,241.5,55.9,61.2,143.4,Never,Moderate,Yes,172.63
77.0,Male,23.92,120.7,140.6,258.0,92.8,76.8,14.1,Never,Low,No,198.37
26.0,Male,30.82,93.3,126.7,,119.5,63.6,214.6,,High,Yes,188.37
34.0,Male,29.68,101.2,124.5,190.6,97.0,70.5,232.2,Never,Low,Yes,165.49
40.0,Male,19.54,93.5,121.9,179.3,71.7,75.8,153.0,Former,Moderate,No,174.42
38.0,Male,28.34,105.3,128.7,207.5,88.0,77.0,162.2,,None,No,142.89
79.0,Male,18.59,113.9,133.1,248.1,122.6,85.1,122.1,Former,Low,Yes,172.62
48.0,Female,24.23,97.1,140.2,236.9,87.4,58.4,175.0,Never,Low,No,148.55
44.0,Female,26.94,102.1,155.9,220.0,69.2,83.7,151.2,Never,Moderate,Yes,185.5
52.0,Male,36.23,118.8,170.1,254.7,108.0,85.1,186.5,Never,Moderate,No,204.48
68.0,Female,28.59,122.3,154.5,269.6,69.2,81.9,153.6,Former,None,No,180.54
51.0,Female,23.16,121.0,164.5,210.6,76.4,62.7,173.4,Current,High,,207.89
68.0,Female,25.41,109.5,158.1,270.0,80.1,63.6,136.9,Never,Moderate,No,124.98
54.0,Female,31.62,114.1,164.4,207.2,92.1,75.8,167.8,Never,Low,No,203.93
63.0,Female,23.23,138.8,,248.3,64.6,79.6,78.2,Former,Moderate,Yes,179.53
57.0,Female,32.48,132.4,145.7,239.4,95.0,83.9,20.5,Never,High,No,202.02
45.0,Male,24.38,95.0,141.0,222.1,76.7,68.1,132.1,Current,Moderate,No,146.64
30.0,Female,22.42,91.4,140.7,190.9,102.3,76.8,252.3,Former,Low,,155.71
54.0,Female,24.54,134.7,141.7,260.4,85.5,78.3,164.9,Never,Low,No,180.52
27.0,Female,18.92,107.6,106.0,177.0,68.7,,193.2,Former,None,No,148.29
65.0,Female,16.14,117.0,107.0,263.3,69.9,70.0,63.1,Current,None,Yes,181.6
33.0,Male,26.59,,103.9,248.3,103.5,57.1,172.0,Never,High,No,122.84
29.0,Male,26.66,105.8,131.5,218.4,100.4,61.5,90.7,Never,Moderate,No,159.33
21.0,Male,28.28,102.3,,191.9,54.1,64.8,157.2,Current,None,No,180.61
65.0,Male,26.56,112.9,105.3,214.6,60.9,78.7,104.1,Current,Low,No,147.66
28.0,Female,38.65,100.6,138.5,164.6,85.6,91.4,177.4,Never,Low,No,132.97
22.0,Male,27.84,93.1,115.6,216.1,27.6,74.9,159.0,Current,Low,No,151.14
40.0,Male,20.12,110.0,132.0,176.0,90.6,60.8,190.2,Never,Low,No,121.0
45.0,Male,21.4,101.4,117.5,186.1,57.5,68.1,193.1,Former,Low,Yes,140.42
27.0,Male,27.0,90.0,108.2,219.8,56.7,80.4,220.3,Former,Low,,133.56
67.0,Female,24.82,137.9,133.9,225.5,66.4,66.9,282.9,Never,High,Yes,174.68
21.0,Male,20.86,98.6,104.0,197.1,99.1,84.0,116.5,Never,None,Yes,161.29
25.0,Female,26.71,121.6,129.2,215.1,93.6,77.0,132.1,Former,Low,Yes,181.88
47.0,Male,26.78,90.0,135.1,267.0,72.4,70.3,113.7,Never,Low,No,186.52
72.0,Female,34.98,105.0,171.3,260.8,82.6,57.3,,Current,Low,,227.51
48.0,Female,22.42,117.2,132.4,202.0,84.9,81.7,149.4,Never,Moderate,Yes,172.04
45.0,Male,24.91,109.4,153.4,215.8,123.8,78.2,131.2,Never,None,No,195.01
44.0,Male,34.96,95.9,142.7,213.9,79.3,76.6,200.9,Never,Moderate,Yes,154.27
31.0,Male,28.64,117.6,145.9,262.8,45.1,95.4,199.4,Never,Low,Yes,208.9
24.0,Male,22.39,90.4,127.3,206.1,83.3,62.3,180.0,Current,Low,No,159.69
53.0,Female,23.43,128.2,131.0,239.5,86.9,86.7,144.2,Never,Low,Yes,192.39
67.0,Female,,119.3,151.0,270.4,96.0,72.5,85.9,Never,,No,170.7
56.0,Male,27.39,102.4,129.6,207.3,79.5,75.6,137.4,Former,None,Yes,156.34
34.0,Male,32.16,97.3,164.1,177.5,,74.3,167.4,,Low,No,174.92
63.0,Female,35.15,134.8,145.6,246.8,64.4,81.4,118.8,Current,Low,No,176.03
55.0,Male,19.57,111.2,106.9,180.1,96.4,66.8,,Never,Low,Yes,139.5
34.0,,31.35,117.0,114.9,204.8,63.7,93.1,154.2,Former,None,,150.47
62.0,Male,27.82,,149.1,176.0,81.5,63.8,132.8,Former,,Yes,177.13
67.0,Female,25.69,119.2,,200.9,91.3,70.9,166.2,Former,Moderate,Yes,167.2
42.0,Female,24.91,106.2,137.0,249.4,87.6,88.8,10.0,Former,Low,Yes,154.32
25.0,Female,17.4,96.4,94.2,201.4,102.7,81.4,169.9,Current,,Yes,150.64
65.0,,30.19,123.5,161.3,293.1,120.3,70.8,132.9,Current,None,Yes,216.11
69.0,Female,20.41,139.1,142.0,232.8,,80.4,161.6,Never,Moderate,No,154.38
63.0,Male,23.26,103.6,132.3,230.0,124.8,64.1,114.7,Never,Low,No,169.5
,Female,29.09,127.7,167.9,259.1,114.6,67.7,10.0,Never,Moderate,Yes,208.88
62.0,,17.92,120.0,141.9,324.6,87.5,70.5,21.3,Current,None,No,170.67
64.0,Female,20.4,97.1,138.1,258.6,68.7,86.8,10.0,Current,Low,No,187.67
,Female,,97.4,161.9,200.5,90.3,53.0,196.8,Never,None,,182.71
42.0,Male,27.61,100.7,158.1,230.1,48.2,80.1,60.1,Never,Low,Yes,211.78
62.0,Male,23.69,127.1,126.6,235.9,91.3,70.2,193.8,Current,Low,Yes,165.8
74.0,Male,27.63,134.6,172.9,267.7,66.5,80.3,90.0,Former,None,No,213.66
35.0,Male,30.35,90.0,123.1,268.4,88.8,76.9,133.7,Never,Low,Yes,197.7
66.0,Female,32.62,127.4,170.8,263.3,84.2,73.8,213.5,,None,No,203.22
72.0,Male,21.44,128.5,158.8,227.3,93.4,67.8,127.7,Never,Moderate,No,164.48
,Female,21.88,132.5,142.4,296.7,71.3,69.1,30.8,Never,,No,182.16
34.0,Male,30.04,107.1,137.4,178.1,67.2,68.7,153.1,Never,Moderate,No,186.09
44.0,,30.2,121.2,137.7,216.3,99.4,57.7,190.2,Never,High,Yes,205.52
55.0,Female,20.28,128.8,117.4,246.1,62.3,74.0,98.2,Never,Moderate,Yes,159.72
30.0,Female,22.06,,112.3,178.5,54.5,64.8,250.3,Current,Moderate,No,124.5
70.0,Male,26.03,120.9,157.1,240.4,66.9,70.2,45.3,Never,,No,199.97
34.0,Female,27.12,102.2,149.1,191.2,106.0,69.7,30.5,Former,None,No,155.44
,Female,27.26,93.5,128.7,200.1,55.4,77.4,252.2,Never,Moderate,No,149.81
40.0,Female,20.2,102.5,107.1,187.7,72.6,83.1,94.3,Never,Low,Yes,99.38
32.0,Female,27.21,106.6,112.3,211.4,123.0,83.7,94.6,Current,High,Yes,199.9
41.0,Female,23.41,92.9,129.0,203.1,65.0,75.8,112.5,Current,Moderate,No,164.38
38.0,Female,21.17,115.1,116.5,243.9,,68.3,89.3,Never,Moderate,No,145.67
53.0,Female,26.95,109.4,163.3,238.5,116.1,61.3,178.8,Never,Low,Yes,196.94
33.0,Female,26.44,115.3,119.5,229.7,50.7,93.4,121.7,Never,None,No,167.75
80.0,Male,31.01,118.6,171.4,261.4,118.8,91.2,39.6,Current,Moderate,No,184.81
23.0,Female,22.7,92.3,110.5,183.0,65.3,78.7,141.2,Former,Low,No,122.24
67.0,Male,28.18,108.8,145.1,251.3,105.7,80.1,66.8,,High,No,180.1
72.0,Female,19.16,115.0,141.1,240.4,94.0,71.4,110.0,Former,Moderate,No,149.8
71.0,Female,25.63,112.3,157.3,174.4,102.7,75.7,60.6,Current,Moderate,No,179.24
65.0,Female,29.32,124.5,158.8,242.6,80.8,82.3,107.8,Never,Low,Yes,191.96
46.0,Female,29.74,123.3,133.2,243.9,73.0,55.5,126.2,Never,Low,No,155.81
48.0,Male,29.77,116.3,146.0,206.9,74.6,67.1,236.4,Never,Moderate,No,160.48
66.0,Male,31.02,118.8,147.6,269.0,115.9,74.2,182.4,Never,Low,No,180.66
47.0,Female,24.77,117.0,110.0,229.5,73.6,55.3,144.2,Never,Moderate,No,120.03
54.0,Male,29.48,113.9,150.6,220.8,130.6,59.7,111.6,Never,None,Yes,200.5
27.0,Female,36.34,102.5,168.0,231.7,98.9,65.0,135.2,Current,Low,No,202.0
35.0,Female,24.66,,158.0,198.2,86.2,72.4,152.6,Never,Moderate,No,162.14
61.0,Male,33.9,127.5,162.4,251.7,87.1,87.3,75.9,Former,None,No,201.91
55.0,Male,31.38,90.0,154.5,228.0,73.7,69.2,106.8,Former,Low,No,179.76
49.0,Female,25.67,90.0,91.0,237.8,71.8,89.7,119.1,Former,None,No,174.9
37.0,Female,,119.0,182.5,249.9,96.9,65.2,142.6,Never,Low,No,180.11
21.0,Male,27.59,97.1,154.4,187.6,75.5,69.3,166.8,Never,Low,Yes,176.78
68.0,Female,31.1,131.6,169.0,271.9,92.9,60.9,155.8,Never,,No,158.46
32.0,Male,29.01,97.1,137.1,203.1,72.0,67.4,,Former,Moderate,Yes,176.18
23.0,Female,24.63,120.4,84.6,189.6,70.9,53.5,186.2,Never,Low,No,116.73
45.0,Female,16.59,108.6,125.1,196.0,94.5,102.9,232.4,Never,Moderate,Yes,162.04
44.0,Male,30.36,115.2,143.9,176.8,71.6,62.9,173.6,Former,Low,Yes,180.66
49.0,Male,17.34,106.7,99.4,225.6,59.7,76.0,129.9,Never,,No,135.39
30.0,Male,20.17,92.7,128.8,206.2,60.2,,145.5,Never,Low,No,147.48
,Female,24.99,90.0,148.9,205.4,112.1,68.8,203.7,Former,Moderate,No,177.45
50.0,Female,20.93,121.9,137.1,260.7,43.9,72.1,118.5,Current,,No,172.3
63.0,Female,28.59,123.1,155.2,285.5,74.8,82.4,142.7,Never,Moderate,No,187.18
,Female,25.52,104.2,136.1,240.9,98.2,75.7,178.7,Never,Moderate,No,180.61
58.0,Male,30.93,102.4,144.8,230.8,71.8,75.6,10.0,Former,Low,,185.29
32.0,Female,18.96,121.4,133.4,190.4,67.0,76.6,66.1,Never,Low,No,141.13
50.0,Female,23.69,113.8,162.8,192.3,106.8,76.1,180.0,Never,Low,,191.01
26.0,Female,27.02,110.1,130.7,205.3,30.8,59.4,178.1,Former,Moderate,No,153.11
75.0,Male,27.21,123.7,138.7,248.1,84.2,72.6,10.0,Current,Moderate,Yes,176.13
68.0,Female,30.47,107.5,129.4,260.9,68.2,80.4,10.0,Former,Moderate,Yes,199.74
61.0,,22.43,129.4,147.4,199.1,74.9,68.3,202.0,Never,Low,No,161.04
80.0,Male,24.66,131.4,161.5,238.6,115.0,78.4,140.7,Former,High,No,165.63
61.0,Female,29.54,115.3,156.3,190.8,89.2,83.6,198.0,Never,None,,162.4
75.0,Female,16.01,129.0,130.1,213.3,55.2,68.6,56.3,Never,Moderate,No,174.72
55.0,Male,28.92,124.6,151.0,257.1,55.3,82.4,93.8,Never,None,No,189.23
39.0,Female,30.82,115.5,132.2,189.3,79.9,71.0,242.0,Never,Low,No,155.63
23.0,Female,20.33,90.0,105.1,241.0,41.5,71.3,179.0,Never,Low,Yes,150.0
73.0,Female,25.42,105.0,130.6,272.0,107.2,82.3,115.9,Never,Moderate,No,185.22
26.0,Male,34.46,110.5,124.1,227.2,54.1,76.2,144.8,Never,Low,No,176.1
73.0,Female,30.3,114.5,165.9,287.4,92.8,50.2,16.3,Former,None,No,216.28
20.0,Female,29.23,90.0,125.9,197.6,36.3,53.9,221.2,Current,None,Yes,147.82
,Male,31.95,122.8,142.2,222.6,43.1,78.6,11.6,Never,Moderate,Yes,151.92
75.0,Male,36.02,110.8,,256.6,80.0,73.5,145.6,Former,Low,Yes,188.04
64.0,Female,27.09,113.1,,189.7,161.1,59.5,,Never,Low,No,222.59
61.0,Female,24.96,,161.6,265.7,79.2,67.7,138.4,Current,Low,No,209.09
66.0,Female,31.94,101.5,137.4,236.2,98.3,58.8,85.2,Never,Moderate,No,169.16
78.0,Female,26.06,108.7,149.6,,76.5,74.1,,Former,Moderate,No,172.97
32.0,Male,22.36,90.0,108.4,185.0,95.3,82.7,116.4,Current,Moderate,No,167.57
74.0,Female,24.3,113.0,144.6,243.7,83.6,68.3,109.1,Former,,Yes,166.31
41.0,Male,28.56,109.4,150.1,222.4,60.1,74.3,140.8,Current,Moderate,No,193.55
73.0,Male,24.75,115.4,176.6,238.8,91.3,73.7,93.1,Never,High,Yes,183.44
40.0,Female,25.13,126.0,125.2,209.4,39.6,86.4,163.4,Never,Low,Yes,186.92
41.0,Female,21.86,113.9,141.0,225.7,64.8,83.5,179.8,Never,None,No,160.19
47.0,Male,34.18,110.9,163.9,201.0,100.7,58.3,128.7,Current,Moderate,No,210.73
28.0,Male,25.29,117.8,125.3,209.4,64.5,69.3,186.4,Never,Low,Yes,152.98
45.0,Female,23.44,94.3,153.6,207.1,79.2,64.4,171.8,Never,Moderate,No,201.64
28.0,Male,23.97,113.0,120.1,145.4,97.7,65.6,173.7,Former,None,,155.76
34.0,Female,31.01,102.5,147.8,185.6,75.7,78.6,229.3,Never,Low,No,174.67
29.0,Female,29.87,97.6,125.5,187.8,90.2,72.9,239.9,Never,Low,No,169.16
,Male,24.49,116.7,143.1,262.3,72.0,79.2,116.4,Never,Low,Yes,213.91
77.0,Male,27.16,119.7,160.9,262.3,111.5,54.3,91.2,Former,Moderate,Yes,201.48
76.0,Female,28.38,126.4,176.0,257.9,125.4,83.3,146.7,Never,Low,No,206.24
80.0,Male,23.48,124.8,181.6,233.9,55.3,79.1,101.5,Never,Low,No,205.71
61.0,Female,19.3,121.1,149.8,210.6,65.8,88.1,139.2,Current,Low,No,199.5
27.0,Female,29.58,96.1,146.5,174.6,81.1,65.5,88.2,Former,,No,183.29
43.0,Female,23.76,120.5,125.3,205.4,63.8,81.9,123.3,Never,,No,126.55
35.0,Male,29.2,90.0,96.7,253.0,87.7,74.2,150.1,Former,Low,Yes,129.76
68.0,Female,28.61,128.3,174.7,206.5,101.0,75.4,65.5,Former,Low,Yes,222.38
45.0,Female,27.28,90.0,172.3,204.5,74.5,68.0,45.6,Former,Low,Yes,223.7
46.0,Female,24.87,101.7,141.1,244.7,115.6,,205.8,Never,Low,No,156.43
56.0,Female,23.83,121.5,,252.2,107.9,64.5,41.7,Never,High,Yes,189.03
23.0,Female,21.31,90.0,144.2,173.2,56.2,,242.2,Never,Low,Yes,145.36
69.0,Female,23.93,123.0,,270.8,79.2,69.0,177.0,Never,Low,No,191.36
43.0,Female,29.84,92.9,105.4,210.3,90.3,69.7,155.3,Never,None,Yes,138.83
38.0,Female,33.99,95.5,149.0,191.2,,70.2,167.6,Former,Low,No,163.19
55.0,,33.26,102.6,157.3,,120.9,71.8,168.6,Never,Low,No,186.84
79.0,Female,,109.4,126.0,254.7,133.5,75.0,83.0,Former,,No,181.06
58.0,Female,33.99,95.3,136.1,236.7,91.8,73.3,104.4,Former,Low,No,204.07
29.0,Male,25.47,127.9,148.4,209.1,115.0,72.1,,Current,Low,Yes,171.73
44.0,Female,20.54,107.6,128.9,184.2,138.9,72.0,156.4,Never,Moderate,No,178.78
37.0,Female,36.6,91.8,133.1,210.2,,69.3,107.0,Former,None,Yes,190.08
38.0,Female,29.66,100.4,,258.0,62.4,75.7,114.9,Current,None,Yes,167.72
55.0,Male,19.33,115.2,109.1,271.7,78.8,84.1,237.6,Former,None,Yes,147.99
29.0,Female,34.8,98.5,145.1,185.2,120.8,68.1,168.0,Current,Moderate,No,154.13
52.0,Male,23.28,98.2,149.2,211.2,127.1,68.1,66.3,Former,None,No,156.49
74.0,Female,24.37,112.5,168.5,243.4,97.2,78.1,157.5,Never,High,No,166.63
69.0,Female,32.11,135.3,145.4,254.5,,75.3,99.4,Never,High,,204.37
24.0,Male,33.81,90.0,133.5,183.9,53.7,62.0,122.2,Current,High,No,160.23
66.0,Female,22.0,,148.9,251.2,88.9,67.3,251.9,Current,High,,166.02
68.0,Male,,115.9,177.7,271.2,71.3,68.9,119.9,Never,None,No,226.92
54.0,Male,31.37,91.1,156.2,258.2,68.3,63.8,84.3,Never,Moderate,Yes,196.25
63.0,Female,23.0,107.4,163.0,252.7,97.2,77.8,88.3,Never,,Yes,199.27
53.0,Female,25.77,,172.8,228.5,67.4,79.9,137.5,Current,Moderate,No,211.58
52.0,Female,34.58,98.5,124.4,264.5,86.4,65.7,138.0,Never,Low,No,148.04
74.0,Female,19.2,124.1,166.4,,114.1,62.5,136.1,,Low,No,182.53
40.0,Male,33.9,111.1,,183.5,71.6,73.6,47.0,Current,Moderate,Yes,225.57
36.0,Male,31.23,96.5,120.0,176.7,64.0,72.0,83.2,Never,Low,No,125.45
41.0,Female,29.55,107.3,149.1,228.9,55.4,92.8,129.8,Former,Moderate,No,186.33
67.0,Male,27.66,109.9,,277.3,104.4,,87.4,Never,Low,Yes,228.4
56.0,Male,36.85,120.0,139.5,255.8,,63.1,67.4,,Moderate,No,154.28
34.0,Female,37.59,90.0,149.3,240.9,102.7,63.0,166.7,Never,Low,No,203.36
54.0,Male,23.92,116.3,140.4,195.0,90.5,76.0,153.5,Never,Low,No,178.13
47.0,Male,30.06,114.0,124.8,228.3,126.2,72.1,,Never,Moderate,Yes,175.86
26.0,Female,36.37,129.7,,247.7,120.4,69.9,192.4,Never,None,Yes,206.78
51.0,Male,23.07,91.9,160.1,233.4,64.9,73.5,157.5,Former,None,No,180.52
30.0,,28.22,135.4,163.9,211.6,132.5,78.2,140.5,Former,None,,178.2
29.0,Male,32.02,112.1,119.4,229.4,65.0,87.8,300.2,Former,High,Yes,163.83
28.0,Female,16.93,124.5,66.7,198.5,,83.0,133.4,Never,None,Yes,121.16
33.0,Male,31.14,115.7,162.0,248.1,80.5,62.3,128.4,Current,None,Yes,210.56
32.0,Male,21.56,93.1,156.7,208.1,83.5,66.5,201.5,Never,None,Yes,155.63
80.0,Female,27.96,133.9,171.5,252.5,142.5,54.0,16.9,Former,Low,No,210.52
76.0,Female,32.72,116.2,156.4,226.6,27.8,76.8,104.2,Never,Low,No,190.11
44.0,Female,16.0,108.7,100.9,239.4,111.1,67.6,143.0,Never,High,No,144.74
21.0,Female,30.93,90.0,,177.8,104.0,70.3,135.9,Never,Low,No,173.18
54.0,Male,37.19,106.2,177.8,248.6,100.9,65.7,186.1,Never,Low,No,191.6
26.0,Male,24.33,112.5,113.8,222.5,61.6,63.4,180.7,Never,Moderate,No,129.47
40.0,,29.88,113.3,145.8,269.9,84.0,58.1,157.3,Never,Low,No,173.36
37.0,Female,33.68,118.9,137.7,228.4,101.9,68.9,147.4,Current,None,Yes,160.04
22.0,Male,19.04,90.0,128.9,228.5,101.3,75.7,137.5,Former,Moderate,No,160.84
61.0,Male,30.79,95.0,114.6,240.7,56.8,67.6,10.0,Current,None,No,176.66
73.0,Female,32.12,136.1,166.4,,110.2,80.5,141.1,Former,,No,205.93
80.0,Female,30.19,138.3,152.7,330.0,75.5,69.0,157.7,Never,Low,No,178.07
58.0,Male,27.43,118.6,178.0,198.8,93.4,73.4,124.4,Former,None,No,175.49
60.0,Female,22.0,122.0,142.8,309.4,113.9,85.8,40.8,Former,Low,Yes,226.58
68.0,Male,33.96,131.0,172.7,,112.9,69.8,88.6,Former,Low,Yes,218.88
30.0,Male,27.17,105.7,115.0,191.2,39.6,,123.8,Never,Low,No,158.92
58.0,Female,22.48,122.5,133.1,244.6,84.5,75.8,99.6,Never,High,No,220.75
43.0,Male,25.41,119.1,142.1,177.6,94.0,74.7,165.8,Never,Moderate,No,159.21
79.0,Female,28.84,124.4,150.2,270.2,90.9,79.9,33.9,Never,None,Yes,211.07
65.0,Female,19.19,115.1,130.6,237.5,25.3,76.2,107.9,Never,None,Yes,167.66
38.0,Male,27.09,111.7,140.2,238.7,54.3,62.6,134.0,Former,Low,Yes,190.62
23.0,Male,24.92,127.5,94.4,186.8,29.0,66.9,,Never,Moderate,No,141.57
45.0,Male,,100.1,139.7,233.7,69.9,77.6,158.3,Former,Low,No,184.34
57.0,Female,17.63,110.5,143.0,232.5,88.1,79.7,101.5,Never,Moderate,No,194.39
61.0,Male,31.69,96.4,146.1,227.4,74.6,67.0,198.5,,High,No,167.48
51.0,Female,34.09,118.2,194.5,274.6,89.4,81.6,64.7,Never,Low,Yes,229.15
58.0,,,109.7,131.2,224.0,42.6,69.1,87.9,,Low,No,155.55
64.0,Male,18.41,,99.9,236.2,42.5,76.9,19.4,Never,Moderate,Yes,136.16
65.0,Female,35.93,118.5,169.7,226.9,73.4,75.8,205.5,Never,Moderate,No,200.84
,Male,22.48,132.7,116.7,177.5,95.2,65.0,139.3,Never,None,No,170.6
59.0,Male,42.47,112.3,175.6,215.6,106.0,71.1,112.3,Current,Low,Yes,194.84
56.0,Male,17.97,112.1,118.8,235.5,93.8,54.9,194.8,Never,Low,No,165.72
52.0,Male,27.85,130.9,134.0,205.9,92.1,69.4,98.3,Never,High,No,182.3
55.0,Male,26.88,114.7,161.4,249.9,109.6,,102.9,Never,None,Yes,212.6
22.0,Male,25.96,90.0,97.9,244.9,39.2,53.4,217.3,Never,High,No,137.02
28.0,Male,29.31,110.9,125.8,229.9,108.4,63.2,120.1,Former,Low,Yes,225.85
27.0,Female,29.6,115.6,123.8,219.7,101.4,66.8,126.0,Current,Low,Yes,182.33
52.0,Male,26.16,111.0,164.3,244.2,84.3,53.7,133.9,Former,Moderate,No,191.06
78.0,Female,21.93,126.7,138.9,274.6,,57.0,125.5,Current,None,Yes,193.7
25.0,Female,32.24,90.0,120.9,,104.1,89.3,195.0,Never,Low,Yes,148.56
60.0,Female,30.14,106.6,154.4,256.8,87.9,78.9,111.3,Never,Moderate,No,182.9
58.0,Male,27.57,112.1,129.1,217.2,92.0,82.4,32.7,Current,,Yes,178.99
23.0,Female,29.98,101.3,119.8,177.3,65.5,73.8,175.8,Former,None,,158.81
32.0,Female,30.84,97.0,151.2,,116.9,76.6,159.4,Former,High,No,195.13
68.0,Male,23.19,116.2,91.1,227.2,56.9,71.4,125.5,Never,,Yes,170.38
79.0,Male,29.8,,140.9,244.6,,84.5,64.3,Never,Low,No,179.49
21.0,Female,24.23,90.0,111.0,227.5,72.9,83.4,54.8,Never,None,No,119.05
79.0,Male,31.01,122.3,188.0,180.4,88.0,69.0,104.2,Current,None,No,221.73
24.0,Male,,114.7,135.5,194.5,44.9,68.5,103.3,Current,Moderate,No,151.45
63.0,Male,30.06,111.2,150.9,261.6,107.3,68.6,150.9,Current,Moderate,No,214.63
46.0,Male,24.83,99.9,133.6,238.5,,71.7,176.8,,Low,No,169.73
51.0,Female,30.32,138.0,148.7,207.4,127.3,79.5,46.4,Never,High,No,201.49
40.0,Male,22.11,110.7,132.8,258.4,108.2,70.4,102.4,Never,Low,No,152.19
27.0,Male,27.18,,132.9,165.9,108.0,55.2,246.5,Former,Moderate,Yes,153.12
57.0,Male,31.9,123.4,186.7,228.0,116.5,82.1,101.3,Never,None,No,196.92
27.0,Female,29.34,105.2,126.2,198.8,95.8,64.1,163.5,Never,Low,,173.15
69.0,Female,27.96,114.2,153.9,234.5,92.3,78.0,,Never,Low,No,165.26
22.0,Male,,99.3,143.2,249.7,103.3,75.1,169.5,Former,Moderate,No,195.95
73.0,Male,32.12,119.4,176.1,252.9,86.8,70.8,171.2,Former,Low,Yes,229.72
63.0,Female,31.28,130.2,140.9,251.3,30.6,65.6,171.8,Current,High,No,189.06
80.0,Male,30.29,134.2,152.9,281.0,104.1,70.9,,Never,Moderate,No,229.14
77.0,Male,30.91,98.9,131.9,236.6,97.2,89.3,117.2,Never,Low,No,183.94
,Female,35.29,122.7,159.1,206.3,,62.0,135.1,Never,Low,No,143.23
41.0,Male,24.91,105.0,105.9,261.2,83.4,62.2,67.7,Never,Low,Yes,166.26
25.0,Male,32.05,121.9,147.2,219.8,97.5,72.5,177.6,Former,Moderate,Yes,169.78
21.0,Female,28.78,108.0,160.8,170.7,115.0,68.6,226.6,Former,Moderate,No,164.55
42.0,Female,,111.9,168.7,191.4,91.7,68.5,98.5,Current,Low,Yes,213.89
63.0,Male,26.5,117.2,140.2,261.1,50.6,65.7,85.7,,Low,No,162.47
21.0,,28.1,132.6,123.2,168.8,67.5,70.3,138.3,Never,Moderate,Yes,181.39
57.0,Male,22.7,112.4,135.6,212.6,71.7,71.9,76.1,Never,Low,Yes,172.94
36.0,Male,31.32,98.1,157.5,223.8,87.6,83.7,152.8,Former,Low,Yes,185.67
54.0,Male,26.49,107.3,139.3,228.4,86.4,65.1,100.7,Former,Low,No,149.39
53.0,Female,27.42,113.9,137.8,269.9,78.0,68.7,63.8,Never,Moderate,No,159.4
42.0,Female,33.79,108.9,167.3,158.1,102.3,83.7,93.6,Former,Low,No,203.06
49.0,Male,27.65,124.1,142.1,238.5,60.6,68.1,212.2,Never,Moderate,No,163.89
71.0,Male,34.76,131.0,159.8,246.2,98.9,68.0,119.3,Former,High,No,200.75
27.0,Female,24.38,111.3,110.4,237.9,56.9,75.0,232.4,Never,None,No,141.62
41.0,Female,21.51,105.7,146.4,203.3,81.8,73.5,110.3,Never,Low,No,170.95
63.0,Female,25.55,126.5,148.7,229.1,46.8,71.1,40.7,Former,Moderate,No,217.86
77.0,Male,16.0,134.0,135.0,235.0,103.0,75.6,92.7,Never,Moderate,No,182.27
55.0,Female,31.53,113.8,116.7,217.0,69.1,77.5,217.9,Current,None,No,212.75
24.0,Female,21.81,104.2,137.9,178.4,90.7,72.2,27.6,Former,Low,No,169.09
32.0,Male,23.91,113.8,107.2,200.7,54.5,76.6,52.4,Former,None,Yes,134.61
48.0,Male,30.58,114.1,153.7,274.0,,70.9,117.5,Never,Moderate,Yes,199.41
50.0,Male,27.6,116.2,127.6,212.1,58.4,63.5,190.1,Current,None,Yes,216.52
66.0,Female,24.8,136.6,125.1,217.4,82.3,79.2,60.3,Never,None,No,201.04
76.0,Male,16.82,126.8,152.8,224.1,,72.4,118.0,Former,Low,No,199.86
74.0,Male,33.5,116.0,163.7,255.3,70.3,72.0,107.2,Former,None,Yes,179.38
35.0,Male,30.62,90.0,140.5,266.5,87.2,78.3,211.2,Never,High,No,199.76
61.0,Male,37.28,118.8,197.2,227.0,98.6,88.6,249.4,Never,None,No,201.61
49.0,Female,24.02,108.1,170.3,290.3,98.9,57.6,89.6,Current,Low,No,202.18
76.0,Male,19.73,133.9,136.3,251.7,62.9,72.0,89.0,Current,None,No,179.97
74.0,Female,,142.2,135.9,225.2,92.8,74.0,106.7,Never,Moderate,Yes,189.98
35.0,Female,26.06,93.4,157.9,195.1,84.1,72.6,100.5,Former,Low,Yes,180.16
31.0,Female,30.14,93.3,113.0,157.9,71.5,69.6,246.5,Former,Low,No,133.63
36.0,Male,35.1,105.9,155.9,226.0,141.1,70.9,83.2,Never,None,No,148.44
35.0,Female,28.94,96.2,132.2,243.6,42.5,74.9,214.6,Never,Low,No,136.71
31.0,,27.84,101.3,134.9,210.0,94.1,69.5,125.6,Never,High,Yes,184.99
27.0,Male,28.15,95.7,,228.4,,66.2,149.3,Former,High,Yes,210.76
39.0,Male,18.81,95.5,108.5,216.6,86.8,66.9,148.6,Never,High,Yes,152.99
22.0,Female,32.54,109.8,126.0,241.0,92.0,82.5,130.7,Former,Low,Yes,189.49
35.0,Male,32.86,106.7,157.0,191.8,,89.4,188.3,Current,Moderate,No,180.4
49.0,Male,29.65,134.0,176.7,252.4,105.8,69.7,156.4,Never,Low,No,194.45
64.0,Male,19.42,123.1,179.4,280.7,156.9,71.1,203.6,Former,Low,No,187.4
42.0,Female,26.39,124.4,110.0,,69.7,75.7,174.3,Never,Low,Yes,142.12
47.0,Female,34.19,102.4,143.3,271.5,81.1,73.8,,Current,None,Yes,206.99
70.0,Female,24.17,112.6,126.6,244.2,55.8,73.1,105.6,Never,None,No,160.35
59.0,Male,32.92,143.2,169.5,213.9,76.2,62.3,210.9,,Moderate,No,215.87
73.0,Female,27.28,115.5,152.6,223.3,93.3,67.3,80.0,Never,Moderate,No,194.82
24.0,Male,30.56,90.0,150.5,201.5,95.8,76.9,237.1,Former,None,No,174.69
39.0,Male,24.94,93.5,125.3,264.6,76.4,69.4,181.6,Current,Low,No,162.6
59.0,Female,27.42,139.5,158.0,218.9,104.7,91.2,,Never,Moderate,Yes,174.79
75.0,Male,29.18,120.5,152.2,255.5,79.5,92.1,10.0,Never,None,Yes,182.73
63.0,Female,21.58,123.2,140.4,256.1,138.8,65.6,143.4,Never,Moderate,No,168.47
20.0,Male,28.37,100.8,119.0,107.9,80.0,82.3,273.3,Never,Moderate,Yes,161.49
76.0,Female,16.0,115.5,159.3,204.4,105.6,73.7,60.7,Former,Moderate,No,192.98
49.0,Male,23.99,108.5,112.7,275.0,78.0,74.0,220.4,Current,Moderate,No,208.18
40.0,Male,29.72,118.1,138.5,248.8,70.2,78.3,151.2,Former,Moderate,No,157.14
39.0,Male,32.6,92.8,176.8,251.9,85.7,80.9,97.7,Never,Moderate,Yes,220.76
25.0,Male,29.36,109.3,156.2,179.4,64.4,64.3,138.8,Never,Moderate,No,152.25
41.0,Male,20.05,125.7,110.3,248.6,35.7,91.8,46.2,Never,Low,Yes,180.45
37.0,Female,32.16,110.2,128.9,197.2,101.0,74.3,145.9,Never,None,Yes,173.65
27.0,Male,21.3,118.2,130.5,199.6,67.3,53.2,175.4,Current,Low,,127.8
58.0,Female,30.07,,160.9,255.7,89.9,71.1,254.9,Never,High,No,184.6
51.0,Female,21.47,91.0,153.7,242.1,122.5,91.9,152.3,Never,High,No,201.29
52.0,Female,23.13,116.3,110.0,235.7,99.2,67.6,208.9,Never,Moderate,No,150.98
72.0,Male,22.22,115.4,166.6,233.1,96.6,95.2,57.3,Current,Moderate,No,205.9
35.0,Male,27.69,116.3,118.8,160.8,72.0,72.7,135.5,Former,High,No,170.17
31.0,Male,26.02,100.2,154.6,209.0,85.7,71.2,166.6,Current,Low,No,165.55
57.0,Female,29.54,117.4,118.8,174.0,125.1,63.9,78.3,Former,None,No,188.26
71.0,Male,26.91,122.9,129.9,259.8,84.3,80.0,101.1,Never,Low,No,182.0
53.0,Male,19.41,115.2,160.9,190.5,157.1,70.1,182.8,Never,High,Yes,206.88
80.0,Female,28.38,119.5,188.4,249.4,72.3,75.0,238.8,Never,None,Yes,217.8
33.0,Female,,90.0,120.8,184.0,78.3,69.5,192.5,Never,None,No,135.15
55.0,Female,22.58,112.1,130.0,239.7,106.1,80.8,88.6,Never,None,Yes,161.41
52.0,Female,25.18,130.8,138.4,,107.2,71.1,128.2,Never,Low,No,183.31
42.0,Female,24.83,101.6,141.1,222.3,98.3,,81.6,Never,Moderate,Yes,167.14
69.0,Female,,113.7,145.2,236.7,72.4,66.7,129.1,Never,Low,Yes,170.27
64.0,Male,33.86,120.7,152.7,248.5,59.5,62.0,,Never,None,No,144.89
21.0,Female,35.24,90.0,106.0,220.7,68.2,83.8,174.7,Former,Moderate,No,135.57
60.0,Male,38.25,129.0,153.4,215.1,111.6,79.0,122.5,Never,Low,No,180.31
40.0,Male,32.74,95.0,117.4,190.9,113.5,72.4,137.3,Current,Low,Yes,167.57
,Male,25.02,96.0,138.3,236.6,85.8,68.7,168.7,Never,High,No,172.76
46.0,Female,24.94,141.2,142.2,175.7,82.6,59.7,227.3,Never,Low,No,152.87
76.0,Male,24.66,110.5,146.7,306.1,90.9,72.8,151.0,Former,Moderate,No,178.56
28.0,Female,36.93,120.3,142.2,214.3,89.6,79.6,95.0,Never,None,,211.79
20.0,Female,26.42,100.5,161.7,173.5,117.7,77.8,126.4,Current,Low,Yes,200.27
30.0,Male,33.35,106.6,162.5,239.5,83.8,75.1,217.3,Never,None,No,175.95
22.0,Female,32.96,90.2,,191.9,81.9,58.0,179.6,Never,Low,No,149.58
71.0,Male,27.95,131.5,142.0,254.7,94.9,67.9,12.4,Never,Low,Yes,175.93
42.0,Male,19.74,104.5,148.7,243.3,73.1,75.5,197.3,Never,None,Yes,179.37
45.0,Female,,96.5,139.7,240.0,63.7,62.1,113.2,Former,Moderate,No,196.87
23.0,Male,,117.8,118.1,213.7,107.2,77.1,117.6,Never,Low,Yes,154.86
37.0,Male,33.39,102.0,134.4,240.0,81.5,59.8,201.1,Never,Moderate,No,169.81
74.0,Male,27.1,101.0,163.6,247.9,111.8,64.8,164.4,Never,Moderate,No,194.75
25.0,Female,20.96,98.0,136.9,217.5,98.1,58.9,148.5,Current,None,Yes,154.56
54.0,Male,31.94,124.0,161.8,205.1,61.4,68.7,152.5,Never,Low,Yes,174.24
41.0,Female,25.86,,146.7,256.4,72.0,58.4,106.7,Never,None,,150.27
62.0,Female,16.0,110.2,123.0,217.2,79.5,69.4,80.5,Never,Moderate,Yes,184.37
34.0,Male,28.62,93.6,126.3,217.8,73.9,63.3,126.8,Never,High,Yes,162.85
41.0,Male,29.5,92.1,,211.5,90.6,65.9,120.9,Former,Moderate,No,190.71
79.0,Female,22.79,125.3,145.5,262.7,90.0,81.1,73.0,Current,Moderate,,196.04
56.0,Female,26.04,117.0,123.8,258.8,95.6,73.2,175.1,Current,Low,No,205.94
71.0,Male,30.29,130.5,154.8,220.5,,80.5,118.8,Current,Low,Yes,181.69
61.0,Male,28.66,115.7,160.7,235.2,92.8,93.7,69.3,Never,Low,No,208.47
31.0,Female,19.19,101.8,112.6,202.6,42.8,56.1,,Never,None,No,129.42
66.0,Female,33.27,116.4,186.5,,87.0,69.2,50.5,Never,Moderate,No,185.96
68.0,Female,35.53,,139.9,,71.8,65.0,111.6,Never,Low,Yes,183.73
61.0,Female,24.45,,,219.6,69.6,67.4,201.7,Current,Low,No,115.97
57.0,Female,17.45,126.9,118.3,243.8,68.2,76.7,142.0,Never,Moderate,Yes,133.28
,Male,30.86,110.4,155.8,232.7,,87.7,149.4,Never,None,No,191.86
64.0,Female,23.63,120.1,145.4,239.4,124.9,79.7,38.1,,Moderate,No,183.52
54.0,Female,29.68,113.8,130.8,267.2,51.1,77.5,203.7,Never,Low,No,180.13
49.0,Male,38.01,100.7,124.2,201.1,74.1,82.1,135.4,Never,None,No,170.93
43.0,Male,19.27,109.3,103.8,231.1,52.3,85.7,144.0,Never,None,No,139.31
61.0,,23.02,109.7,107.7,240.3,43.3,89.9,58.9,Never,Low,Yes,180.35
49.0,Female,26.03,116.2,154.4,182.2,77.4,77.1,126.3,Never,None,No,145.86
33.0,Male,33.46,102.3,124.3,250.9,55.4,62.8,97.0,Never,None,No,180.35
25.0,Female,44.78,121.2,170.1,242.2,99.7,67.7,117.2,Never,High,Yes,213.0
22.0,Female,28.24,90.0,139.9,221.8,80.4,52.1,63.6,Never,Low,No,161.2
35.0,Male,18.84,90.0,142.3,192.5,78.3,,38.6,Never,Low,Yes,189.41
26.0,Female,25.27,104.9,114.3,222.6,81.8,63.2,272.3,Former,None,No,117.55
71.0,Male,23.13,114.2,151.2,218.5,56.4,68.0,124.1,Never,None,No,183.84
,Male,30.61,106.8,141.0,176.8,62.1,74.6,210.3,Never,Low,No,141.17
28.0,Male,28.88,90.0,136.1,207.4,90.4,,136.0,Never,Moderate,No,183.34
34.0,Male,21.79,128.2,124.8,222.8,56.2,80.8,136.7,Former,Low,Yes,200.99
40.0,Female,22.83,103.4,144.7,239.1,40.7,77.0,82.8,Never,None,No,178.33
54.0,Male,25.2,105.8,152.8,230.6,123.7,69.2,161.9,,Moderate,Yes,203.01
21.0,Female,25.8,122.1,125.7,199.5,86.5,70.0,199.2,Current,None,No,119.97
46.0,Female,26.79,120.8,130.3,249.6,103.0,66.4,164.4,Never,Low,No,154.7
21.0,Female,,116.1,117.7,190.0,60.2,93.9,158.2,Former,High,No,157.12
54.0,Female,33.17,112.2,153.0,221.0,58.1,64.9,144.8,Current,None,,192.62
37.0,,25.02,107.2,135.7,256.1,88.8,74.7,119.9,Former,Moderate,No,162.49
33.0,Male,,97.7,127.1,198.5,55.2,69.1,204.4,Never,,No,139.81
39.0,Male,20.31,99.0,101.8,232.2,93.0,,,Former,Low,No,129.48
37.0,Male,25.88,111.4,127.6,,84.9,76.4,99.9,Never,High,No,168.82
29.0,Male,28.28,,123.8,213.7,82.6,76.1,138.6,Current,Low,Yes,153.17
44.0,Female,18.38,136.4,124.5,215.9,83.1,69.1,68.0,,Low,No,125.38
,Male,25.29,109.6,170.6,247.1,139.4,60.0,73.7,Former,None,No,134.56
44.0,Female,32.8,132.4,155.0,190.6,103.7,65.7,125.3,Former,Low,No,194.24
80.0,Female,30.24,99.3,182.1,219.2,94.3,71.1,81.0,Never,Low,No,200.89
73.0,Male,28.87,,141.7,271.1,87.6,69.3,102.5,Current,Low,Yes,205.37
52.0,Male,30.11,90.0,147.0,219.5,67.3,,130.9,Never,None,No,185.85
55.0,Male,24.13,99.6,160.5,250.0,79.6,77.2,160.8,Never,Low,No,149.75
50.0,Male,23.47,91.5,106.6,218.9,99.8,60.6,137.5,Current,None,Yes,153.55
33.0,Female,33.36,107.8,139.0,241.4,84.6,71.0,243.2,Never,None,No,193.14
20.0,Female,31.14,98.8,145.0,178.8,102.5,55.7,169.7,Current,Moderate,No,161.33
65.0,Male,23.27,128.8,140.2,250.9,64.5,83.8,203.6,Never,Moderate,No,171.47
35.0,Female,17.61,104.7,108.7,185.4,91.7,66.1,203.3,Former,Moderate,Yes,162.49
,Female,23.37,137.6,136.0,261.3,78.3,68.1,174.3,Never,Low,No,170.89
65.0,Female,29.72,108.1,157.5,308.3,95.1,65.9,33.2,Former,Moderate,No,168.53
80.0,Male,23.71,141.0,120.7,225.3,78.6,90.5,115.6,Current,Low,No,173.69
71.0,Female,28.65,121.6,155.0,236.2,93.3,86.4,133.9,Current,Low,No,182.61
22.0,Male,34.1,128.2,152.5,205.6,86.0,71.0,141.2,Never,,Yes,165.14
54.0,Male,26.53,124.8,135.2,237.1,110.6,68.6,137.1,Former,Moderate,Yes,209.48
60.0,Female,28.17,113.4,119.0,171.5,43.5,92.3,67.1,Current,Low,No,168.22
25.0,Female,30.42,100.8,,208.0,90.7,75.3,233.5,Never,Moderate,No,171.79
44.0,Male,21.59,97.7,127.1,206.5,64.8,70.0,138.1,Never,High,No,126.54
32.0,Female,23.13,108.7,107.0,198.0,51.4,66.3,170.6,Former,Low,No,134.4
72.0,Female,30.63,118.7,157.0,257.9,137.0,81.9,68.6,Never,,Yes,221.1
53.0,Male,27.18,,145.4,238.0,65.0,71.1,,Never,None,No,180.56
27.0,Male,27.61,90.0,153.0,214.7,48.6,58.9,198.2,Never,Low,Yes,193.32
40.0,Male,27.17,104.0,133.5,186.2,102.8,73.5,198.5,Never,Low,Yes,156.44
53.0,Male,31.89,99.9,151.9,227.1,77.3,75.2,240.7,Former,High,No,184.71
23.0,Female,29.18,90.0,122.1,195.4,105.8,71.0,144.7,Current,Low,Yes,167.48
44.0,Female,29.24,117.1,133.0,237.4,32.0,76.9,170.2,Former,None,Yes,182.71
34.0,Male,33.11,118.8,156.0,191.6,130.4,68.6,175.1,Never,High,Yes,193.3
23.0,Male,35.03,90.0,,216.7,103.8,70.7,125.6,Never,Low,,166.27
64.0,Male,38.22,141.1,179.8,297.3,93.4,73.8,140.6,Former,Moderate,No,238.46
79.0,Female,24.1,142.4,148.3,172.9,48.8,63.1,62.3,Never,Moderate,Yes,199.93
31.0,Male,39.35,90.0,131.3,219.3,51.7,77.6,147.7,Current,None,No,176.52
51.0,Female,21.52,,119.9,163.3,61.8,77.8,42.2,Current,Low,,154.28
51.0,Male,36.68,107.4,200.2,238.6,120.8,81.8,87.9,Never,None,No,209.46
47.0,Male,23.83,110.0,132.5,241.7,62.4,63.5,34.0,Current,Low,No,144.18
32.0,Male,26.66,111.6,103.0,194.1,25.9,67.6,231.6,Never,High,No,132.47
50.0,Female,27.09,118.3,120.4,251.2,82.1,82.8,168.6,Former,None,No,164.99
33.0,Female,22.67,98.0,113.3,242.3,96.6,66.3,121.5,Never,Low,No,163.39
39.0,Female,27.43,100.6,120.4,227.0,125.5,88.1,100.5,Former,High,No,154.49
37.0,Male,22.92,100.4,108.5,193.7,50.4,57.7,207.1,Never,None,No,124.96
48.0,Female,20.83,125.3,156.2,230.3,69.4,67.6,,Never,None,Yes,195.66
79.0,Female,26.81,103.2,165.4,298.0,27.0,70.9,149.2,Never,None,No,214.0
25.0,Male,34.95,99.3,138.6,175.7,49.5,,227.6,Current,Moderate,No,163.96
51.0,Male,25.73,131.8,128.5,255.4,56.5,87.9,130.6,Never,Moderate,No,184.23
48.0,Female,,120.0,144.4,193.3,65.9,75.4,19.5,Never,Moderate,No,164.23
62.0,Female,22.77,130.5,,187.9,83.2,50.2,115.4,Never,Moderate,No,187.61
21.0,Female,20.58,97.7,101.8,156.1,83.7,69.8,165.2,Former,Moderate,No,128.22
,Female,29.27,111.6,129.0,253.0,91.4,76.2,164.4,Former,Moderate,No,158.75
42.0,Male,,109.6,163.2,264.7,80.8,75.7,118.1,Never,Low,No,199.19
38.0,Male,28.04,98.8,155.1,159.3,89.6,71.1,79.4,Never,,No,160.97
50.0,Male,31.13,139.3,173.4,258.2,65.8,84.6,33.8,Never,Low,Yes,245.86
70.0,Female,34.48,119.6,155.3,248.5,76.9,66.4,150.3,Never,Low,No,180.28
24.0,Female,26.82,108.4,122.6,170.6,49.5,61.4,139.0,Former,Moderate,No,119.68
38.0,Male,26.24,127.5,170.3,229.9,78.3,66.3,81.8,Current,Moderate,No,198.01
53.0,Male,29.36,100.7,156.5,217.6,130.6,96.5,163.5,Former,None,No,194.75
29.0,Female,30.25,90.0,134.9,273.7,85.4,69.5,194.6,Never,None,No,158.01
44.0,Female,20.01,115.7,135.9,224.6,69.5,82.7,,Never,Low,No,168.64
21.0,Male,28.48,107.6,122.2,202.5,88.3,80.6,213.4,Never,Low,No,163.92
30.0,Male,27.0,98.5,137.1,225.2,74.3,,185.8,Never,None,Yes,158.87
69.0,Male,23.05,107.2,148.1,274.7,123.9,73.8,107.1,Never,Moderate,No,228.86
80.0,Female,26.65,129.7,168.7,292.0,101.8,85.3,93.1,Former,None,,211.38
50.0,Female,21.17,112.2,113.6,243.5,49.2,98.6,113.6,Never,Low,Yes,196.57
75.0,Female,19.45,127.6,146.3,276.3,115.2,84.5,109.5,Never,None,No,198.46
34.0,Female,27.33,91.7,,244.8,88.2,68.4,228.8,Former,Low,No,179.03
28.0,Female,31.51,106.5,171.8,236.6,105.4,84.2,217.1,Never,Low,No,199.54
42.0,Female,25.26,118.7,126.8,204.6,97.6,68.3,167.6,Current,Moderate,No,173.54
38.0,Male,22.2,90.0,97.8,243.3,,61.7,242.9,Never,Moderate,No,119.82
28.0,Male,22.97,120.1,174.4,188.1,107.3,77.3,214.6,Never,Moderate,No,169.98
54.0,Female,29.74,117.4,137.5,239.6,79.6,60.1,120.0,Never,Low,Yes,165.17
40.0,Male,35.34,118.2,151.2,216.4,107.9,66.6,172.5,Never,Moderate,,197.95
28.0,Female,30.85,90.0,106.4,229.2,68.5,,226.6,Never,Moderate,Yes,174.99
47.0,Male,33.5,119.3,148.8,266.7,116.3,79.0,139.6,Current,Moderate,No,200.27
65.0,Female,21.76,99.5,169.2,220.4,105.2,66.2,107.1,Never,Low,No,192.02
70.0,Male,26.63,110.1,161.8,203.1,,75.7,214.3,Current,Moderate,Yes,219.2
,Male,,104.9,107.4,,86.5,,183.7,Former,Low,No,142.53
35.0,Female,20.0,102.4,109.0,231.5,76.6,79.8,203.0,Never,None,No,151.46
35.0,Female,23.71,106.1,145.2,251.1,113.9,75.0,106.3,Current,Low,No,200.23
79.0,Male,31.71,148.7,172.7,282.4,116.3,76.5,155.9,Never,None,No,227.76
52.0,Male,28.29,113.5,134.9,254.3,83.8,72.6,119.8,Never,Low,No,199.23
23.0,Female,22.17,108.9,128.0,174.4,10.0,60.7,154.2,Current,Low,No,172.81
23.0,Male,18.85,99.5,93.9,210.8,86.9,83.1,103.3,Former,High,No,120.62
58.0,Female,33.69,,131.5,301.1,90.2,77.2,112.4,Never,Low,No,176.53
59.0,Female,16.73,104.8,83.4,204.4,117.6,70.6,45.7,Never,None,No,137.73
36.0,Male,30.16,110.6,156.1,182.5,61.1,69.4,206.9,Never,Moderate,No,173.48
56.0,Female,24.33,145.6,137.2,,78.2,72.4,96.6,Never,Low,No,135.9
58.0,Male,32.24,117.2,152.8,265.4,54.4,66.0,143.7,Current,Low,No,150.69
79.0,,21.79,122.3,90.2,250.5,50.5,70.0,42.2,Former,Moderate,No,118.28
71.0,Female,,135.6,170.2,310.9,128.8,83.3,140.0,Current,Moderate,Yes,254.61
48.0,Male,29.01,123.9,152.9,201.8,51.9,58.6,10.0,Current,Low,Yes,202.45
71.0,Female,29.84,127.2,117.1,205.3,,91.2,63.4,Never,Low,No,162.34
55.0,Female,23.13,111.0,137.6,264.6,95.9,73.2,,Former,Low,No,159.89
79.0,,26.33,139.3,151.5,210.9,92.3,68.0,69.6,Never,,No,201.03
,Male,26.46,117.1,134.6,239.6,74.9,70.2,114.3,Never,Low,No,181.85
58.0,Female,35.98,127.1,182.2,283.2,42.3,77.2,,Never,Low,No,188.63
69.0,Male,29.0,111.2,171.7,250.9,122.9,70.0,189.3,Former,None,No,178.43
56.0,Female,29.72,108.2,207.5,214.5,102.4,79.2,112.5,Never,Moderate,No,204.95
71.0,Female,29.66,123.1,132.6,283.1,59.0,,185.7,Former,Moderate,Yes,182.15
80.0,Female,30.14,111.2,166.9,261.0,100.5,68.0,67.2,Never,High,No,198.16
54.0,Male,20.05,109.9,158.4,213.5,118.1,75.3,46.9,Never,Low,No,164.46
26.0,Male,37.25,90.0,133.8,262.8,76.0,65.3,231.3,Former,High,No,159.92
,Female,22.61,92.2,162.3,205.3,77.5,90.1,157.3,Never,Low,No,177.24
47.0,Female,26.81,140.4,145.6,,86.7,80.0,140.5,Former,Low,No,184.54
41.0,Male,34.66,101.1,117.5,201.7,84.5,76.7,107.0,Never,None,Yes,130.57
33.0,Male,36.67,98.6,125.4,256.4,89.4,72.4,213.0,Former,None,No,155.32
26.0,Male,31.03,102.7,125.9,220.7,73.7,67.8,52.3,Never,High,No,131.21
56.0,,,102.5,137.8,213.6,110.3,71.0,170.7,Former,High,No,197.99
80.0,Male,27.64,120.0,177.5,212.6,77.8,67.7,39.3,Never,,No,198.22
41.0,Female,27.83,130.5,136.4,257.5,78.9,74.0,165.4,Never,Low,Yes,175.15
24.0,Male,28.01,105.1,152.2,189.8,84.4,59.5,265.0,Former,High,No,175.98
74.0,Female,20.85,,143.6,187.8,51.4,87.8,108.2,Former,Moderate,No,196.31
21.0,Female,33.3,118.3,138.0,209.6,91.3,71.0,153.4,Never,None,No,132.33
46.0,Female,27.67,113.2,134.7,251.3,84.2,84.8,107.3,Never,Low,No,156.49
40.0,Male,23.39,,148.1,231.6,82.6,80.0,132.3,Current,None,Yes,183.25
,,24.51,105.6,149.4,244.8,98.4,74.0,86.9,Former,Low,Yes,169.65
57.0,Male,,111.1,132.8,220.8,77.2,77.4,126.9,Current,Low,No,162.23
34.0,Female,19.99,103.4,,,110.9,,130.7,Never,None,No,113.42
40.0,Female,31.39,98.3,135.0,257.5,92.6,71.1,,Never,Low,Yes,162.16
29.0,Male,28.17,121.6,123.9,153.0,86.6,64.1,120.0,Never,High,No,140.89
42.0,Female,34.83,122.1,170.9,201.5,80.0,87.2,132.3,Never,Low,No,222.0
77.0,Female,27.39,136.5,150.6,247.2,46.2,76.7,105.6,Never,Moderate,No,201.87
75.0,Female,21.57,122.4,181.7,184.7,116.3,82.4,200.9,Never,Moderate,No,165.62
58.0,Male,21.01,103.7,148.0,218.4,45.2,,212.4,Never,Moderate,Yes,163.63
24.0,Female,25.05,116.7,112.1,164.8,68.3,84.9,173.4,Never,None,No,145.04
20.0,Male,25.58,103.0,109.9,209.5,92.8,63.9,134.6,Never,Low,Yes,136.02
32.0,Male,24.16,113.7,105.7,189.2,52.9,70.3,167.3,Never,Low,No,126.0
,Male,27.64,115.4,148.1,205.7,76.7,67.8,96.0,Never,Low,No,200.71
45.0,Male,24.04,114.0,118.3,198.7,45.7,74.9,,Never,Low,No,128.72
69.0,Male,28.27,145.0,110.5,262.8,53.4,68.1,118.0,Never,None,No,204.96
64.0,Female,24.4,110.9,113.1,232.4,57.1,79.2,82.9,Current,None,No,140.25
40.0,Male,30.16,104.3,121.4,246.7,67.3,74.4,105.6,Never,Low,Yes,132.57
72.0,Male,25.45,142.1,154.2,276.7,91.8,73.1,86.6,Former,Low,No,226.26
37.0,Male,33.23,107.6,143.3,,90.3,62.2,269.4,Never,High,No,176.77
56.0,Female,30.26,113.7,165.6,215.2,124.8,72.6,136.1,Never,High,Yes,198.55
64.0,Female,27.97,115.8,132.2,227.2,70.6,73.0,24.3,Current,None,No,185.72
51.0,Female,25.96,121.1,133.7,299.2,94.0,80.9,141.8,Former,Moderate,No,155.4
55.0,Female,19.4,112.0,162.2,202.4,77.8,70.6,152.6,Former,None,No,163.15
36.0,Male,34.07,102.1,139.6,216.8,120.7,62.9,141.3,Never,Moderate,No,188.61
54.0,Male,23.6,122.3,,230.3,87.1,57.2,161.9,Never,Moderate,Yes,166.14
68.0,Female,27.45,121.7,137.7,257.2,78.6,84.6,84.5,Never,None,No,166.49
79.0,Female,28.72,113.4,152.4,256.3,70.9,73.5,97.9,Never,Moderate,Yes,219.47
30.0,Female,26.08,103.9,138.8,255.6,103.5,74.2,145.2,Current,Moderate,No,173.99
40.0,,33.77,124.7,158.9,231.5,93.5,67.4,103.2,Current,,No,200.69
71.0,Male,20.89,131.1,142.5,231.9,89.4,69.1,60.9,Former,None,No,152.09
,Female,35.67,141.5,160.7,284.7,68.0,73.9,114.7,Never,Low,No,206.99
72.0,Female,30.36,113.6,158.3,224.4,73.2,,124.8,Never,Low,Yes,219.96
,Female,25.77,123.1,123.2,234.1,39.4,69.1,10.0,Never,Moderate,Yes,142.59
23.0,Female,25.82,92.6,,188.9,66.8,77.1,128.0,Former,Low,,130.55
53.0,Female,16.0,99.1,130.4,249.5,70.1,79.4,113.7,Former,Low,No,179.79
71.0,Female,22.76,,,276.6,61.8,70.0,123.1,Never,Moderate,Yes,204.08
67.0,Female,25.23,,129.1,,78.6,,161.8,,None,No,150.73
79.0,Male,27.88,137.9,152.0,,80.5,57.8,88.7,Former,None,No,188.03
37.0,Male,33.3,110.4,126.8,169.4,63.4,56.7,175.7,Current,Low,No,156.35
59.0,Male,37.19,114.7,153.1,252.7,69.7,68.9,48.2,Former,None,Yes,164.22
54.0,Male,28.36,101.9,162.7,170.8,95.6,73.5,202.2,Current,High,No,185.82
60.0,Male,,125.5,137.2,233.1,65.9,62.2,120.2,Former,Moderate,No,150.04
48.0,Male,24.55,123.2,134.1,204.4,,79.0,51.0,Never,Moderate,No,174.34
71.0,Female,18.42,125.5,114.2,248.5,,82.1,145.9,Former,None,No,129.72
48.0,Female,23.97,99.0,124.9,219.0,98.9,,119.2,Never,Low,Yes,178.46
57.0,Male,25.97,125.4,114.3,214.2,49.8,65.4,226.7,,None,Yes,158.14
61.0,Female,31.88,132.2,158.5,265.1,86.9,77.4,209.9,Current,None,No,177.36
40.0,Male,29.6,126.4,147.0,188.9,65.5,87.0,189.8,Never,Low,No,150.1
61.0,Female,28.11,,153.5,252.2,98.1,69.9,10.0,Never,Low,No,174.57
32.0,Female,24.1,109.6,135.2,262.9,80.9,79.8,135.7,Former,Moderate,No,168.08
68.0,Female,,114.2,139.0,255.5,127.2,74.0,185.6,Never,High,Yes,174.27
,Female,17.39,105.9,102.4,210.3,62.5,74.2,169.2,Never,None,Yes,148.82
36.0,Female,,125.2,106.9,173.2,33.7,70.0,93.9,Current,Moderate,,149.14
75.0,Female,25.54,130.5,109.2,271.9,71.9,83.2,103.8,Never,None,Yes,191.26
28.0,Male,31.97,,130.4,177.5,85.0,88.9,184.5,Never,Low,No,197.96
60.0,Male,31.84,102.3,137.3,240.6,69.3,81.3,35.3,Never,None,Yes,181.16
,Female,30.97,102.5,132.9,223.5,64.9,59.8,76.1,Never,High,No,163.18
21.0,Male,24.42,105.5,167.8,167.4,67.4,68.2,292.1,Never,Moderate,No,170.7
79.0,Female,32.72,115.6,177.0,228.8,107.5,57.6,89.0,,Low,No,190.69
67.0,Male,22.34,138.0,168.4,197.4,107.0,92.7,11.7,Never,None,Yes,175.48
48.0,Female,31.27,108.7,161.4,273.5,145.0,75.8,95.7,Former,Moderate,No,183.14
52.0,Male,18.63,118.8,126.4,263.6,75.6,65.7,148.1,Never,Low,No,158.18
29.0,Female,21.11,96.4,121.7,245.7,80.9,73.5,194.6,Never,Low,No,150.63
69.0,Male,,106.7,,303.8,92.0,91.3,78.7,Former,Moderate,No,254.48
77.0,Female,25.98,135.6,155.7,230.4,149.0,67.4,41.9,Never,Low,No,162.35
79.0,Male,23.6,130.1,143.1,196.0,98.7,70.0,153.8,Former,None,No,179.25
59.0,Female,32.51,119.4,179.2,288.1,97.8,63.0,71.9,Current,,No,209.12
40.0,Female,33.09,104.7,153.9,250.0,135.1,77.1,127.1,Never,Low,Yes,213.11
47.0,Female,24.83,115.4,110.2,243.3,72.3,71.3,171.6,Current,,No,136.08
30.0,Male,28.39,118.7,130.7,179.8,158.7,51.8,,Never,Moderate,,172.72
74.0,Male,27.68,115.1,153.5,250.3,125.3,77.8,220.8,Never,Low,No,173.23
53.0,Male,16.0,120.6,117.2,218.0,75.5,81.6,,Former,,No,169.39
27.0,Female,20.02,104.6,112.3,193.6,85.6,66.2,132.5,Never,None,No,134.41
,Male,31.71,122.9,,232.6,91.5,74.6,85.1,Never,Moderate,Yes,216.74
41.0,Female,22.84,90.0,97.9,158.4,85.8,70.3,,Never,,No,133.06
27.0,Male,29.65,102.0,99.3,186.8,57.0,77.1,212.4,Never,None,No,115.49
68.0,Male,28.32,128.7,139.1,162.6,129.8,59.3,96.6,Former,Low,No,135.87
34.0,Male,33.08,109.2,136.0,207.0,68.2,65.6,303.4,Never,High,No,191.84
36.0,Male,20.18,90.0,99.4,186.4,75.4,68.9,150.2,,,No,121.44
79.0,Female,28.97,140.5,138.5,221.1,,82.1,118.0,Former,Low,Yes,217.3
42.0,Male,26.67,128.7,132.0,228.7,74.3,72.2,53.1,Never,None,,175.99
43.0,Male,23.05,108.0,149.8,204.1,59.1,60.5,106.5,Never,Moderate,,184.62
64.0,Female,23.02,146.5,,224.9,95.6,68.7,157.0,Former,Low,No,169.61
38.0,Female,28.14,97.1,155.1,254.7,94.7,83.2,172.8,Never,Moderate,No,181.34
24.0,Male,30.15,90.0,115.9,196.8,,58.8,97.0,Never,,No,201.24
51.0,Male,27.32,100.8,137.7,239.1,76.8,82.1,105.7,Current,None,No,157.38
63.0,Female,27.47,121.3,169.5,207.1,97.7,82.3,10.0,Never,Low,No,204.51
20.0,Female,24.51,90.0,91.4,202.0,94.4,81.4,115.5,Current,Moderate,No,136.84
42.0,Female,24.84,105.2,125.4,212.2,104.7,82.1,234.2,Current,None,No,165.58
56.0,Male,23.04,150.4,141.1,227.9,95.0,85.5,139.4,Never,None,Yes,186.13
27.0,Male,24.41,90.0,95.5,166.7,59.0,54.8,214.4,Former,None,Yes,99.44
32.0,Male,29.97,97.8,145.1,181.1,78.3,83.1,55.6,Current,Moderate,Yes,193.02
27.0,Female,30.53,90.0,163.8,199.3,87.0,75.4,158.0,Former,,No,182.53
76.0,Female,20.62,,164.2,277.5,82.6,69.7,102.2,Former,Low,Yes,230.97
42.0,Female,22.52,,126.7,171.7,55.1,61.5,105.0,Never,Low,Yes,134.1
62.0,Male,23.45,109.9,155.1,278.3,72.1,74.0,108.5,Former,Low,Yes,199.8
20.0,Female,26.68,97.1,95.8,177.9,81.8,91.8,130.0,Never,,No,110.97
64.0,Male,18.58,126.4,138.5,229.1,69.4,78.6,55.3,Former,None,No,189.74
70.0,Female,22.61,138.1,137.2,265.5,83.8,70.0,,Former,Low,,202.65
43.0,Male,20.07,105.9,123.8,199.8,78.3,93.6,186.4,Never,Low,Yes,152.34
54.0,Male,29.0,114.4,147.6,224.5,96.7,78.9,85.4,Never,High,Yes,168.93
43.0,Female,26.85,,,259.1,71.0,78.3,97.8,Never,Low,No,176.2
36.0,Male,24.69,91.4,104.6,240.2,10.0,74.3,188.9,Never,None,,156.0
24.0,Female,21.68,99.0,102.8,214.4,57.4,75.3,158.1,Never,High,Yes,166.97
39.0,Male,24.76,101.5,127.6,208.2,59.3,50.0,122.7,Current,High,No,139.53
40.0,Female,24.18,119.4,99.7,210.3,23.7,,146.4,,None,No,121.1
59.0,Female,35.17,137.6,160.3,213.8,78.9,80.7,237.3,Never,Moderate,No,173.75
77.0,Male,31.99,115.3,,247.9,81.5,89.2,170.9,Never,Moderate,No,199.89
50.0,Female,23.55,127.9,160.2,222.5,90.5,93.4,226.8,Current,Low,No,175.03
65.0,Male,27.83,101.7,150.5,238.7,99.2,83.9,159.0,Never,None,No,192.57
55.0,,31.72,117.2,184.5,244.0,140.8,75.1,85.6,Never,Moderate,Yes,226.38
30.0,,23.54,106.6,125.5,233.7,81.0,71.8,125.7,Never,None,No,166.98
71.0,Female,19.91,104.1,116.2,192.5,76.3,68.2,71.5,Former,Low,No,174.0
34.0,Female,18.02,95.4,118.1,181.3,120.3,76.4,180.6,Former,Low,Yes,121.28
38.0,Male,33.36,96.0,141.8,254.6,56.7,89.7,126.1,,Low,No,173.27
26.0,Female,26.04,90.0,137.7,271.3,56.7,67.6,107.7,Current,Moderate,No,173.86
70.0,Female,28.46,90.0,156.9,214.9,103.2,76.1,107.7,Never,Moderate,No,165.56
47.0,Male,24.13,108.7,138.3,201.2,112.4,66.2,57.7,Former,High,No,170.97
,Male,20.66,120.5,157.0,198.2,121.4,83.7,169.5,Never,Low,No,182.9
62.0,Male,21.59,116.8,129.7,171.8,40.7,85.0,68.0,Never,None,No,146.81
77.0,Male,20.29,133.8,151.8,248.4,49.1,,,Never,Low,No,180.19
24.0,Male,31.25,90.0,140.9,223.9,81.7,76.0,181.0,,Low,,163.11
24.0,Male,34.46,96.2,143.0,203.0,100.6,50.0,187.1,Never,Moderate,No,176.12
49.0,Female,27.19,142.8,139.4,216.3,75.4,70.3,69.9,Never,Low,No,192.71
73.0,Male,19.41,133.5,116.0,232.8,49.7,86.2,115.0,Never,Moderate,Yes,179.94
51.0,,29.48,123.7,140.6,213.3,56.2,68.7,102.6,Former,None,Yes,210.48
27.0,Male,33.32,90.0,137.1,,105.8,59.3,56.3,Never,,Yes,127.28
29.0,Female,31.86,100.7,126.0,251.3,102.6,77.3,229.9,Current,None,No,158.87
57.0,Female,26.85,90.0,119.2,208.0,90.6,72.4,120.5,Never,High,No,137.08
66.0,Female,25.83,126.7,136.0,230.1,81.5,75.8,92.8,Never,Moderate,No,204.0
51.0,Male,26.81,129.8,132.3,222.2,62.2,75.9,206.7,Never,None,No,141.85
67.0,Male,33.13,102.8,134.0,232.5,39.9,82.3,169.9,Former,Low,,200.55
,Male,30.8,97.2,121.3,229.2,44.4,82.3,316.4,Current,None,No,152.88
,Male,25.07,105.8,93.7,140.0,22.9,75.2,92.3,Never,Moderate,No,116.7
50.0,Female,24.95,114.3,142.7,238.5,78.3,,100.7,Current,None,No,184.06
27.0,Male,24.59,95.6,144.1,174.0,95.7,70.8,259.4,Former,Moderate,Yes,199.91
59.0,Female,21.68,106.8,136.5,202.7,,76.4,76.8,Former,None,Yes,157.19
44.0,Female,33.76,100.1,141.5,223.8,115.7,72.6,97.2,Never,Low,No,179.01
,Male,23.06,102.0,99.5,161.3,,60.5,147.3,Current,Low,Yes,149.62
21.0,Male,29.45,106.5,91.9,239.5,31.0,,248.8,Current,Low,No,124.84
34.0,Male,23.69,104.7,127.6,183.3,76.7,72.1,117.2,Former,None,No,140.2
69.0,Female,24.61,119.3,156.5,312.8,87.4,88.7,240.2,Never,Low,No,179.39
,Male,26.43,90.0,112.2,,85.3,74.7,,Never,Low,No,143.6
68.0,Female,29.73,131.0,172.2,228.9,113.9,78.1,189.6,Current,High,No,182.5
55.0,Male,25.7,114.1,128.5,219.3,,81.8,108.7,Never,Low,No,164.62
23.0,Female,21.3,95.1,139.0,197.6,72.9,73.3,102.7,Never,None,No,130.1
33.0,Male,27.1,107.9,119.1,257.5,107.1,65.9,178.8,Never,None,No,151.17
60.0,Male,23.17,106.9,91.1,255.7,85.3,72.4,43.1,Never,None,Yes,133.22
60.0,Female,34.72,112.0,168.8,268.6,37.1,84.2,32.7,Never,Low,No,226.48
44.0,Male,25.7,111.1,119.3,209.5,93.5,78.8,176.3,Former,,No,160.35
77.0,Male,23.66,116.5,119.7,229.2,57.4,67.3,76.2,Never,None,No,146.43
74.0,Male,36.87,103.6,176.0,277.4,58.0,77.5,34.6,Current,None,No,246.52
69.0,Male,30.69,99.3,139.2,284.3,89.2,65.5,81.9,Never,Low,No,153.45
29.0,,22.52,108.4,98.6,196.5,120.6,72.0,181.8,Former,Moderate,Yes,146.65
40.0,Male,23.05,107.6,153.5,191.8,87.5,81.2,89.3,Former,Low,Yes,188.17
55.0,Male,29.37,114.0,143.1,203.7,78.7,67.8,10.0,Never,None,Yes,177.88
31.0,Female,27.22,90.0,106.7,161.4,74.5,70.4,140.3,Current,None,Yes,146.59
46.0,Female,31.45,110.5,137.7,214.8,135.8,64.1,155.3,Former,Moderate,No,161.73
59.0,Male,23.69,111.7,177.8,221.8,91.3,79.0,168.5,Never,None,Yes,179.78
21.0,Male,30.51,92.2,135.3,203.0,104.0,71.8,214.3,Former,None,Yes,181.67
73.0,,16.0,121.9,121.9,246.7,68.9,68.9,102.6,Never,Low,No,159.47
32.0,Female,26.23,108.0,140.4,194.8,71.4,75.1,252.7,Current,None,No,168.03
72.0,Female,23.91,143.4,137.5,291.2,114.2,74.3,105.4,Never,Low,No,197.11
51.0,Male,24.72,119.7,128.3,191.2,55.7,77.4,118.6,Former,Moderate,No,152.23
50.0,Female,26.49,122.8,128.1,243.5,96.2,64.5,116.1,Never,None,No,152.97
35.0,Male,32.69,119.0,158.4,184.9,82.9,68.7,153.3,Never,Low,Yes,173.11
51.0,Male,21.23,103.8,135.4,194.7,65.7,74.1,159.1,Never,Low,No,155.34
51.0,Male,16.06,109.1,149.2,219.6,78.0,79.1,207.9,Never,None,No,194.36
79.0,Male,21.81,114.7,151.0,273.7,38.3,66.3,76.1,Never,None,No,181.66
53.0,Female,32.11,105.7,177.7,226.6,74.1,74.1,85.2,Never,Low,Yes,149.72
30.0,Female,18.78,98.4,130.2,198.8,83.5,80.1,157.8,Former,Moderate,Yes,164.91
,Male,24.14,94.6,122.0,237.8,72.3,71.7,126.8,Never,Low,No,156.76
34.0,Female,31.2,,137.8,181.9,62.4,68.7,84.8,Never,Low,No,181.33
36.0,Female,26.71,111.4,166.8,233.7,126.0,66.8,210.8,Never,None,Yes,210.75
59.0,Male,32.64,100.9,177.2,221.2,75.2,68.8,188.4,Never,Moderate,No,244.66
37.0,Female,16.83,102.9,146.4,207.0,117.9,73.8,62.9,Current,None,No,164.65
74.0,Male,25.39,119.7,130.8,259.7,84.0,56.9,102.9,Never,Moderate,No,178.36
28.0,Male,33.69,90.0,107.7,181.1,66.9,66.1,183.5,Never,Low,No,146.74
44.0,Male,21.37,100.6,113.8,191.5,76.9,76.1,243.1,Never,None,,130.72
59.0,,32.17,127.0,156.0,258.6,96.1,80.2,120.5,Current,Low,Yes,204.94
78.0,,25.82,135.4,139.8,241.5,62.9,66.6,154.3,Never,Moderate,Yes,176.08
33.0,Male,29.17,90.0,137.0,192.6,62.5,65.8,127.0,Never,Moderate,No,151.34
,Female,33.32,131.2,,264.9,85.1,75.8,130.9,Current,Low,No,203.05
77.0,Male,29.15,107.0,124.5,222.0,88.2,80.6,157.3,Former,Moderate,,188.74
44.0,Male,24.04,105.0,141.0,182.7,98.9,69.0,156.6,Former,None,No,167.8
69.0,Female,29.81,119.9,154.3,179.0,116.4,73.2,116.4,Current,High,No,172.39
41.0,Male,23.69,117.5,155.3,222.8,62.3,75.1,193.3,Never,None,Yes,154.96
71.0,Female,28.37,119.9,155.2,246.7,97.2,64.1,188.3,Never,None,No,174.58
49.0,Female,20.74,99.9,144.3,231.2,85.2,87.3,141.2,Never,None,No,191.91
39.0,Male,27.15,93.3,121.2,249.6,65.7,72.7,198.7,Former,,Yes,177.11
40.0,Male,32.95,110.0,152.0,217.1,132.3,68.8,110.1,Never,None,No,181.33
63.0,Male,25.51,110.7,158.7,232.9,100.1,84.1,98.4,Never,Moderate,Yes,207.9
51.0,Male,32.47,108.0,159.9,242.7,122.4,74.0,217.4,Never,None,Yes,170.57
70.0,Male,42.47,133.1,170.4,247.2,20.6,72.8,10.0,Former,Moderate,No,232.17
65.0,Male,26.86,124.5,153.5,197.6,111.8,77.3,105.4,Never,Low,No,170.01
68.0,Female,30.07,139.6,,213.0,104.5,74.6,127.7,Former,Moderate,Yes,179.46
75.0,Female,29.38,111.5,177.4,249.6,112.5,69.3,45.5,Current,None,Yes,214.27
40.0,Male,28.13,99.5,,245.6,73.3,,200.2,Never,Low,No,178.68
54.0,Female,30.94,116.5,128.7,277.7,126.5,59.6,125.8,Never,Low,No,178.01
77.0,Female,25.76,146.5,135.9,239.8,78.2,71.3,146.9,Former,None,No,178.89
51.0,Male,23.69,103.4,138.5,226.4,83.1,89.6,214.1,Never,None,No,147.59
49.0,Male,19.37,112.5,128.1,266.7,58.3,73.7,200.6,Never,None,No,153.35
74.0,Female,25.29,139.2,160.0,,90.2,60.5,,Former,Low,Yes,243.99
58.0,Male,31.51,116.7,166.5,242.0,89.4,83.6,62.2,Current,None,No,216.03
68.0,Female,22.3,132.8,107.3,241.1,96.2,71.7,93.6,Never,High,No,163.43
31.0,Male,28.23,127.4,125.5,225.9,92.9,61.7,157.7,Never,Moderate,Yes,154.44
60.0,Female,26.38,120.5,148.0,199.1,112.6,,25.2,Never,None,No,141.92
66.0,Female,23.9,125.2,163.0,256.8,89.7,84.0,204.9,Never,None,No,163.78
37.0,Female,17.73,115.6,119.1,213.7,69.2,84.6,150.4,Never,High,Yes,153.85
40.0,Female,33.81,,171.7,255.4,114.5,63.3,128.1,Never,Low,No,173.75
32.0,Male,29.59,90.0,146.7,226.1,89.8,70.1,41.9,Never,Low,Yes,152.22
,,40.33,109.9,164.4,262.0,40.6,,141.7,Never,Moderate,No,194.65
27.0,Female,32.4,94.6,137.0,185.6,,62.6,158.0,Former,Low,Yes,143.9
65.0,Female,33.7,131.9,157.7,230.6,42.1,79.1,72.4,Never,Moderate,No,203.6
59.0,Male,18.25,120.3,136.7,226.1,64.9,83.4,140.3,Never,Low,No,177.84
65.0,Male,18.17,131.7,129.8,206.1,103.0,69.9,111.4,Former,Low,Yes,202.59
26.0,Female,27.21,90.0,,227.7,80.2,72.3,65.3,Never,Low,No,148.92
42.0,Female,21.26,120.9,,170.8,79.4,73.5,,Current,None,No,152.63
63.0,Female,23.59,90.8,162.7,227.9,87.7,83.6,256.2,Former,Moderate,No,158.92
51.0,Female,39.63,99.5,142.6,226.6,,72.9,229.6,Never,Low,No,193.89
30.0,Female,32.95,111.1,121.9,194.0,70.3,71.5,177.0,Never,None,Yes,146.95
41.0,,22.32,102.4,137.9,172.5,123.2,80.3,155.3,Never,,No,147.66
41.0,Female,16.0,103.6,117.6,203.9,38.7,73.2,57.2,Never,Moderate,Yes,152.55
62.0,Male,21.9,119.2,142.6,226.9,89.9,68.6,135.0,Never,Low,No,150.64
44.0,Male,24.21,126.9,113.4,269.4,86.9,62.5,121.3,Never,Low,Yes,190.43
41.0,Male,25.39,90.0,107.8,284.6,53.1,66.5,10.0,Current,Low,No,138.15
47.0,Female,20.6,126.1,133.3,184.2,95.9,74.7,114.0,Former,None,No,162.69
48.0,Male,32.65,127.3,135.2,177.4,67.6,60.9,102.2,Former,Moderate,Yes,164.54
32.0,Male,23.44,98.3,139.8,170.7,94.5,73.8,63.2,Never,High,No,151.34
37.0,Male,30.24,98.3,129.0,215.9,52.4,58.2,138.1,Never,Low,No,157.5
21.0,Male,27.27,98.0,112.1,230.9,76.2,61.5,76.8,Former,Low,No,132.91
48.0,Female,31.69,103.0,106.5,215.9,121.3,78.5,156.1,Former,Moderate,Yes,102.72
40.0,Female,25.81,112.1,156.8,230.7,70.0,68.0,171.7,Never,Low,No,193.64
34.0,Male,22.38,111.0,138.7,182.3,74.4,73.6,33.0,Never,Low,Yes,133.52
71.0,Male,24.01,103.3,118.4,226.5,112.7,74.0,90.4,Never,None,No,148.48
46.0,Female,24.08,99.7,98.3,222.4,96.6,86.5,109.8,Never,Moderate,Yes,153.44
69.0,Female,37.32,106.8,155.0,255.3,127.7,75.5,101.9,Never,Moderate,No,196.92
50.0,Female,27.38,115.1,158.4,224.6,82.3,63.6,10.0,Never,None,No,184.66
34.0,Male,27.02,115.8,124.0,180.4,86.0,77.0,167.6,Never,Moderate,Yes,158.86
70.0,Female,31.41,108.6,153.0,283.2,98.7,64.9,197.5,Never,Low,No,189.86
42.0,Male,,119.3,154.9,252.0,72.1,81.1,222.6,Never,Moderate,No,186.77
43.0,Male,32.61,98.3,128.7,260.7,,79.4,188.3,Current,Moderate,No,199.55
63.0,Female,25.14,127.0,131.3,215.4,53.7,76.5,10.0,Never,Moderate,No,162.53
32.0,Male,24.63,,132.8,209.2,70.4,78.2,113.6,Never,Moderate,No,180.77
41.0,Female,22.1,103.1,123.8,195.9,50.2,82.6,167.8,Current,Low,No,149.23
62.0,Male,36.25,131.6,,220.6,70.9,73.5,146.5,Former,Low,No,199.24
56.0,Female,26.65,136.7,,238.0,67.3,74.8,190.5,Former,None,Yes,198.4
80.0,Male,21.13,102.7,154.1,185.0,,77.4,90.6,Former,Low,No,157.54
52.0,Male,27.98,120.6,158.2,251.9,99.0,66.4,63.1,Never,Low,Yes,169.67
75.0,Female,23.75,125.9,144.0,210.8,72.8,69.6,138.7,,Moderate,No,189.74
22.0,Female,25.05,107.8,93.3,188.6,60.1,71.1,,Former,Low,,121.7
73.0,Female,28.55,105.6,153.7,,101.9,74.6,188.0,Former,Moderate,Yes,170.81
38.0,Female,34.6,94.1,126.4,274.8,71.4,74.1,179.8,Former,None,Yes,171.62
42.0,Male,27.51,100.8,101.4,237.0,57.4,67.7,118.9,Former,High,No,172.53
48.0,Female,23.44,114.2,129.2,221.1,51.0,59.4,143.1,Former,Low,Yes,192.99
49.0,Female,24.48,103.3,138.0,201.7,112.0,85.9,194.3,Never,Moderate,No,137.51
58.0,,30.28,112.2,178.3,206.7,61.7,60.9,154.0,Former,High,No,148.39
63.0,Female,17.21,128.3,109.2,218.5,66.3,81.2,127.9,Former,Moderate,No,150.47
66.0,Female,21.79,144.3,151.7,241.2,68.6,71.3,131.5,Never,Low,Yes,178.65
44.0,Male,28.06,118.9,110.9,214.6,77.0,74.1,120.6,,Moderate,No,192.15
56.0,Female,18.47,125.5,,234.3,78.6,79.2,149.3,Current,Moderate,Yes,204.01
66.0,Female,25.44,117.5,132.8,289.4,83.3,,118.8,Never,Moderate,No,162.58
27.0,Female,24.61,91.5,120.5,171.2,58.7,58.7,95.7,Never,Low,Yes,124.79
61.0,,31.39,113.5,146.9,247.3,76.4,82.7,145.6,Never,Low,Yes,199.62
77.0,Female,25.75,124.0,,296.5,62.9,81.0,138.0,Never,Low,Yes,195.03
35.0,Female,32.93,91.8,117.3,210.6,53.9,72.2,200.9,Former,Low,No,137.85
27.0,Male,27.39,111.9,127.8,201.0,69.5,78.4,65.5,Never,Moderate,No,165.57
20.0,Female,35.88,117.2,129.9,222.6,84.1,73.4,173.7,Never,Low,No,146.89
63.0,Male,20.06,119.8,175.0,246.7,93.0,73.3,99.0,Former,Low,No,197.05
24.0,Male,35.09,,122.4,241.6,107.8,68.9,186.9,Never,Low,Yes,179.51
22.0,Male,24.94,114.4,78.3,200.3,29.1,51.2,89.4,Never,None,No,98.36
20.0,Male,34.37,90.0,169.5,185.4,88.6,72.8,230.3,Never,Low,No,181.25
23.0,Female,32.93,90.0,,224.2,36.4,61.5,97.2,Former,Low,No,170.09
59.0,Female,16.0,110.6,113.0,191.8,70.9,77.5,96.1,Never,,No,110.95
54.0,Female,29.4,115.5,145.8,241.1,71.3,70.5,277.6,Current,Low,No,183.18
51.0,Male,31.99,98.6,134.7,234.6,70.8,,136.2,Former,Low,No,157.79
61.0,Female,33.64,134.5,121.1,245.1,62.4,73.1,182.1,Never,Low,No,165.54
53.0,Female,21.12,137.2,129.7,217.8,90.0,69.0,142.9,Former,None,Yes,184.69
62.0,Female,29.95,120.1,147.7,267.8,92.9,86.2,191.0,Never,Moderate,No,179.38
44.0,Male,27.98,98.0,145.7,238.3,59.5,54.3,181.6,Never,Moderate,No,197.44
29.0,Male,29.16,108.9,117.2,,71.1,63.7,107.0,Never,Moderate,No,110.93
40.0,Female,31.99,96.2,130.2,209.6,47.1,61.4,,Never,Low,Yes,173.86
65.0,Male,32.78,133.0,149.9,200.1,49.9,81.1,48.3,Never,Moderate,No,174.46
58.0,Male,23.72,113.3,121.4,216.9,86.3,75.4,97.0,,,No,145.82
46.0,Female,28.33,119.4,161.5,235.4,66.5,79.2,166.7,Never,Low,Yes,173.52
,Male,27.21,121.5,154.5,222.7,75.6,62.4,190.7,Former,High,No,194.13
21.0,Male,,105.9,116.4,185.3,80.6,61.8,155.5,Never,Moderate,Yes,128.82
60.0,Female,26.28,138.4,153.7,239.4,88.4,74.1,132.1,Never,Low,No,214.0
67.0,Male,27.98,122.3,127.6,234.2,110.6,89.8,10.0,,Low,No,190.0
32.0,Male,23.99,98.4,119.5,206.4,,76.3,132.6,Former,Low,No,136.4
28.0,Male,31.42,90.0,164.2,155.4,119.3,63.1,146.6,Never,None,No,159.74
71.0,Male,33.35,94.5,171.9,273.7,107.9,76.4,137.8,Former,High,No,222.47
55.0,Male,22.9,122.6,141.6,241.4,101.3,78.6,109.6,Never,None,No,175.37
41.0,Male,33.59,106.2,140.7,284.7,75.6,59.8,112.6,Never,Moderate,No,204.51
61.0,Male,22.91,107.7,138.3,209.7,62.5,71.4,226.0,Never,High,No,160.71
45.0,Male,31.49,96.9,119.2,212.3,78.8,70.8,60.7,Former,Moderate,Yes,189.84
77.0,Female,33.58,,157.6,262.8,69.1,91.1,182.9,Never,High,No,216.19
73.0,Female,26.53,111.0,157.1,244.2,68.2,75.5,145.6,Never,None,Yes,204.0
31.0,Female,,123.5,125.2,247.0,82.1,,142.2,Current,Low,No,164.13
36.0,Female,24.06,134.4,129.2,197.2,103.4,64.9,,Never,Low,Yes,172.17
33.0,Male,28.81,94.0,124.2,207.8,43.2,76.4,143.8,Former,Moderate,Yes,157.71
33.0,Female,36.82,112.9,132.4,206.8,110.1,59.0,100.2,Never,Moderate,No,158.17
76.0,Female,18.54,,120.9,280.2,50.0,80.4,120.4,Current,Moderate,No,178.05
53.0,Male,27.5,102.0,138.3,242.1,76.7,69.6,177.5,Never,None,No,178.03
72.0,Male,26.56,110.6,163.1,288.3,85.7,71.6,142.6,Never,Moderate,No,194.68
76.0,Male,24.72,122.7,133.3,327.2,71.0,81.3,78.9,Never,Moderate,No,162.36
39.0,Male,26.6,93.9,,193.3,77.3,79.2,178.5,Never,Moderate,,161.16
30.0,Male,24.29,116.6,127.6,233.8,82.6,73.9,55.5,Former,Moderate,No,170.62
35.0,Female,33.22,102.8,160.6,212.5,119.2,87.9,220.4,Former,None,No,209.67
70.0,Male,33.71,108.1,160.7,232.6,86.8,75.0,158.0,Never,None,No,204.7
50.0,Female,27.44,111.4,114.6,184.6,55.0,,12.7,Former,Moderate,No,179.17
74.0,Female,26.29,128.9,188.6,305.4,77.5,77.1,70.2,Current,High,No,185.57
25.0,,24.53,92.6,143.0,227.5,92.1,77.1,223.0,Never,Low,No,189.73
75.0,Female,27.45,,161.4,241.9,109.5,75.0,96.8,Never,Low,Yes,204.84
38.0,Female,36.24,108.6,139.7,243.7,69.6,62.6,140.9,Former,Moderate,Yes,168.42
56.0,Male,26.48,100.6,136.8,179.2,103.1,76.7,,Current,Low,,142.9
77.0,Female,,115.1,120.5,241.3,,61.1,75.1,Former,Low,Yes,163.75
23.0,Female,25.01,106.0,119.4,176.9,105.8,78.4,38.3,Current,None,Yes,147.92
66.0,Female,30.77,112.6,157.1,284.9,74.0,84.6,193.6,Current,None,No,201.98
80.0,,23.41,124.3,148.0,289.8,109.5,70.8,81.0,Never,Low,Yes,185.14
23.0,Male,26.83,117.8,,225.5,111.3,66.0,154.8,Current,None,Yes,195.28
,Male,29.36,103.3,151.6,244.8,89.5,54.3,131.2,Never,Moderate,No,173.66
29.0,Female,23.79,127.3,143.6,183.8,105.0,70.6,124.2,Former,High,No,189.37
43.0,Male,18.18,118.2,,227.4,98.3,75.7,90.8,Current,Low,No,164.78
73.0,Female,21.64,111.7,145.4,200.2,113.3,77.6,101.4,Never,None,No,139.7
54.0,Male,22.71,108.6,143.8,180.7,98.1,75.5,75.8,Former,Low,Yes,156.65
45.0,Female,25.86,95.1,100.9,216.2,86.9,70.0,211.9,Current,Low,Yes,163.95
56.0,Male,27.22,122.8,139.1,245.6,61.2,81.5,193.5,Never,None,No,198.57
57.0,Male,31.12,131.5,125.3,253.5,78.8,64.7,,Never,Low,No,179.66
40.0,Female,20.86,103.7,105.1,172.9,55.3,63.5,169.7,Former,Low,Yes,180.62
73.0,Male,30.39,100.5,,206.8,123.6,62.5,17.8,Never,Moderate,No,162.79
59.0,Female,25.15,120.9,122.4,218.1,48.0,67.6,186.1,Never,Low,No,159.78
58.0,Male,18.07,105.8,106.2,196.2,,63.1,100.1,Never,Low,No,109.58
40.0,Male,27.07,99.5,143.3,,54.0,51.4,215.3,Never,High,No,177.98
29.0,Female,33.58,106.8,140.5,186.4,79.2,64.6,244.3,Former,Low,No,187.63
57.0,Female,31.42,130.4,158.9,,46.1,80.7,112.4,,Moderate,No,173.57
65.0,Female,26.62,128.1,178.4,248.3,55.8,76.6,,Never,Low,No,221.87
23.0,Male,32.63,105.5,147.9,204.0,101.4,76.3,169.0,Never,Low,Yes,212.16
79.0,Female,27.96,123.7,127.4,220.3,48.9,79.9,42.3,Former,None,No,159.52
76.0,Male,31.91,108.4,177.0,217.9,119.1,72.0,,Never,Low,No,231.01
64.0,Female,18.69,123.0,129.7,217.9,51.3,71.9,107.8,Never,Moderate,No,146.46
39.0,Female,20.75,116.2,128.8,190.9,33.1,65.5,194.0,Never,Moderate,No,153.12
36.0,Female,30.65,99.1,110.5,168.7,51.0,,169.3,Never,High,No,193.82
74.0,Female,34.7,118.9,172.9,295.1,67.2,100.4,,Never,,No,202.0
26.0,Female,29.09,115.0,,175.3,,59.1,109.9,Former,Low,No,141.0
23.0,Female,24.51,95.6,134.2,207.4,79.6,79.6,218.3,Never,None,No,148.63
48.0,Male,22.75,108.4,120.0,230.2,80.7,67.8,176.4,Former,None,No,145.99
33.0,Female,25.42,103.8,143.5,162.4,115.6,84.5,184.3,Current,Moderate,No,199.36
22.0,Male,33.07,107.9,114.5,197.0,67.1,73.9,218.3,Never,Low,,159.99
43.0,Female,25.29,112.9,106.7,177.1,78.7,67.1,183.9,Never,Low,Yes,182.38
56.0,Female,32.24,117.8,142.0,248.7,55.5,71.2,37.7,Never,Moderate,Yes,211.83
35.0,Female,30.26,124.0,144.0,217.6,65.4,78.0,,Never,Moderate,No,155.44
77.0,Male,35.57,119.7,145.9,258.4,114.7,90.2,161.3,Former,None,,211.19
74.0,Male,28.0,111.9,156.8,225.0,120.8,82.0,137.0,Never,None,No,182.0
71.0,Female,26.75,134.2,165.5,276.7,127.8,70.5,170.3,Former,Moderate,Yes,212.51
23.0,Male,32.49,,113.5,197.4,72.0,75.0,167.5,Never,High,Yes,196.32
75.0,Female,22.32,116.7,148.2,200.2,57.7,89.2,80.3,Former,,No,167.67
43.0,Female,24.78,105.0,143.7,189.5,68.1,76.4,93.2,Never,High,Yes,176.35
53.0,Male,18.6,98.6,125.1,160.7,71.6,71.9,38.7,Former,Low,No,178.48
49.0,Male,20.73,114.8,128.7,197.7,67.6,60.0,161.9,Never,Moderate,Yes,159.76
37.0,Male,36.62,90.0,124.9,200.4,81.2,82.8,64.1,,Moderate,No,170.74
38.0,Male,30.46,115.3,,238.2,103.6,70.7,142.8,Never,Moderate,Yes,182.64
50.0,Female,,,130.8,232.2,58.2,66.4,125.7,Current,Low,No,158.01
79.0,Male,32.97,108.8,166.0,264.9,135.3,81.7,167.2,Never,None,No,186.84
79.0,Male,23.48,138.7,185.3,273.1,,82.1,232.0,Never,None,No,180.8
38.0,Female,30.2,134.2,136.7,185.5,112.7,63.5,121.5,Former,Low,No,159.9
68.0,Male,30.13,125.8,159.6,254.3,100.2,67.5,144.7,Never,None,Yes,206.18
65.0,Male,35.32,115.8,184.0,209.2,146.8,79.1,118.4,Never,None,No,187.06
38.0,,24.31,95.6,130.1,,55.0,82.7,93.5,Former,None,No,151.3
41.0,Male,23.3,111.6,117.8,221.7,64.9,69.1,205.1,Never,Low,No,166.38
,Female,,117.0,127.1,189.6,68.3,70.4,160.3,Former,Low,Yes,158.81
64.0,Female,26.39,118.9,133.7,282.6,85.8,,,Former,Moderate,No,219.92
31.0,,30.63,114.7,159.5,203.0,93.6,82.4,198.5,Never,High,Yes,202.0
49.0,,31.31,130.2,156.4,252.2,98.3,78.6,182.7,Former,High,No,162.96
77.0,Female,33.26,109.5,147.4,250.1,89.7,64.9,98.6,Never,Moderate,No,171.19
57.0,Male,28.45,119.2,123.7,237.0,90.6,88.3,183.5,Never,Moderate,Yes,133.25
72.0,Male,29.52,99.6,157.5,238.0,79.5,105.6,103.3,Never,Moderate,No,186.17
50.0,Male,27.34,102.7,145.8,230.5,96.3,,65.8,Current,Moderate,No,206.17
,Male,30.54,123.4,126.2,282.5,141.1,76.3,154.9,Never,None,Yes,188.28
38.0,Male,22.33,106.5,142.0,251.4,84.8,57.9,217.3,Never,High,Yes,161.93
67.0,Male,19.96,100.8,149.1,217.6,55.4,71.5,79.9,Never,None,No,196.64
64.0,Male,22.86,131.4,146.5,225.9,72.5,60.7,32.4,Never,Low,Yes,171.07
55.0,Male,28.07,108.2,158.3,232.4,80.3,86.4,134.5,Never,Low,No,194.95
49.0,Male,20.5,122.3,112.0,233.7,54.7,69.4,75.3,Current,Low,Yes,154.16
74.0,Female,23.83,129.5,129.7,294.5,83.1,83.8,79.2,Never,Moderate,No,189.67
68.0,Female,23.99,110.6,139.3,273.4,,75.8,121.0,Former,Low,Yes,179.27
74.0,Female,30.91,133.7,146.3,244.3,57.6,90.1,10.0,Never,Moderate,No,174.28
52.0,,30.3,117.2,155.9,242.5,52.3,62.1,105.1,Former,Low,No,157.78
37.0,,27.35,108.8,149.9,220.2,141.9,52.0,122.6,Former,None,No,181.82
71.0,Female,29.26,116.3,141.1,230.0,63.8,69.3,214.8,Never,Low,No,189.06
68.0,Male,29.35,107.4,136.9,272.7,114.0,70.9,107.2,Never,Low,No,189.18
78.0,Female,25.18,120.1,165.8,177.5,109.8,60.7,224.1,Former,,Yes,191.43
47.0,Male,24.29,105.9,117.3,247.0,62.8,76.4,202.7,Current,,No,128.79
78.0,Female,34.68,135.3,160.5,271.8,73.8,78.5,131.5,Never,Low,No,205.58
66.0,,16.0,99.9,112.1,174.6,60.9,86.1,137.3,Never,Moderate,No,142.48
30.0,,23.29,121.1,115.1,173.1,65.6,80.5,167.9,Current,Low,No,186.36
76.0,Male,25.98,142.5,123.7,189.3,91.9,70.4,116.0,Former,Low,No,161.46
79.0,Female,29.8,117.9,181.3,302.3,67.8,64.7,24.5,Former,None,No,207.73
73.0,Male,32.68,139.7,178.4,225.4,125.6,59.2,130.4,Never,Low,No,209.8
64.0,,36.28,106.7,147.3,275.3,72.5,72.1,124.6,Never,Low,No,187.89
52.0,Male,26.54,126.9,149.2,252.8,55.0,71.0,141.8,Never,Moderate,No,179.72
36.0,Male,26.88,96.4,108.4,209.0,77.0,75.1,240.4,Never,None,No,117.94
25.0,Male,28.81,113.7,143.5,186.3,138.1,,143.1,Former,High,No,178.74
23.0,Male,24.34,90.0,108.4,211.7,54.5,71.9,97.7,Never,Low,No,135.29
39.0,Male,21.08,120.5,148.2,213.5,89.7,76.7,111.1,Never,Low,No,144.22
67.0,Female,26.52,135.6,156.8,266.0,93.0,68.3,162.6,Current,Moderate,No,188.18
66.0,Female,30.73,102.1,147.3,,128.0,79.2,133.2,Former,None,No,157.65
46.0,Female,25.79,131.8,129.6,248.5,59.7,70.3,138.1,Former,None,Yes,177.2
34.0,Male,,117.5,139.4,251.1,104.4,82.2,70.9,Never,Moderate,Yes,212.45
25.0,Male,17.66,90.0,97.9,183.3,37.9,83.7,220.4,Never,Moderate,No,108.17
66.0,Male,27.09,113.8,168.3,212.9,98.8,74.3,84.0,Never,Moderate,No,189.18
33.0,Male,24.98,117.3,135.3,193.6,98.6,79.2,167.1,Never,None,Yes,167.0
79.0,Female,20.62,134.2,160.9,225.0,113.4,63.0,100.4,Never,Moderate,No,212.08
30.0,Male,30.29,104.8,92.9,206.3,37.4,66.9,62.6,Never,Low,Yes,148.34
58.0,Female,36.23,127.2,159.4,223.6,46.5,76.7,145.2,Never,Moderate,Yes,181.52
28.0,Male,31.95,,143.2,224.5,80.8,67.0,85.9,Never,None,No,212.82
45.0,Female,32.27,110.8,146.8,245.3,73.8,69.9,155.0,Never,Moderate,Yes,207.26
35.0,Male,30.56,95.6,140.1,206.2,52.8,62.8,116.7,Never,Low,No,119.72
24.0,Female,30.23,102.4,128.4,151.2,51.2,86.3,144.8,Never,Low,Yes,164.16
76.0,Male,18.0,136.2,178.6,249.2,87.0,66.3,,Never,None,Yes,220.81
71.0,,26.36,131.3,153.5,201.9,,,43.7,Never,None,Yes,194.92
80.0,Male,29.54,,160.5,,64.1,70.7,275.4,Former,Low,No,200.37
29.0,Female,29.66,114.9,152.4,211.7,107.9,76.7,104.4,Never,None,No,173.96
69.0,Female,33.36,134.1,149.4,241.3,54.9,68.7,153.3,Current,Moderate,No,189.33
22.0,Male,21.84,121.5,96.7,211.2,52.3,67.4,206.8,Never,Moderate,No,111.04
32.0,Female,30.04,118.4,153.8,223.0,55.1,75.0,232.2,Never,Moderate,No,168.01
62.0,Male,21.67,125.8,131.6,239.8,128.9,79.2,84.4,Former,None,No,129.53
68.0,Male,25.94,131.8,171.6,262.9,116.1,82.1,74.7,Never,Low,No,233.49
49.0,Male,26.69,115.0,163.1,212.2,107.5,73.0,193.2,Never,None,Yes,187.31
73.0,Female,31.31,119.5,116.1,239.5,90.0,84.3,141.2,Never,,No,145.23
64.0,Female,30.72,129.2,154.3,272.7,71.2,76.0,150.6,Never,Moderate,No,194.45
25.0,Male,27.6,110.3,149.8,221.4,88.2,69.4,231.4,Never,,No,188.81
36.0,Male,16.24,109.7,85.6,185.4,42.0,79.3,149.9,Never,Moderate,Yes,143.46
78.0,Female,29.22,,163.4,197.1,151.5,76.0,116.7,Never,High,No,176.86
64.0,Female,25.66,115.8,156.7,246.9,65.1,76.1,192.5,,None,No,173.15
70.0,Female,33.96,116.6,159.8,265.8,72.0,,123.7,Never,None,No,209.95
72.0,Male,32.77,137.5,159.0,218.5,125.9,68.8,56.4,Never,Moderate,No,185.97
38.0,Male,22.31,121.2,149.4,184.4,85.0,75.5,93.4,Never,Low,No,173.16
61.0,Male,29.91,131.1,123.4,227.4,91.5,65.7,107.4,Former,Low,No,162.48
54.0,Male,30.01,101.7,162.3,245.3,90.0,73.4,148.0,Former,Low,No,186.23
65.0,Male,29.65,114.9,160.0,311.6,75.8,56.9,171.2,Never,None,No,212.66
45.0,Female,29.0,,165.1,254.5,77.6,89.5,268.4,Current,Moderate,No,180.64
70.0,Male,30.15,114.2,137.7,205.0,102.2,80.5,100.4,Never,None,No,143.7
24.0,Female,34.51,123.2,167.6,199.2,98.7,66.7,78.3,Former,None,No,230.41
48.0,Female,24.24,116.4,110.4,217.1,100.1,86.2,46.1,Former,Moderate,No,153.97
56.0,Male,22.47,119.1,130.2,238.7,106.8,65.3,114.8,Never,Low,Yes,179.09
39.0,Female,30.91,102.0,121.1,197.5,90.1,66.9,141.4,Never,Moderate,No,194.07
68.0,Male,17.58,130.9,146.8,245.4,109.4,78.8,149.6,Former,Moderate,Yes,198.26
40.0,Female,30.27,134.3,127.7,206.0,91.5,80.4,275.6,Former,Low,No,163.68
29.0,Male,29.38,104.0,155.5,225.6,97.8,66.0,184.9,Former,None,,174.85
24.0,Male,16.0,98.0,81.0,189.5,56.2,74.8,160.1,Never,Low,No,147.54
55.0,Female,23.82,113.7,129.8,282.7,43.2,76.2,182.6,,None,No,181.37
25.0,Male,34.88,97.4,174.2,240.3,82.0,70.6,67.4,Never,None,Yes,190.89
45.0,Female,19.71,110.2,113.1,247.9,106.4,67.5,150.2,Former,Moderate,Yes,178.7
23.0,Male,28.06,93.0,149.3,172.6,93.6,78.2,66.8,Never,High,No,157.66
58.0,Male,21.98,105.5,,210.9,78.2,55.3,202.2,Current,,Yes,186.02
58.0,Male,23.46,115.8,115.1,236.9,101.7,74.7,50.5,Never,Moderate,No,173.8
69.0,Female,36.58,122.0,168.4,220.1,84.1,68.2,169.6,Never,Moderate,No,186.22
54.0,Female,27.62,,171.0,,110.4,72.0,173.1,Never,None,No,181.09
20.0,Male,29.58,116.5,124.0,205.1,107.6,64.2,240.1,Never,None,No,141.27
43.0,Female,26.44,114.3,124.2,248.9,91.8,61.4,87.7,Never,Moderate,No,142.79
76.0,Male,19.42,133.1,,252.2,109.5,69.1,105.4,Never,None,Yes,188.26
55.0,Female,21.08,124.0,129.6,223.2,90.8,68.2,181.6,Never,Moderate,No,159.77
25.0,Female,,102.5,112.0,206.8,32.3,68.7,173.6,Current,Low,Yes,168.5
60.0,Male,27.76,119.6,142.4,213.6,113.7,73.5,150.0,Current,None,Yes,195.49
73.0,Male,23.15,112.5,136.2,217.6,100.3,80.3,151.9,Never,Moderate,No,159.87
65.0,Male,26.89,127.1,144.9,263.3,79.0,87.3,100.2,Former,Low,No,202.69
79.0,Male,30.31,,115.8,274.2,,75.7,52.9,Never,Low,No,176.86
63.0,Male,29.27,110.7,156.7,274.3,92.6,64.4,76.8,Never,Moderate,No,165.38
79.0,Female,23.15,141.2,118.2,230.9,50.0,82.1,101.0,Never,Low,No,173.01
76.0,Female,19.12,108.2,153.2,269.7,109.4,77.3,67.6,,Low,,178.56
50.0,Male,24.96,133.1,,217.5,86.5,63.8,116.3,Former,,Yes,145.37
,Male,32.55,127.2,108.9,238.6,53.3,72.6,,Never,Moderate,Yes,202.66
43.0,Male,31.27,106.7,,260.5,108.3,78.3,221.8,Former,,No,157.13
44.0,Female,29.05,131.2,139.2,280.4,94.2,64.7,77.0,Current,None,No,170.88
55.0,Male,26.15,104.1,161.0,258.5,109.3,68.1,85.8,Never,None,No,178.91
40.0,Male,24.42,119.9,148.8,218.4,58.8,72.7,138.7,Never,Low,No,172.32
49.0,Female,26.24,112.3,113.0,238.9,90.8,70.1,76.2,Never,Moderate,Yes,171.24
43.0,Female,30.91,90.0,128.4,258.9,,58.3,10.0,Never,Moderate,Yes,172.74
63.0,Female,32.05,110.8,183.7,263.2,98.3,94.9,86.4,Never,Moderate,No,181.33
,Female,25.69,115.4,121.2,222.1,75.1,68.3,107.7,Never,Moderate,Yes,178.94
49.0,Male,39.68,121.4,,257.9,62.9,66.4,142.9,,Low,Yes,193.2
41.0,Female,27.46,102.7,123.8,254.1,80.1,68.7,86.8,Former,Moderate,,176.36
47.0,Female,25.27,107.9,120.3,270.9,54.6,71.6,226.7,Never,Low,No,167.06
,Male,34.38,108.2,141.4,,110.2,,196.3,,,No,172.88
54.0,Male,,120.2,165.6,184.2,146.4,63.4,67.5,Never,,No,156.78
74.0,,,122.2,169.2,200.0,148.1,85.9,76.8,Former,Low,No,190.38
47.0,Female,26.64,,119.8,244.2,58.1,59.7,96.9,Never,,,201.43
33.0,Male,34.24,116.1,148.2,176.3,70.6,67.3,88.3,Former,High,No,178.41
75.0,Female,30.02,120.0,123.3,260.5,91.5,81.6,172.6,Current,Moderate,Yes,162.79
29.0,Female,27.7,90.0,91.8,237.3,62.1,77.3,92.2,Never,None,Yes,157.59
35.0,Female,30.31,101.0,142.3,211.3,85.1,50.0,151.3,Current,Low,No,158.08
35.0,Male,21.72,112.3,,162.9,137.4,71.0,117.0,,Moderate,No,178.01
73.0,Female,31.83,121.1,186.9,216.8,,75.0,100.3,Never,Low,No,163.28
50.0,Male,20.28,106.5,136.7,190.6,88.7,74.8,188.6,Never,Low,Yes,168.04
61.0,Male,28.79,102.4,,233.9,95.4,68.2,139.6,Never,Low,Yes,220.71
44.0,Male,27.18,108.1,132.2,253.6,104.4,69.9,157.4,Never,Moderate,No,181.59
32.0,Female,18.18,107.1,128.0,197.8,60.8,75.9,165.6,Former,Moderate,Yes,171.4
25.0,Female,27.34,90.0,108.1,263.3,105.5,77.4,181.1,Never,Moderate,No,133.9
63.0,Female,28.41,116.1,136.6,267.8,88.6,60.8,62.6,Never,None,No,158.78
28.0,Male,23.73,90.0,104.3,209.3,53.3,75.1,114.4,Current,Low,Yes,142.99
64.0,Female,21.94,117.3,129.5,229.1,76.3,77.0,139.8,Current,None,No,178.61
55.0,Female,29.46,135.5,133.8,218.9,103.9,80.7,87.7,Never,Moderate,No,173.73
,Female,28.81,125.8,140.6,254.1,130.0,66.9,90.1,Never,Low,Yes,164.4
62.0,Female,28.13,98.9,136.4,252.6,75.0,77.7,136.3,Former,None,Yes,194.17
39.0,Female,27.04,111.5,139.6,224.3,130.4,,202.6,Never,None,Yes,172.65
37.0,Male,24.17,122.4,153.2,195.8,115.9,68.4,190.7,Never,None,No,174.35
77.0,Male,38.36,108.0,176.2,235.3,85.4,72.0,195.6,Former,None,No,198.0
62.0,Male,25.51,105.4,133.4,286.1,94.9,74.5,129.3,Never,Moderate,Yes,184.78
76.0,Male,,127.3,153.4,260.6,107.9,81.4,115.1,Current,None,No,202.85
40.0,Female,27.27,107.0,138.6,226.4,78.2,62.1,104.6,Former,Low,No,160.63
23.0,Male,26.1,114.9,130.1,213.8,66.4,81.4,186.8,Current,Moderate,Yes,157.13
69.0,Female,25.39,118.9,146.3,270.9,83.3,53.2,183.9,Current,Low,No,159.78
52.0,Male,36.37,123.3,187.7,226.0,92.2,57.8,99.3,Never,Low,Yes,214.98
46.0,Male,21.35,129.0,131.6,210.5,87.1,80.9,160.1,Former,None,No,165.7
26.0,Male,27.19,91.3,120.1,182.7,125.1,71.8,215.1,Former,None,No,159.59
25.0,Female,21.69,110.2,107.0,195.5,82.5,86.2,108.6,Never,Moderate,No,154.7
,Female,24.29,100.5,145.4,188.3,125.7,78.4,176.6,Never,Low,Yes,168.34
37.0,Male,35.68,90.0,127.4,196.5,,71.9,177.0,Never,None,No,160.8
51.0,Female,28.41,118.7,,182.5,157.4,68.5,10.0,Never,Low,,218.95
75.0,Male,28.35,130.9,119.6,295.8,59.0,69.2,80.0,Former,None,No,190.67
30.0,Male,22.3,90.0,146.3,191.6,40.7,74.5,88.6,Former,Moderate,No,165.8
39.0,Male,24.88,102.1,146.7,226.1,92.4,66.7,113.7,Never,None,No,148.2
43.0,Female,36.12,101.9,144.2,233.3,94.3,74.5,115.4,Former,None,No,171.87
34.0,Male,29.5,115.0,124.0,227.9,113.1,65.4,144.3,Never,Low,No,132.13
67.0,Male,25.3,101.6,167.8,182.1,135.6,76.0,166.6,Current,Low,No,190.82
26.0,Male,29.2,103.0,165.8,193.2,58.7,84.7,220.7,Current,,No,168.09
40.0,Female,28.34,90.0,,250.3,75.8,77.0,150.6,Former,None,No,142.52
61.0,Male,22.8,122.0,149.4,283.9,90.3,69.5,193.5,Never,Low,No,185.24
45.0,Female,25.16,111.8,153.1,208.0,63.2,75.6,182.2,Former,Low,No,191.55
63.0,Male,38.27,112.2,,,93.3,76.3,,Former,Moderate,Yes,207.0
75.0,Female,28.96,140.9,156.1,280.0,113.6,76.7,,Former,Low,No,193.16
33.0,Male,19.15,90.0,113.5,,100.3,74.9,151.0,Former,Low,Yes,143.93
76.0,Male,29.55,124.0,161.5,252.6,99.8,83.0,122.2,Former,Low,Yes,233.07
56.0,Female,33.52,129.6,,237.2,113.0,83.0,73.4,Never,Low,Yes,160.38
77.0,Female,22.48,126.2,169.7,227.5,102.1,75.0,127.5,Former,Low,No,147.58
40.0,Male,24.72,124.4,101.8,196.2,98.8,59.6,164.2,Never,None,No,147.54
37.0,Female,34.27,101.2,131.4,226.5,62.5,72.5,191.3,Current,None,Yes,132.02
24.0,Male,27.17,98.8,123.2,210.8,61.1,69.3,143.0,Never,None,No,129.82
22.0,Male,26.29,114.7,109.0,209.3,118.8,75.5,117.2,Never,None,No,180.79
42.0,Male,20.32,119.6,,190.0,61.4,61.3,161.7,Never,High,,149.96
,Female,32.35,139.0,172.4,264.9,117.6,76.9,177.2,Never,High,No,212.84
56.0,Male,26.06,116.4,174.2,183.9,,74.4,108.0,Never,Low,Yes,209.97
43.0,Female,16.15,111.8,148.1,219.5,95.4,63.5,92.1,Never,None,No,134.18
68.0,Male,19.14,115.1,151.3,216.0,85.0,55.6,93.1,Never,,No,175.0
38.0,Female,24.19,104.7,175.2,186.4,112.1,79.7,230.1,Former,,No,147.95
70.0,Female,21.64,134.4,136.3,227.0,98.4,65.5,60.4,Never,Moderate,No,160.88
44.0,Male,22.42,109.8,124.2,169.2,63.9,59.0,82.4,Former,Low,Yes,158.13
40.0,Female,38.72,98.3,155.2,241.3,105.8,66.9,243.8,Former,Low,Yes,176.63
31.0,Male,30.54,99.4,163.5,257.8,67.1,81.8,140.5,Never,Low,Yes,189.99
76.0,Male,16.0,123.1,145.3,216.2,123.8,76.6,41.3,Never,None,Yes,195.15
80.0,Male,25.43,,182.8,315.9,106.9,79.2,27.2,Former,None,No,200.32
60.0,,26.55,111.5,145.7,209.4,19.4,73.2,154.6,Former,Low,No,181.57
52.0,Male,19.62,101.4,102.8,205.4,42.2,75.7,148.6,Never,Moderate,Yes,128.68
69.0,,29.67,116.0,141.4,,99.5,72.5,146.9,Current,Moderate,No,213.31
72.0,Male,16.79,136.4,152.7,198.1,109.6,70.3,64.8,Never,Moderate,No,189.88
,Female,32.48,100.9,128.4,201.6,71.4,64.9,91.0,Never,Moderate,Yes,181.28
61.0,Female,34.21,147.0,158.9,292.5,94.1,70.9,151.7,Former,Low,Yes,230.87
,Male,38.76,115.0,175.7,230.8,112.4,96.6,51.1,Current,None,Yes,264.46
26.0,Female,19.13,107.5,149.9,209.8,116.3,,144.5,Never,Low,No,164.77
41.0,Male,20.15,111.1,141.5,222.4,104.5,64.4,91.4,Never,Low,No,146.03
74.0,Female,30.46,131.1,169.3,197.4,81.9,62.7,201.0,Current,Moderate,No,210.19
52.0,Female,32.91,106.1,153.9,217.4,118.9,72.1,180.9,Never,None,No,181.85
36.0,,31.04,101.8,125.9,284.4,31.3,,289.5,Current,High,No,174.96
43.0,Male,32.4,114.2,150.6,232.1,81.5,80.4,173.4,Former,High,No,192.97
,Female,33.88,119.9,204.4,271.8,120.2,52.2,122.2,Never,None,Yes,200.62
80.0,Male,28.01,104.7,165.1,260.1,66.2,72.4,142.4,Never,Low,No,174.33
53.0,Female,25.94,129.6,130.4,283.6,81.9,,42.8,Never,Moderate,Yes,161.25
47.0,Female,20.16,121.8,120.9,186.2,89.5,76.6,36.6,Never,None,No,193.14
77.0,,25.51,119.6,176.0,228.5,,68.1,146.8,Never,Moderate,No,230.4
62.0,Female,26.28,120.5,135.4,231.9,,80.1,89.2,Current,Moderate,Yes,234.33
60.0,Male,22.25,129.1,134.0,243.5,55.0,54.1,123.0,Never,None,Yes,206.15
58.0,Male,26.81,132.2,123.4,236.4,100.3,83.6,35.2,Former,None,Yes,181.2
41.0,Female,21.69,109.7,123.1,215.2,89.8,75.2,111.6,Current,Moderate,No,141.1
68.0,Female,32.57,113.6,166.2,233.1,109.4,73.9,95.9,,Low,Yes,205.82
36.0,Male,29.13,123.8,132.5,232.3,79.8,64.1,195.5,Never,Low,Yes,207.3
53.0,Male,24.7,115.0,138.8,171.8,,70.3,136.6,Never,None,No,164.09
25.0,Male,27.94,99.5,110.2,,70.7,77.3,78.6,Never,Low,No,145.39
65.0,Male,21.47,122.4,128.6,208.4,118.0,66.5,89.9,Former,Low,No,167.93
25.0,Female,21.98,115.1,159.8,165.2,113.3,69.8,215.5,Former,Low,No,166.11
53.0,Female,23.83,113.4,134.6,173.8,120.5,70.3,104.5,Former,Moderate,No,163.67
20.0,Male,26.04,110.8,132.2,203.4,,72.0,208.5,,Low,,146.32
29.0,Male,27.71,100.5,117.9,219.1,61.1,58.6,120.8,Former,Low,No,176.32
40.0,Male,27.73,115.3,138.3,229.3,96.3,85.1,159.4,Former,Low,No,154.59
24.0,Male,20.41,90.0,113.6,219.5,,79.1,158.6,Never,High,No,145.39
21.0,Male,26.6,112.3,146.8,229.7,74.1,54.5,152.1,Never,Low,No,157.48
41.0,Male,22.91,100.3,149.1,154.6,49.0,54.4,67.9,Never,Low,No,136.77
67.0,Female,16.0,125.7,151.6,243.8,95.4,86.8,28.0,Current,Low,No,175.12
76.0,Female,42.38,106.4,178.4,273.6,118.1,75.5,122.0,Current,Moderate,No,208.27
21.0,Female,23.01,99.7,158.0,,64.7,54.3,160.1,Current,Low,No,145.88
29.0,Male,23.28,105.3,139.8,197.9,116.7,66.7,121.6,Never,Moderate,Yes,174.14
53.0,Male,,105.7,105.5,203.6,77.4,70.4,81.2,Former,None,No,169.67
35.0,Male,21.71,104.4,153.3,219.5,91.1,77.4,219.1,Current,Low,Yes,162.52
67.0,Female,26.06,123.3,146.7,211.7,59.5,82.7,171.2,Former,None,No,167.79
70.0,Male,33.76,128.3,181.0,282.8,110.0,75.5,155.0,Never,,No,209.46
80.0,Male,26.03,127.2,133.7,236.9,56.4,73.6,193.7,Former,None,Yes,187.36
58.0,Female,25.38,132.1,140.4,,63.1,69.2,64.4,Never,Low,Yes,182.88
41.0,Male,33.0,122.3,159.8,228.0,54.1,84.8,155.3,Former,Low,,200.68
31.0,Female,24.38,,132.3,171.6,140.7,67.5,72.7,Former,,Yes,143.43
43.0,Female,27.11,93.4,135.0,185.4,81.2,76.9,,Current,None,No,133.97
66.0,Male,22.39,113.9,96.3,252.7,55.3,64.4,100.5,Former,Moderate,No,135.26
59.0,Female,35.43,90.0,144.9,270.3,84.8,62.1,86.5,Never,Low,No,170.19
57.0,,32.24,113.5,134.6,235.2,71.1,75.1,123.5,,None,No,171.67
79.0,Female,26.24,142.4,119.0,193.8,72.7,71.7,,Never,None,Yes,149.82
78.0,Male,25.0,134.6,137.3,262.6,91.2,62.7,121.2,Never,None,No,178.31
29.0,Female,26.84,104.1,164.5,197.0,83.6,68.2,204.8,Never,Moderate,No,178.59
54.0,Male,26.31,105.6,162.2,266.4,94.5,95.5,134.1,Former,Moderate,No,207.2
70.0,Female,19.27,123.0,122.3,288.1,129.1,74.1,21.9,Former,Moderate,No,160.99
68.0,Female,32.41,146.2,146.9,206.2,46.1,71.5,81.1,Current,Moderate,Yes,206.52
51.0,Female,25.86,130.8,128.8,293.8,55.0,70.2,101.7,Never,High,No,197.18
26.0,Male,36.49,99.9,158.7,172.2,101.4,81.7,151.3,Never,,Yes,158.93
40.0,Male,29.11,90.2,146.9,203.8,116.5,70.7,174.2,Never,None,No,152.34
39.0,Female,16.0,134.0,105.3,229.6,137.7,74.2,189.3,Former,None,No,120.54
,Male,20.59,101.5,117.5,192.1,85.2,78.9,,Never,Low,No,148.43
23.0,Female,16.27,106.7,130.8,164.1,54.0,82.4,214.6,,Low,Yes,186.54
65.0,Male,20.53,100.5,164.5,182.4,125.7,67.5,82.6,Current,Low,No,168.48
71.0,Female,18.83,118.1,120.9,196.0,80.1,65.8,144.0,Never,None,Yes,182.97
41.0,,28.26,90.0,136.6,195.8,84.7,65.7,167.6,Former,Moderate,Yes,188.56
34.0,Female,25.42,91.4,133.3,230.3,38.9,77.4,196.0,Never,Moderate,No,157.38
75.0,Female,30.7,112.7,154.5,299.4,114.8,81.7,69.2,Never,Low,Yes,199.79
59.0,Female,26.81,122.3,164.8,211.7,72.4,75.3,225.2,Never,Low,No,172.1
40.0,Female,25.8,106.8,131.5,,93.5,80.8,97.7,Former,Low,No,193.5
34.0,Male,37.02,137.8,,195.9,100.8,78.4,120.9,,Low,No,190.06
41.0,Female,28.11,122.1,160.1,175.7,95.4,66.5,181.1,Never,Low,Yes,190.72
71.0,Male,26.6,135.8,137.2,200.8,84.1,61.0,26.8,Current,Low,No,168.56
47.0,Male,22.73,117.2,133.7,181.1,65.2,68.6,83.3,Never,Moderate,Yes,139.75
33.0,Female,21.12,108.2,106.1,200.8,53.6,76.3,152.1,Current,Moderate,Yes,139.87
46.0,Male,,125.0,138.0,208.9,104.2,76.9,35.3,Former,,No,206.61
80.0,Male,30.55,97.4,,246.2,96.1,59.0,61.2,Never,Low,No,220.9
60.0,Male,34.86,109.5,162.2,255.4,77.4,52.4,127.8,Never,Low,No,182.76
59.0,Female,29.39,100.2,,233.7,89.0,79.7,78.7,Never,None,No,247.84
77.0,Male,25.03,102.0,127.7,214.2,94.8,81.4,205.7,Current,Low,Yes,201.9
47.0,Male,29.56,101.9,142.8,252.5,70.1,75.8,174.6,Never,Moderate,No,161.57
45.0,Female,26.6,,128.7,163.5,115.2,80.5,161.3,Former,None,Yes,157.56
68.0,Female,31.33,134.9,150.0,225.3,84.1,76.1,123.5,Former,None,No,184.92
21.0,Male,33.67,100.5,139.1,,76.0,58.5,200.3,Never,Moderate,,165.73
44.0,Female,26.16,90.0,124.5,228.1,92.2,69.5,140.6,Former,Low,No,166.99
75.0,Male,35.79,,183.3,208.7,92.9,74.1,55.0,Never,Moderate,No,217.95
22.0,,32.94,90.0,169.1,,102.6,65.4,176.0,Never,Low,No,181.16
27.0,Male,27.09,102.9,88.5,195.0,64.7,,113.3,Never,Low,No,140.49
63.0,Female,30.35,123.1,177.0,227.5,,73.0,143.9,Current,Moderate,No,211.55
52.0,Male,28.53,104.4,189.3,248.7,77.8,65.5,146.4,Current,Moderate,No,190.57
61.0,Female,27.11,120.1,149.2,266.8,93.7,54.5,87.4,Never,High,No,185.14
71.0,Female,36.57,126.8,154.5,242.0,79.1,75.4,226.3,Former,Moderate,No,196.62
54.0,Male,29.59,112.3,136.3,229.1,128.0,84.3,198.5,Former,None,Yes,178.19
25.0,Female,22.8,92.6,117.2,168.2,58.7,51.0,151.5,Never,Low,No,146.23
58.0,Female,21.86,116.1,143.8,221.2,,74.9,152.7,Former,Moderate,No,171.78
71.0,Female,22.06,120.3,134.6,208.9,83.0,65.4,131.5,Never,Low,No,191.04
42.0,Female,29.45,112.7,139.6,221.8,89.4,78.3,109.4,Never,Low,Yes,177.04
44.0,Female,25.29,106.6,118.1,199.9,95.8,75.7,168.8,Current,Moderate,No,186.09
78.0,Male,28.67,110.8,147.7,270.0,31.6,84.5,96.0,Never,Moderate,No,184.96
69.0,Female,31.68,119.0,149.3,277.7,120.4,66.7,,Never,Moderate,Yes,209.22
62.0,Male,,121.8,161.7,285.3,62.8,74.4,93.1,Never,,Yes,217.44
38.0,Male,25.41,109.3,106.6,213.2,96.3,94.2,115.0,Never,None,No,121.13
24.0,Male,19.96,99.5,111.8,209.5,117.2,72.5,49.0,Former,Low,,118.04
70.0,Male,35.96,115.7,160.2,240.8,107.5,80.8,187.4,Current,Moderate,Yes,216.62
30.0,,19.71,97.0,123.4,174.1,53.0,83.8,121.1,,Low,Yes,128.45
75.0,Male,19.52,118.5,165.2,,88.6,66.9,88.7,Never,None,No,187.92
31.0,Female,35.83,116.9,144.5,229.5,102.2,53.1,272.9,Former,Moderate,No,204.63
29.0,Female,32.33,91.7,117.9,155.7,77.0,55.9,97.3,Current,None,Yes,144.36
27.0,Female,29.42,103.2,136.6,232.0,,60.5,147.5,Never,High,No,161.26
43.0,Male,26.75,94.3,124.4,208.4,80.7,68.5,50.9,Former,Moderate,No,117.72
79.0,Female,25.8,,138.6,241.5,72.1,79.6,70.7,Never,High,Yes,159.57
47.0,Female,23.75,,128.8,237.0,93.3,81.1,106.0,Current,,No,180.32
60.0,Female,25.58,107.1,133.6,180.9,58.4,63.9,184.6,Never,None,Yes,164.61
55.0,Male,26.76,117.3,123.4,223.1,35.6,92.5,81.6,Current,Low,No,156.43
56.0,Female,20.13,90.0,123.7,265.8,55.9,85.0,173.4,Never,Moderate,No,106.74
40.0,Male,22.9,92.4,137.8,202.8,45.7,67.4,289.5,Never,,No,139.07
27.0,,16.44,106.5,114.2,,61.1,92.4,249.0,Never,Low,No,130.49
74.0,Male,27.39,135.5,134.3,237.5,96.8,80.1,10.0,Former,Low,Yes,217.8
28.0,Male,27.39,108.0,115.9,242.5,66.9,70.4,179.0,,Low,Yes,157.18
66.0,Male,,121.4,164.3,229.6,92.0,65.6,204.0,Never,High,Yes,255.61
34.0,Female,28.88,134.2,118.7,170.0,54.4,61.5,100.9,Current,Low,No,152.62
67.0,Female,24.22,126.0,127.8,223.7,80.2,82.6,112.0,Current,None,No,152.07
65.0,Male,26.0,106.7,135.6,198.0,61.4,74.9,101.3,Former,Low,No,197.4
,Female,29.43,128.8,131.2,173.2,54.7,77.3,176.4,Current,Low,No,196.16
37.0,Male,28.14,99.0,138.5,236.0,78.5,61.5,,Never,Low,Yes,198.25
61.0,Male,29.89,109.0,144.7,268.1,70.8,78.6,227.2,,High,No,218.01
79.0,Female,28.89,109.0,182.0,265.4,36.8,75.8,173.5,Current,Low,Yes,228.45
39.0,Female,25.74,102.6,112.8,238.6,72.7,62.2,55.6,Never,Low,Yes,148.52
25.0,Female,24.32,,145.9,187.7,64.6,58.0,,,Low,No,124.86
31.0,Male,24.05,110.6,131.7,242.0,58.2,71.6,160.6,Never,High,Yes,169.87
21.0,Male,22.37,97.9,147.1,175.4,117.2,76.6,146.3,Current,Low,Yes,153.54
26.0,,21.59,90.0,145.6,196.5,104.8,80.4,149.5,Never,,No,151.22
35.0,,,104.8,141.0,199.9,92.6,73.7,114.2,Never,Moderate,No,135.26
22.0,Female,27.62,111.8,103.7,161.5,72.6,63.3,98.7,Former,Low,No,109.44
64.0,Male,26.22,138.3,143.1,218.9,,74.1,120.9,Never,None,No,185.04
22.0,Female,24.52,90.0,88.6,259.1,57.4,73.8,183.1,Current,None,No,142.21
46.0,Female,29.14,,154.2,267.2,90.7,65.6,192.8,Current,None,Yes,184.73
69.0,,33.02,105.6,161.6,271.7,82.7,70.1,181.1,Never,High,No,168.94
62.0,Female,30.62,122.1,141.1,228.6,86.9,74.0,123.5,Never,None,No,180.29
59.0,Female,31.61,99.6,144.0,226.6,91.7,75.5,143.5,,Moderate,No,168.13
57.0,Male,24.07,128.4,120.8,275.6,82.2,62.0,33.4,Never,Low,No,159.1
52.0,Female,26.98,127.8,141.0,227.5,,,169.7,Never,None,Yes,200.73
47.0,Male,24.13,121.0,116.9,240.8,91.1,73.8,208.3,Former,Low,Yes,192.01
20.0,Female,27.54,90.4,127.4,183.3,75.1,74.9,195.0,Never,None,No,152.84
74.0,Male,33.36,115.4,168.0,246.6,88.8,76.0,107.8,Never,Moderate,Yes,217.18
27.0,Female,29.2,96.7,145.6,229.1,45.9,73.6,100.0,Never,Low,No,191.87
56.0,Female,35.13,128.5,164.4,220.5,73.8,75.6,74.0,Never,Low,No,194.47
51.0,Female,25.56,92.6,133.5,233.9,100.8,65.5,120.5,Never,Moderate,Yes,161.3
79.0,Female,22.97,130.2,155.3,226.3,106.6,87.5,131.1,Current,Low,No,192.53
67.0,Male,29.56,108.9,154.9,258.0,88.7,70.7,10.0,Never,Low,Yes,214.25
62.0,Male,27.59,112.9,149.3,216.2,75.0,67.0,48.4,Former,Moderate,Yes,196.76
56.0,Male,28.61,124.0,127.5,281.7,83.0,60.2,178.3,Current,Moderate,No,140.25
23.0,Male,27.87,90.0,107.5,200.1,19.9,66.0,251.3,,Moderate,No,161.2
49.0,Male,24.58,108.7,141.0,242.7,87.4,66.5,123.3,Never,Moderate,Yes,186.98
25.0,Male,27.98,99.7,139.8,203.3,56.5,67.4,190.6,Never,Low,No,163.1
65.0,Male,31.87,118.8,144.1,230.9,83.4,76.9,112.1,Never,None,No,196.34
73.0,,32.38,,180.8,268.9,103.0,85.3,118.1,,Low,No,206.8
38.0,Female,24.55,113.8,171.2,243.4,87.2,79.2,82.5,Never,None,No,190.69
51.0,Female,28.16,107.5,174.6,186.9,112.5,54.8,161.7,Never,None,No,195.76
28.0,Female,34.39,107.0,137.8,218.6,69.3,80.1,111.0,Never,Low,No,180.58
31.0,Male,24.66,107.9,120.6,201.9,61.2,76.0,162.5,Former,Moderate,Yes,145.55
30.0,Male,23.75,106.9,140.7,208.8,98.0,87.4,191.4,Former,Moderate,Yes,168.81
65.0,Male,30.97,125.6,166.0,281.7,85.2,68.3,,Never,Moderate,Yes,199.47
74.0,Female,30.09,126.7,136.4,273.6,112.4,65.7,,Never,Moderate,No,184.57
35.0,Male,22.82,104.7,,238.5,78.3,79.4,160.4,Never,Low,No,175.58
20.0,Female,20.0,90.0,127.9,196.4,91.9,77.2,127.4,Never,Low,Yes,170.52
64.0,Male,28.06,135.1,132.6,226.9,101.9,67.8,160.1,Never,Moderate,No,189.92
74.0,Male,24.91,143.6,134.7,176.1,80.6,72.4,156.4,,Low,No,145.45
72.0,Male,18.58,118.1,126.4,273.6,,78.9,155.1,,Moderate,No,164.78
40.0,Male,23.56,113.5,123.5,141.6,92.0,75.1,223.4,Former,Moderate,No,101.48
49.0,Female,30.01,105.5,116.8,272.6,102.1,72.4,162.4,,Low,Yes,175.56
32.0,Female,26.24,95.8,143.9,228.7,79.5,72.2,233.7,Current,Low,No,162.25
53.0,Male,34.83,114.5,141.4,293.1,106.3,65.7,170.6,Current,Moderate,Yes,197.3
23.0,Female,16.56,134.0,115.5,194.7,49.7,68.8,119.4,Never,Low,,162.4
47.0,Male,33.69,130.3,151.8,245.1,,60.1,149.7,Never,Moderate,No,176.44
57.0,Male,25.28,133.0,122.9,224.0,71.7,73.3,186.5,Never,Low,Yes,178.83
77.0,Male,24.56,130.9,117.2,248.3,41.3,62.6,172.6,Former,Moderate,No,193.85
50.0,Male,19.24,101.5,129.9,194.7,,62.9,110.9,Former,None,No,154.75
78.0,Female,29.33,137.5,149.2,250.0,67.7,103.7,85.1,Never,Moderate,No,215.48
74.0,Male,17.87,90.0,145.1,211.1,94.1,57.6,147.4,Current,High,No,183.67
46.0,Male,31.09,115.4,160.1,,69.1,81.3,96.3,Never,Moderate,Yes,185.85
24.0,Female,19.43,114.0,80.2,191.1,26.2,73.2,147.9,,Low,No,128.26
44.0,Male,20.22,,123.0,210.3,62.3,75.0,147.1,Former,Low,Yes,192.85
22.0,Female,21.04,119.8,137.3,189.6,105.8,61.0,152.8,Never,Moderate,Yes,161.6
52.0,Male,23.42,96.3,161.7,204.9,88.1,,179.2,Former,None,Yes,177.61
23.0,Male,31.71,119.6,,222.6,71.9,,201.3,Never,Low,No,147.01
44.0,,34.52,107.9,170.8,238.3,97.8,67.9,149.9,,Moderate,Yes,268.98
39.0,Male,23.94,125.0,112.7,219.0,76.7,,83.9,Never,High,Yes,156.8
53.0,Male,26.77,126.1,,201.1,130.3,88.0,209.8,Former,Low,No,175.59
45.0,Male,29.45,128.4,132.5,242.6,80.5,78.3,98.3,Former,,No,173.39
24.0,Female,25.35,112.5,139.8,178.2,42.0,66.8,128.5,Never,High,Yes,160.85
54.0,Male,29.25,122.6,139.6,217.0,75.7,70.6,86.1,Former,Low,,176.77
80.0,Female,26.98,142.4,128.3,254.6,81.4,80.4,25.6,Never,Moderate,No,158.2
47.0,Female,25.73,111.8,126.9,253.0,51.7,61.7,191.6,Never,,Yes,155.02
48.0,Male,19.9,118.8,138.2,180.3,78.1,82.6,235.8,Never,High,No,144.58
28.0,Female,27.75,102.6,124.4,178.6,73.6,70.2,84.2,Never,Low,No,130.37
71.0,Male,31.79,113.7,,195.3,122.5,66.6,14.2,Former,Low,Yes,203.74
57.0,Female,23.11,122.0,114.7,240.5,60.3,60.8,134.9,Never,None,No,170.39
69.0,Male,17.16,123.4,118.9,220.0,97.5,51.8,135.0,Never,Low,No,163.15
25.0,Female,25.4,116.3,112.2,212.4,71.0,86.6,38.0,Never,,No,148.57
38.0,Female,34.55,104.8,157.7,233.6,109.1,54.9,86.4,Current,None,Yes,185.82
79.0,Male,33.06,116.4,156.3,281.1,120.4,79.4,179.3,Never,,No,200.59
,Female,24.1,133.3,136.5,233.1,91.2,77.7,154.4,Current,None,No,170.43
76.0,Male,29.28,,152.8,231.6,87.2,70.6,,Former,None,No,163.26
30.0,Male,30.07,94.0,146.3,,111.5,70.2,93.1,Never,Moderate,No,200.83
21.0,Male,34.45,116.1,151.0,220.3,55.7,66.9,158.4,Former,High,No,147.55
66.0,,19.25,130.8,126.0,219.7,82.9,76.1,114.5,Never,None,No,184.79
63.0,Male,21.66,140.5,133.2,232.4,54.2,70.3,179.8,Never,Moderate,Yes,160.48
63.0,Female,16.95,114.3,142.0,186.1,102.3,71.2,85.7,Former,None,No,154.03
28.0,Female,23.61,96.8,112.8,165.3,76.7,70.3,124.1,Former,High,No,147.45
40.0,Female,32.33,95.0,134.9,,80.6,77.6,169.2,Former,Low,No,187.78
43.0,Male,24.2,102.5,144.6,223.2,77.5,77.6,181.7,Never,Moderate,No,159.42
53.0,,20.46,109.2,121.3,240.0,92.3,,104.5,Never,None,Yes,152.39
41.0,Female,28.13,116.6,142.9,178.6,45.7,69.8,153.2,Former,Moderate,No,207.04
22.0,Female,,90.0,101.7,206.1,112.4,75.6,209.2,Never,None,No,150.33
31.0,Female,21.91,96.0,134.5,213.9,79.0,63.5,166.6,Former,None,No,174.27
47.0,Female,24.47,131.5,131.7,207.9,52.5,62.1,110.5,Never,Moderate,,210.77
49.0,Male,27.75,90.0,148.8,270.0,29.2,60.6,149.8,Former,None,Yes,190.93
45.0,Male,30.73,116.0,164.6,184.6,88.9,74.6,172.4,Current,Moderate,Yes,208.05
67.0,Female,23.76,104.7,137.2,225.6,88.1,84.0,121.3,Never,Low,No,171.64
40.0,Male,23.04,98.3,102.3,129.4,77.5,72.6,170.6,Never,Low,No,150.71
47.0,Male,36.56,128.2,148.1,244.5,54.9,74.9,187.5,Current,Low,No,185.34
75.0,Female,,124.6,171.6,225.3,68.0,70.1,,Former,None,No,181.22
45.0,Female,28.25,142.1,143.5,166.9,115.1,74.7,184.2,Current,Moderate,No,194.58
52.0,Male,30.24,120.9,127.6,247.7,45.5,74.2,121.4,Never,Moderate,No,172.57
40.0,Female,18.07,98.0,118.4,200.1,78.9,76.3,114.8,,Moderate,No,143.33
54.0,Male,26.91,,151.1,220.0,79.4,51.6,206.7,Never,Low,No,157.04
71.0,Male,18.77,135.5,134.7,264.9,70.4,78.3,10.0,Never,,No,144.18
53.0,Female,26.35,120.1,138.3,205.1,77.4,78.7,152.6,Current,Moderate,No,147.0
60.0,Male,33.87,114.4,143.3,261.1,73.3,79.1,106.5,Never,High,No,206.81
70.0,Male,22.01,101.2,130.3,258.7,68.0,73.3,151.7,Current,Low,Yes,156.5
66.0,Male,18.67,115.8,138.6,212.9,105.5,89.9,52.7,Never,Low,Yes,194.09
37.0,Female,36.44,126.7,158.8,225.9,81.7,80.2,163.9,Never,None,No,234.57
77.0,Female,21.26,115.1,140.6,288.9,57.4,88.0,140.3,Never,Moderate,Yes,210.08
30.0,Female,19.51,98.6,110.8,169.1,,75.3,172.1,,None,No,137.15
76.0,Female,35.1,136.1,179.0,274.6,74.3,74.9,60.8,Former,Low,No,225.4
42.0,Male,21.07,116.3,120.0,,53.1,77.5,106.2,Never,Low,No,130.29
67.0,Female,35.22,104.4,166.7,286.7,125.4,68.5,155.4,Former,None,No,218.45
41.0,Female,28.37,107.1,148.4,217.8,82.9,79.5,134.3,Never,None,No,214.38
36.0,Female,33.42,123.1,,240.0,49.6,67.6,34.9,Never,Moderate,No,146.01
24.0,Female,27.93,101.1,133.0,158.1,79.3,65.4,,Never,Low,No,156.08
63.0,Male,32.4,135.5,106.6,,73.7,62.0,185.5,Former,Moderate,No,157.49
30.0,Male,22.41,121.4,122.5,171.8,73.3,80.3,142.1,Current,Moderate,No,167.6
49.0,Male,23.93,100.9,145.8,207.8,75.3,90.8,60.4,Former,,No,169.85
34.0,Female,16.42,101.8,122.6,187.0,47.4,83.8,126.8,Never,None,No,170.37
46.0,Female,,118.6,161.1,258.4,,80.6,134.6,Never,None,No,194.06
54.0,Male,29.1,95.8,152.2,220.4,,81.5,87.2,Never,Low,No,192.68
52.0,Female,21.96,110.7,123.8,221.0,75.6,81.0,204.3,Former,None,No,174.24
39.0,Female,18.26,114.1,94.1,207.7,77.2,70.8,125.5,Never,Moderate,Yes,145.21
80.0,Male,28.41,118.5,158.5,236.2,129.0,71.8,92.7,Former,Low,Yes,194.05
35.0,Male,35.38,112.8,156.0,222.0,106.6,62.8,137.1,Never,,Yes,191.29
53.0,Female,26.31,,109.3,256.3,13.5,89.8,30.1,Never,Low,No,173.18
21.0,Female,23.71,92.1,129.7,203.1,85.3,68.7,178.9,Current,Low,No,177.49
54.0,Female,22.31,123.2,136.6,239.2,116.2,74.4,95.9,Never,Moderate,No,168.23
59.0,Male,33.25,133.0,148.2,250.7,83.7,63.4,10.0,Never,Moderate,No,212.76
75.0,Male,23.1,115.2,153.6,288.7,123.0,67.8,27.0,Former,,No,178.02
47.0,Male,25.14,96.6,131.4,190.5,56.7,63.7,131.9,Never,Low,Yes,130.71
66.0,Male,32.21,119.3,150.1,316.3,68.2,70.8,185.2,Never,Low,Yes,202.13
58.0,Female,30.19,121.7,126.5,264.3,,79.2,,Former,Low,Yes,159.72
25.0,Male,25.34,92.6,,233.4,78.7,75.0,185.0,Current,None,No,177.94
28.0,Male,23.51,122.5,101.7,237.4,89.0,76.5,157.4,Former,None,Yes,168.54
39.0,Female,34.33,105.8,135.2,253.7,82.3,71.8,162.9,Never,Low,Yes,214.49
79.0,,21.42,116.8,153.0,207.8,86.2,81.9,111.3,Current,None,No,195.25
,Female,25.95,122.2,122.5,165.0,132.4,69.1,118.5,Never,Moderate,No,179.29
27.0,Male,19.47,117.3,149.1,214.2,70.1,75.1,114.3,Former,Moderate,No,211.06
74.0,Female,32.94,114.6,171.7,270.6,123.4,71.2,111.2,Never,None,Yes,197.94
42.0,Female,24.63,121.7,146.8,239.6,95.5,82.1,97.2,Never,Low,No,159.72
22.0,Male,23.5,92.0,137.9,196.7,75.2,62.5,64.6,Current,,No,163.64
23.0,Male,30.31,109.6,129.5,168.2,86.0,80.8,189.3,Current,Moderate,Yes,157.5
77.0,Female,19.87,146.0,131.9,237.1,63.2,78.2,131.8,Never,High,No,173.38
,Male,30.18,95.3,121.2,244.6,79.3,86.0,43.6,Never,None,Yes,139.29
66.0,Female,25.2,113.2,118.9,230.1,76.5,68.1,49.9,Current,Low,No,168.28
57.0,Female,20.97,109.5,154.9,223.4,99.7,71.3,144.2,Never,Moderate,Yes,173.02
34.0,Male,22.05,108.5,114.4,205.1,72.5,69.2,83.4,Never,Moderate,Yes,152.63
,Female,23.58,113.7,146.8,197.0,123.0,64.2,142.5,Never,,Yes,184.56
54.0,Male,24.78,113.2,112.5,,54.9,90.9,,Never,None,Yes,166.23
76.0,Male,21.01,104.0,139.5,299.7,68.7,68.5,83.2,Never,Low,No,183.33
72.0,Male,28.47,107.6,175.8,290.5,101.8,66.2,148.6,Current,Low,No,196.49
72.0,Female,20.88,111.8,145.6,266.9,68.2,87.6,84.4,Never,Low,No,186.71
65.0,Male,16.0,126.0,135.1,235.9,97.1,80.9,100.4,Never,Low,No,162.86
71.0,Male,36.6,105.2,155.0,228.3,118.1,72.8,136.0,Never,None,No,183.5
33.0,Female,27.99,93.9,118.4,235.9,65.0,54.8,184.3,Never,Moderate,No,162.83
55.0,Female,37.05,101.1,158.2,273.9,92.3,88.6,58.5,Never,Moderate,No,209.02
,Female,21.78,108.0,103.5,191.6,85.6,88.8,76.6,Current,Low,No,155.09
36.0,Female,29.4,119.8,136.3,,102.1,77.2,60.7,Never,Low,No,159.31
58.0,Male,31.47,117.9,169.1,250.1,170.7,78.1,217.0,Current,Moderate,No,193.7
28.0,Male,26.05,126.5,106.5,234.0,42.4,72.9,127.9,,None,No,131.33
54.0,Male,19.78,116.1,142.5,201.4,117.7,69.3,90.0,Former,,Yes,192.32
79.0,Female,25.68,124.4,169.6,264.3,80.2,86.0,122.0,Never,Moderate,No,211.71
32.0,Female,30.13,95.0,132.9,187.6,68.3,67.9,57.2,Never,Moderate,No,173.63
34.0,Male,29.94,107.7,138.8,182.7,86.7,76.5,125.8,Never,Low,Yes,140.83
37.0,Female,26.99,96.7,126.2,219.1,80.5,73.7,144.1,Former,None,Yes,166.13
70.0,Female,31.49,109.8,151.3,226.1,115.5,74.3,60.5,Never,None,No,157.92
52.0,Male,31.25,101.3,163.1,244.5,59.7,65.3,66.6,Never,None,Yes,174.22
,Male,24.38,98.6,138.3,154.0,17.9,60.0,133.8,Former,Low,Yes,184.6
78.0,Female,19.4,119.1,148.2,216.4,129.4,79.5,79.8,Never,None,No,156.6
46.0,Female,27.95,142.6,151.4,251.6,,,107.0,,None,No,174.96
42.0,Female,23.27,111.4,134.7,232.4,104.3,73.5,57.1,,None,No,156.12
78.0,Male,27.72,127.4,132.4,263.0,112.0,76.8,24.3,Current,Low,Yes,183.29
46.0,Male,33.73,104.1,168.8,217.8,119.0,75.3,204.8,Never,Moderate,No,170.85
53.0,,29.19,150.6,129.5,231.0,,,57.2,Never,Moderate,No,148.06
75.0,Male,33.48,112.7,160.5,249.7,107.6,80.6,98.1,Never,Low,Yes,185.1
65.0,Male,21.94,113.6,154.7,297.4,77.7,73.3,109.5,Former,Low,No,191.11
57.0,Female,32.44,127.6,127.3,247.3,37.4,71.2,99.3,Never,Low,No,162.27
33.0,Female,35.38,107.3,157.7,199.2,82.6,78.1,138.3,Never,Low,Yes,176.71
55.0,Female,27.32,99.5,122.0,227.8,65.7,73.4,107.9,Former,Moderate,No,117.82
72.0,Male,38.61,122.7,179.9,212.9,77.2,76.7,89.4,Former,Low,No,199.46
27.0,,22.71,110.3,145.1,145.5,86.9,79.5,210.6,Former,High,No,198.2
54.0,Male,23.81,120.4,124.1,,35.6,76.9,76.0,Former,Moderate,Yes,166.25
38.0,Female,30.25,115.0,124.9,226.2,106.3,80.2,,Never,Moderate,Yes,190.17
49.0,Male,27.27,138.3,142.1,,83.2,58.5,183.1,Never,Moderate,No,159.0
33.0,Male,23.29,108.1,110.9,204.2,63.0,95.2,114.8,Never,Low,No,152.4
78.0,Female,30.1,134.6,119.1,251.4,69.9,81.5,82.1,Former,Low,No,207.11
39.0,Male,28.78,90.0,138.1,219.4,79.9,77.3,108.7,Never,Moderate,No,164.63
68.0,Female,24.07,143.0,150.1,269.6,64.8,73.0,173.5,Never,Low,No,176.53
44.0,Male,27.95,110.6,133.6,,58.9,58.8,186.2,Never,Low,No,163.9
59.0,Male,30.8,106.1,152.9,226.7,59.7,80.0,58.7,Never,Low,No,165.17
43.0,Female,23.96,107.0,151.6,165.9,56.8,82.2,216.0,,,Yes,171.78
33.0,Female,29.58,112.8,130.7,185.1,61.9,56.1,28.2,Never,Moderate,No,160.47
45.0,Female,22.66,122.7,127.4,236.2,76.4,80.4,44.4,Never,Moderate,No,171.75
57.0,Female,23.63,114.5,138.1,270.8,107.6,87.3,38.6,Never,Low,Yes,148.13
42.0,Female,32.56,116.1,140.3,200.5,49.4,85.7,78.6,Former,None,No,176.16
41.0,Female,30.07,105.3,135.9,192.2,102.7,76.9,116.3,Never,None,No,173.52
67.0,Male,17.57,126.0,164.0,216.0,57.0,73.5,57.7,Former,None,No,181.61
76.0,Male,25.13,126.7,151.7,296.0,90.2,83.4,42.1,Never,Moderate,No,212.46
38.0,Female,29.45,110.7,133.9,221.6,48.5,75.6,168.2,Never,Low,No,145.74
65.0,Male,27.69,115.5,,218.2,67.9,77.3,98.5,Never,Moderate,No,180.96
70.0,Female,30.09,126.3,174.2,237.0,102.9,69.7,154.3,Never,Low,No,209.12
22.0,Male,27.58,90.0,140.3,185.9,90.8,56.0,204.6,Former,Moderate,Yes,180.33
61.0,Female,26.34,119.8,133.6,253.9,98.2,81.4,127.4,Never,High,No,201.98
38.0,Male,26.18,99.5,183.2,267.9,78.6,68.9,177.6,Former,,No,195.76
28.0,Male,32.46,90.7,111.3,216.1,95.9,62.2,137.9,Never,Moderate,Yes,125.46
47.0,,30.47,102.7,,257.5,108.9,62.6,62.7,Current,Low,Yes,197.66
39.0,Male,29.02,105.1,145.9,180.1,91.2,70.3,60.7,Never,None,No,172.33
64.0,Male,27.44,,141.3,303.8,45.1,62.9,10.0,Former,None,No,190.2
26.0,Female,24.26,106.5,80.9,162.4,20.9,80.6,191.8,Never,Low,No,145.91
33.0,Female,25.47,105.8,128.1,241.7,83.2,76.3,151.7,Former,Low,No,174.48
28.0,Female,32.32,114.8,140.7,221.7,71.7,81.1,10.0,Never,Low,No,191.23
78.0,Male,31.85,124.1,158.0,221.4,68.4,65.8,138.1,Never,Low,No,153.08
79.0,Female,23.76,127.7,154.0,270.3,,62.6,105.3,Former,Moderate,No,183.86
74.0,Male,27.5,145.7,143.8,246.5,77.5,90.5,56.4,Never,None,Yes,215.98
76.0,Male,29.49,118.9,153.9,226.2,85.3,67.7,53.9,,Moderate,Yes,197.62
79.0,,29.17,122.1,180.8,254.3,78.9,76.0,86.3,Former,Low,No,218.2
38.0,Female,29.13,121.5,156.0,170.9,133.1,65.0,204.2,Never,Moderate,No,177.06
66.0,Male,21.44,108.2,135.2,218.8,58.4,66.7,115.7,Never,Low,No,179.67
71.0,Female,21.14,137.7,150.6,209.4,81.8,79.8,69.5,Former,,No,159.76
33.0,Female,32.85,102.0,,212.3,45.4,70.3,265.4,Current,Low,No,148.94
75.0,Male,,113.8,147.1,208.9,61.1,86.6,159.9,Never,None,No,178.03
57.0,Male,19.59,126.5,137.9,171.6,54.6,57.3,175.1,Current,None,Yes,176.86
,Female,26.86,,153.2,220.9,76.8,74.4,165.4,Never,Low,No,170.89
80.0,Female,31.07,147.9,172.5,,89.9,70.6,,Current,Low,No,212.53
55.0,Female,16.0,115.7,108.4,188.0,63.6,71.0,150.6,Never,Low,No,112.39
59.0,Female,21.63,117.4,135.5,239.1,70.4,71.9,125.0,Never,None,Yes,150.58
36.0,Female,26.54,99.2,120.1,231.6,81.7,77.5,150.5,Never,Low,No,140.24
49.0,Female,,110.3,141.4,196.7,90.9,71.1,57.0,Former,None,No,183.22
28.0,Male,28.05,99.3,117.6,245.6,,69.5,28.5,,Low,No,162.93
52.0,Female,34.35,129.4,143.5,228.0,108.5,88.6,169.2,Current,Low,No,203.3
75.0,Female,22.74,127.2,147.3,293.3,92.3,63.8,209.6,Never,High,No,202.97
71.0,Female,27.25,130.4,,237.1,38.7,64.7,92.3,Current,Low,,224.85
,Female,25.28,111.0,106.2,186.1,91.9,89.0,213.7,,Moderate,No,119.45
33.0,Male,27.68,99.9,152.8,245.1,110.9,86.8,231.7,Former,None,No,158.53
30.0,Male,27.03,108.0,120.2,178.0,33.3,55.1,121.6,Former,None,No,171.4
72.0,Female,40.19,141.5,146.5,293.9,79.4,93.8,178.7,Never,None,Yes,208.9
54.0,Female,34.45,,134.5,241.8,87.9,,163.2,Never,,No,181.77
60.0,Female,19.1,122.0,130.8,208.3,104.3,67.2,105.1,Current,Moderate,No,146.82
78.0,Male,22.5,143.1,174.5,222.9,106.9,75.1,136.0,Current,Moderate,Yes,219.46
33.0,Male,23.11,95.1,124.3,202.3,66.1,67.6,163.0,Never,Low,Yes,173.01
49.0,Male,,123.1,140.9,235.2,60.5,72.7,24.9,Never,None,No,167.0
60.0,Male,20.16,128.1,127.3,224.1,47.0,69.9,259.9,Former,None,No,164.82
23.0,Male,26.11,90.0,130.5,241.1,60.2,60.0,97.2,Former,Low,No,162.83
78.0,,23.3,138.4,143.7,,97.1,63.1,117.6,Never,,Yes,202.52
23.0,Female,22.55,93.2,131.7,192.3,101.4,72.6,257.2,,Low,Yes,136.44
47.0,Male,37.1,115.5,135.1,266.4,74.0,65.4,119.7,Former,Low,No,154.08
27.0,Male,23.65,114.4,126.3,166.3,103.3,58.1,,Never,High,No,159.65
21.0,Female,24.78,,126.9,225.2,88.4,75.3,165.2,Former,None,No,172.09
,Male,30.71,98.6,158.3,239.5,146.0,78.3,104.0,Former,High,No,228.59
80.0,Female,,147.5,126.4,252.3,38.9,79.9,,Former,Low,No,179.02
65.0,Male,21.17,136.3,129.6,221.5,75.5,74.7,72.5,Former,Low,Yes,166.18
41.0,Female,25.71,121.1,145.4,181.5,90.6,64.2,108.6,Never,Moderate,No,165.46
60.0,Female,37.04,121.3,165.3,245.0,133.5,84.4,118.1,Never,None,No,200.07
75.0,Female,24.59,118.5,179.3,228.9,65.8,82.7,38.6,Never,Moderate,Yes,205.49
74.0,Female,,110.3,134.7,283.5,60.9,94.8,80.1,Current,Low,No,190.15
35.0,Female,29.1,90.0,101.5,228.6,71.8,82.9,115.6,Never,High,No,187.78
48.0,Male,25.47,,129.0,222.3,53.2,75.5,64.1,,None,Yes,195.52
,Male,,133.2,122.8,296.0,72.5,90.1,81.7,Former,High,No,171.16
67.0,Female,23.07,119.1,154.7,233.7,53.2,74.8,157.4,Never,Moderate,No,179.48
49.0,Female,35.67,106.5,154.1,255.1,115.2,73.5,22.8,Former,None,No,164.84
31.0,Female,32.82,104.8,,248.2,124.0,70.9,204.9,Never,,No,162.5
54.0,Male,25.09,106.6,149.5,218.6,125.1,68.6,99.6,Never,,No,157.38
30.0,Female,26.98,103.8,150.4,219.3,91.0,91.2,168.0,Former,Low,No,170.08
65.0,Female,21.85,110.9,92.6,219.7,71.3,66.5,173.6,Never,High,Yes,148.33
69.0,Female,24.31,128.4,108.2,270.8,72.6,59.4,63.2,Former,None,No,161.39
40.0,Female,25.06,122.9,119.5,212.8,95.8,67.8,165.7,Current,Low,Yes,200.54
40.0,Male,27.79,114.1,132.0,255.5,108.9,75.3,69.0,Never,Moderate,,191.6
24.0,Female,19.94,99.8,121.3,198.1,93.1,65.9,78.5,Current,Low,No,146.01
67.0,Female,28.56,132.0,153.1,313.7,93.9,71.0,103.2,Current,Low,Yes,219.62
39.0,Male,26.27,107.8,137.7,194.5,98.7,54.6,133.1,Never,Low,No,187.87
56.0,Female,28.99,,118.5,257.2,76.2,62.0,179.7,Never,Low,,139.26
22.0,Female,29.74,92.3,118.2,202.2,46.9,58.7,76.1,Current,Low,No,152.7
63.0,Male,25.87,112.3,138.9,229.0,70.6,81.4,152.8,Never,,Yes,187.39
52.0,Male,29.44,101.5,142.8,176.9,89.7,60.4,107.3,Never,Low,Yes,159.38
72.0,Male,26.56,116.8,140.9,246.4,65.2,68.7,104.4,Never,Moderate,No,151.46
80.0,Female,30.72,137.8,164.7,229.7,72.0,73.5,10.0,Former,None,No,194.0
28.0,Female,28.58,,112.8,198.7,88.1,61.3,139.0,Never,Low,No,138.28
80.0,Male,27.91,,147.0,227.1,101.4,77.7,145.4,Never,Low,No,194.66
28.0,Male,26.49,97.6,139.0,182.2,90.2,75.1,,Never,Low,Yes,132.91
23.0,Male,33.48,90.0,142.6,179.2,74.0,83.8,135.2,Never,Low,Yes,178.67
54.0,Female,29.03,108.2,139.0,201.6,76.2,73.1,229.1,Never,Moderate,No,158.83
,Female,20.39,131.5,117.5,159.4,91.5,52.6,140.8,Never,None,Yes,157.56
53.0,Male,24.64,103.2,129.7,235.3,60.6,67.8,30.1,Former,Low,No,196.18
43.0,Female,25.86,117.0,129.7,217.8,48.4,,50.5,Never,Low,No,147.19
51.0,Male,26.99,112.0,132.1,245.8,92.4,84.5,210.8,Never,Low,No,186.34
20.0,Female,27.88,103.5,122.1,188.3,75.1,68.3,130.1,Former,Low,Yes,168.05
27.0,Female,22.28,96.0,128.1,179.8,108.6,74.6,195.9,Never,Moderate,Yes,147.23
64.0,Female,26.66,132.7,151.4,234.8,64.6,71.2,97.4,Former,Moderate,No,199.13
42.0,Female,25.43,114.0,111.0,235.5,97.5,77.0,159.9,Never,Low,Yes,174.56
66.0,Male,32.42,125.2,188.8,254.9,88.2,68.4,91.6,Former,None,No,199.14
59.0,Female,22.02,117.7,127.0,227.1,96.7,58.5,114.9,Never,Moderate,No,139.4
31.0,Female,26.91,,140.5,226.5,55.8,50.0,173.1,Current,None,No,147.99
73.0,Male,23.57,129.6,126.3,241.5,,79.2,41.2,Current,Low,Yes,179.07
31.0,Female,36.31,108.4,173.4,203.5,103.4,74.2,164.0,Never,Low,No,176.51
65.0,Male,33.28,127.1,167.2,272.2,,77.6,128.0,Never,Low,No,212.65
66.0,Male,18.79,98.6,141.6,193.9,88.1,75.1,31.8,Current,High,Yes,193.03
34.0,Female,23.02,107.6,123.9,,56.9,53.9,293.0,Never,Moderate,Yes,151.99
60.0,Female,31.35,116.2,119.0,239.1,83.9,67.8,,Never,Low,,192.79
38.0,Male,29.29,121.1,168.9,219.7,122.1,70.9,84.1,Former,Low,Yes,200.06
45.0,Male,29.13,101.8,157.2,229.9,114.2,65.8,217.4,Never,None,Yes,190.65
71.0,Male,27.95,124.4,145.9,236.1,,79.6,43.7,Never,Moderate,Yes,204.25
48.0,Female,31.76,134.7,156.0,,62.0,71.2,99.4,Never,None,No,184.21
41.0,Male,30.9,108.1,119.3,,76.7,78.0,147.8,Never,None,Yes,141.48
59.0,Male,25.55,100.6,108.1,235.1,91.5,83.9,90.8,Never,None,Yes,139.09
40.0,Male,21.0,134.1,,229.5,42.3,76.0,169.8,Never,None,Yes,188.97
,,18.55,112.9,121.8,,91.0,75.9,143.8,Never,Moderate,No,144.11
57.0,Male,26.48,103.2,134.3,268.1,126.2,61.5,82.5,Never,,No,191.73
39.0,Female,17.8,95.5,120.1,172.5,91.1,,222.6,Never,Low,Yes,170.22
76.0,Female,28.25,132.9,133.0,,47.3,60.5,91.5,Never,Moderate,No,168.77
48.0,Male,25.46,127.2,135.9,215.3,57.6,61.8,144.8,Never,Moderate,No,171.54
70.0,Female,36.72,142.6,145.4,255.2,70.7,77.0,92.5,Never,Moderate,No,192.53
23.0,Male,,100.5,149.5,234.8,84.1,59.2,131.8,Never,Moderate,Yes,171.81
74.0,Female,26.85,111.5,149.5,,95.0,95.1,106.4,Former,None,No,224.56
26.0,Female,18.92,94.9,126.5,200.3,95.1,79.1,255.1,Never,None,No,154.18
47.0,Male,20.69,111.6,97.3,158.6,62.5,73.0,157.7,Never,None,No,126.16
,Male,30.41,110.9,155.4,180.1,95.0,50.0,76.7,Never,,No,189.19
23.0,Male,25.43,116.0,153.0,197.5,64.8,53.6,160.6,Current,High,No,202.42
41.0,Female,39.68,92.6,159.1,261.4,75.1,92.6,109.2,Never,Moderate,No,187.53
31.0,Female,26.58,90.6,140.9,185.5,103.8,66.3,202.5,Former,Moderate,No,173.97
64.0,Male,27.84,115.1,144.1,233.4,95.4,84.6,113.2,Never,Low,Yes,170.8
22.0,Male,20.42,104.3,124.3,236.6,91.2,65.9,79.0,Never,Moderate,No,139.97
41.0,Female,31.74,103.1,173.1,212.1,72.7,63.1,162.5,Never,None,Yes,197.77
63.0,Female,22.37,112.1,179.6,279.9,97.0,64.2,74.7,Never,Low,Yes,206.06
21.0,Female,29.62,113.5,137.6,190.4,85.0,56.7,180.3,Never,Moderate,No,158.44
43.0,Male,31.06,115.0,125.7,249.4,86.1,77.3,190.9,Former,None,No,181.63
53.0,Female,27.48,102.0,154.0,230.6,111.3,76.5,113.6,Current,Moderate,No,184.4
46.0,Male,35.78,,130.7,254.7,81.7,67.6,126.7,Never,Moderate,No,193.11
74.0,Female,23.95,129.5,135.4,299.0,117.4,56.0,119.8,,Low,No,199.29
60.0,Female,35.38,,149.4,256.7,44.1,71.4,86.6,Never,None,No,186.53
20.0,Male,20.65,105.1,153.8,225.1,82.0,75.4,163.9,Never,Moderate,No,160.59
27.0,Male,31.0,98.0,162.5,184.5,114.6,90.8,164.2,Former,Low,No,177.69
42.0,Male,26.29,113.3,157.9,190.9,73.9,81.4,90.4,Never,Moderate,,156.99
57.0,Female,23.46,117.1,153.0,181.1,106.9,75.1,191.6,Never,None,,162.77
25.0,Female,18.69,90.0,99.8,162.2,72.1,63.2,59.8,Never,Low,No,103.67
41.0,Female,,100.8,138.8,257.8,125.3,83.3,184.5,,Low,Yes,184.22
44.0,Male,25.38,127.2,168.5,226.9,90.6,73.4,213.3,Never,Low,No,158.43
37.0,Female,27.86,135.1,144.3,207.0,82.4,,187.1,Never,Low,No,143.7
,Male,30.62,90.0,158.7,222.9,130.2,82.3,86.4,Never,None,No,176.73
,Male,22.96,138.5,118.8,265.9,68.6,73.0,152.6,Never,High,Yes,193.91
31.0,Male,35.79,107.5,159.2,,114.0,79.4,264.8,Never,Moderate,No,183.33
25.0,Female,24.31,126.2,106.2,205.2,78.9,60.0,144.6,Former,None,No,165.68
45.0,Female,30.01,103.5,139.3,263.2,107.7,66.0,136.5,Never,None,No,174.4
46.0,,27.45,121.5,165.2,194.9,85.1,76.7,,Never,None,No,220.26
27.0,Female,26.01,98.5,135.0,193.3,79.9,70.4,104.7,Never,None,Yes,166.94
38.0,Male,27.2,122.5,150.3,247.3,79.5,69.5,58.4,Never,Low,Yes,233.17
79.0,Male,22.3,153.3,142.9,271.9,41.6,64.4,129.1,Current,Low,No,191.59
61.0,Female,25.06,120.0,107.9,242.9,66.9,,124.1,Never,None,No,167.96
20.0,Male,,90.0,99.6,174.2,140.3,55.5,102.0,Current,High,,139.75
76.0,Male,24.25,141.2,160.3,267.0,75.0,82.8,129.8,Former,Moderate,Yes,215.38
48.0,Female,24.67,118.4,142.1,194.8,87.9,73.1,114.6,Current,Low,No,161.5
64.0,,31.23,123.3,183.7,276.3,125.5,74.5,140.1,Former,Low,Yes,230.87
68.0,Male,,139.6,148.4,281.8,98.4,73.8,126.2,Former,Moderate,No,171.38
54.0,Male,24.76,,122.8,209.7,76.3,65.3,135.8,Never,Low,No,151.24
59.0,Male,28.1,108.0,146.0,307.1,66.4,73.2,123.1,Current,Low,No,181.01
33.0,Male,27.9,112.0,152.5,183.1,120.1,74.7,50.9,Never,Low,No,165.5
54.0,Male,24.04,105.4,106.1,219.6,96.5,76.8,45.7,Never,None,No,166.77
67.0,Male,28.97,,157.7,237.0,121.4,73.3,215.6,Never,None,No,190.32
64.0,Female,26.11,134.1,122.9,233.6,107.0,72.9,195.5,Never,Low,No,131.65
39.0,Female,24.04,112.7,133.9,251.2,50.5,70.8,126.7,Former,Moderate,No,184.29
75.0,Male,24.52,109.6,161.1,256.6,83.6,72.5,133.1,Former,High,No,194.17
68.0,Male,31.75,125.5,166.3,224.2,100.1,58.4,23.9,Never,,Yes,223.74
32.0,Female,24.67,119.3,153.0,208.9,67.6,66.7,66.4,Never,Low,No,174.09
80.0,Female,28.31,128.1,160.8,272.4,77.4,65.9,10.0,Never,Low,No,176.42
57.0,Female,20.59,126.1,142.8,237.6,99.1,71.9,66.3,Never,None,,197.47
68.0,Female,32.58,114.4,,282.8,106.8,66.0,80.0,Never,Low,Yes,225.5
65.0,Female,24.09,122.4,125.3,237.3,117.6,77.1,157.4,Never,Low,No,166.93
68.0,Male,29.0,101.7,149.7,266.3,71.5,84.9,103.0,Former,Low,No,166.87
27.0,Female,25.74,109.7,84.1,198.8,44.0,68.1,167.3,Never,Low,No,133.94
62.0,Female,28.94,122.2,156.0,220.3,135.8,76.2,100.9,Never,Low,No,191.5
39.0,Female,29.22,92.1,89.8,186.1,61.0,67.7,134.5,Former,Low,No,115.39
79.0,Male,26.28,143.8,167.9,294.1,52.0,74.2,85.8,Never,Moderate,No,205.86
52.0,Male,17.67,120.3,156.4,172.5,98.5,85.2,144.5,Former,Moderate,No,137.77
45.0,Male,32.46,101.9,156.2,234.8,66.0,58.5,10.0,Never,Low,No,150.31
58.0,Male,26.3,124.0,154.9,242.9,80.7,67.4,124.6,Former,Low,Yes,174.26
40.0,Male,28.84,96.2,160.8,191.0,60.1,73.0,132.4,Never,None,No,172.33
72.0,Male,30.46,112.2,148.3,274.6,111.4,,203.9,Former,None,No,171.47
68.0,Female,24.71,108.8,122.2,200.5,86.8,70.9,128.3,Never,None,No,174.64
61.0,Male,29.59,105.4,148.2,222.1,58.5,,209.5,Never,None,No,157.22
62.0,Male,23.26,123.2,126.4,258.1,83.6,77.7,77.9,Never,Low,Yes,171.15
73.0,Female,28.94,124.0,155.5,211.9,104.2,73.7,69.8,Never,High,No,212.09
,Male,27.1,126.0,149.9,257.1,82.8,79.4,215.3,Current,Low,No,179.88
28.0,Female,24.89,,118.8,233.8,113.0,80.4,138.7,Never,Moderate,Yes,160.17
43.0,Female,27.23,104.7,125.1,249.2,101.7,71.9,93.9,Former,Low,No,183.46
56.0,Male,21.72,110.7,96.2,234.1,58.1,85.2,127.8,Never,Low,No,177.29
68.0,Female,28.55,121.2,148.2,219.8,81.9,83.6,126.3,Never,None,No,196.0
60.0,Female,29.06,117.3,140.6,209.1,57.0,69.7,190.9,Former,Low,No,180.48
36.0,Female,28.73,108.9,130.6,200.7,43.4,84.9,100.5,Never,Moderate,Yes,210.59
43.0,Female,34.51,110.4,162.7,142.7,72.8,78.1,179.1,Former,Low,No,155.45
40.0,Male,26.53,102.5,170.8,216.1,79.3,83.5,237.4,Current,None,No,221.3
70.0,Female,26.87,116.7,,239.7,114.3,57.9,175.5,Current,Moderate,No,187.87
78.0,,21.15,124.5,150.9,244.8,57.6,81.1,206.3,Current,Low,No,191.93
58.0,Female,34.86,122.2,161.5,235.8,93.7,76.2,125.5,Never,Moderate,Yes,185.04
74.0,Female,19.51,124.3,159.9,241.9,,67.4,143.6,Never,None,No,157.79
60.0,Female,28.14,107.6,,237.8,65.2,60.1,80.4,Never,Low,Yes,167.56
58.0,Male,23.93,106.0,122.4,187.4,100.3,72.1,260.2,Never,Moderate,No,149.09
32.0,Male,27.31,110.5,118.3,217.1,69.5,71.8,197.5,Never,Moderate,Yes,160.83
30.0,Male,20.46,112.6,80.4,198.0,50.1,65.9,162.7,Current,Low,No,132.19
65.0,Female,31.46,132.1,153.8,196.1,124.9,67.2,115.5,Never,Moderate,No,177.41
38.0,Female,22.22,101.2,,233.1,,66.9,25.5,Never,High,No,159.31
30.0,Female,32.83,90.0,145.6,206.3,103.1,65.1,30.6,Former,Low,Yes,154.06
32.0,Female,22.36,109.0,82.1,220.7,51.2,,,Never,Moderate,Yes,166.79
65.0,Male,31.88,110.7,154.2,243.7,62.2,66.8,88.7,Never,Low,Yes,185.07
64.0,Female,22.85,117.6,,182.5,75.2,59.1,155.1,Former,Moderate,No,166.97
,Male,23.93,100.8,112.5,201.1,126.2,77.5,203.5,Never,High,Yes,146.85
59.0,Female,26.99,123.2,162.7,247.1,60.2,81.7,123.9,Former,Moderate,Yes,202.4
63.0,Male,22.76,129.1,125.3,264.1,63.4,72.8,138.1,Never,None,No,171.12
38.0,Male,22.61,121.1,133.7,234.3,108.9,61.7,132.9,Former,None,No,229.29
31.0,Female,22.82,119.8,114.1,236.1,54.3,53.8,209.4,Former,Moderate,Yes,126.9
27.0,Female,28.59,103.4,162.8,227.1,78.7,71.3,112.5,Former,Low,No,164.35
27.0,Male,27.0,90.0,127.9,190.6,82.7,75.6,135.4,Current,Moderate,No,136.08
80.0,Female,27.26,118.7,166.8,239.3,88.4,67.9,115.5,Never,None,No,197.27
72.0,Female,25.38,139.3,159.0,,101.8,,69.7,Former,Moderate,No,208.86
64.0,Male,,120.6,172.0,230.4,89.4,61.0,37.4,Never,Moderate,No,223.67
31.0,Male,32.25,130.1,143.2,229.7,85.2,71.9,168.7,Former,Moderate,,181.47
80.0,Male,29.88,121.5,135.1,303.7,79.4,56.9,228.9,Current,None,Yes,219.07
67.0,Male,25.96,147.9,154.7,221.7,71.1,65.6,122.9,Former,Moderate,Yes,220.08
52.0,Female,20.9,113.4,136.8,239.4,42.2,,171.3,Never,Low,Yes,166.66
64.0,Male,17.11,113.8,76.5,202.4,104.1,79.0,100.8,Never,None,No,113.77
,Male,26.68,101.7,107.8,236.6,54.5,75.5,158.4,Never,High,No,150.38
,Male,17.03,124.0,141.1,264.5,67.5,95.5,,Never,None,Yes,169.88
47.0,Female,26.0,94.2,163.3,258.6,96.5,74.3,75.3,Never,None,No,183.31
77.0,Male,34.01,118.1,162.6,247.7,69.1,71.1,141.3,Never,Moderate,Yes,192.92
24.0,,21.23,100.2,134.3,238.3,102.2,61.4,142.4,Never,Low,Yes,168.92
27.0,Male,20.57,90.0,122.0,189.7,83.3,79.8,61.1,Current,Moderate,Yes,131.66
44.0,Male,30.18,108.6,143.8,287.9,79.3,96.1,114.3,Current,Low,No,196.53
46.0,Female,16.0,131.3,118.7,208.1,65.6,81.6,186.4,Former,None,Yes,170.37
65.0,Male,28.91,124.4,152.0,,61.8,75.9,84.1,Never,High,No,203.81
42.0,Male,34.34,101.0,155.8,245.2,96.4,72.8,14.5,Never,Low,Yes,149.87
49.0,Female,22.64,106.3,126.0,187.9,82.1,58.0,,Never,None,Yes,158.35
64.0,Male,21.78,122.8,161.1,269.4,77.2,81.8,125.7,Former,High,No,202.46
,Male,29.95,113.6,134.6,249.5,93.6,67.6,207.2,Former,Low,Yes,235.73
42.0,Male,21.15,114.5,158.4,194.7,125.2,61.3,158.6,Former,None,No,172.98
68.0,Male,31.05,114.1,151.4,225.5,88.3,72.6,80.1,Never,Moderate,Yes,169.34
66.0,Female,21.55,107.4,138.2,215.5,77.9,,137.1,Former,High,No,140.31
39.0,Male,35.84,,138.6,224.5,62.4,63.6,159.4,Never,Moderate,No,172.25
37.0,Female,30.31,115.2,147.5,187.8,83.1,67.4,244.6,Never,,Yes,158.29
37.0,Male,27.19,90.0,128.4,190.8,70.7,54.7,214.4,Never,None,Yes,169.29
21.0,Female,35.55,95.4,132.8,161.7,58.4,68.1,195.8,Never,Low,No,183.04
23.0,Male,32.16,112.9,147.8,184.8,96.7,72.8,177.4,Current,,No,131.08
49.0,Female,28.84,110.1,164.1,264.8,98.4,63.8,137.3,Current,Low,No,188.58
52.0,Male,17.68,106.4,107.9,248.4,74.5,,98.3,Never,Moderate,Yes,180.87
55.0,Female,23.49,,152.2,232.6,80.3,68.0,186.7,Never,,No,185.83
37.0,Female,32.43,108.0,166.0,279.4,113.4,62.1,120.4,Never,Moderate,Yes,187.9
56.0,Male,20.5,113.0,101.2,256.1,31.9,80.6,113.2,Current,High,Yes,174.53
38.0,Female,23.17,106.1,113.9,221.5,37.4,72.4,146.6,Never,Low,Yes,176.15
66.0,Male,21.89,117.9,161.8,248.1,96.6,86.2,83.2,Current,Low,Yes,203.05
47.0,Male,29.01,99.5,149.3,227.5,115.1,87.0,110.1,Never,Low,No,187.85
59.0,Male,31.82,104.2,183.2,204.2,101.8,61.1,124.0,Current,Low,No,224.24
39.0,Male,31.82,94.5,140.3,214.0,86.9,92.0,,Current,Moderate,Yes,185.0
68.0,Male,22.74,121.7,132.5,163.1,58.3,53.1,195.9,,,Yes,170.63
,Female,28.94,120.4,169.2,198.8,47.0,61.5,46.2,Current,None,Yes,220.46
31.0,Male,22.5,92.7,109.9,241.0,52.0,59.2,180.0,Never,Moderate,No,153.53
77.0,Male,25.95,106.6,146.8,250.2,100.5,87.1,81.2,Former,None,No,208.6
70.0,Male,29.6,111.0,163.9,216.6,,79.1,94.9,Former,Moderate,No,210.19
34.0,Male,32.31,122.1,153.8,,70.1,74.0,15.6,Current,Moderate,No,226.4
60.0,Male,16.25,113.2,113.6,237.1,40.3,51.9,82.0,Never,None,No,135.06
58.0,Male,27.49,113.5,149.8,276.1,67.5,73.2,153.3,Never,Moderate,No,189.74
21.0,Female,34.04,90.0,133.7,257.9,106.9,92.4,120.0,Former,Low,No,169.6
48.0,Female,28.16,118.5,111.4,246.7,60.6,77.3,107.6,Never,Low,Yes,137.92
60.0,Male,27.41,115.5,137.6,192.2,103.3,70.6,106.3,Former,Low,No,153.25
29.0,Female,24.18,94.3,97.3,266.4,56.3,80.9,162.0,Never,None,No,158.23
21.0,Male,33.9,90.0,126.8,245.9,111.1,71.8,249.6,Never,None,No,168.29
70.0,,24.42,126.0,123.9,263.5,86.1,69.9,110.0,Never,Low,Yes,196.17
30.0,Male,26.5,106.7,144.8,206.0,75.6,,309.0,Current,Low,Yes,169.62
32.0,Male,24.65,90.0,,162.4,78.4,76.2,290.4,Former,Moderate,No,150.96
29.0,Male,27.54,117.8,159.8,191.2,59.2,68.6,241.0,Current,Moderate,No,186.05
33.0,Female,34.13,97.1,127.9,217.6,68.5,72.9,203.3,Never,None,No,153.08
37.0,Female,22.47,90.0,129.8,196.3,111.7,50.8,162.7,Never,Moderate,No,155.25
70.0,Female,27.56,139.8,130.7,274.4,88.7,73.4,197.5,Never,Moderate,No,142.32
73.0,Female,28.96,121.6,142.8,246.2,39.1,65.1,227.5,Never,Low,Yes,186.23
28.0,Male,22.94,107.8,117.1,178.3,72.2,80.4,157.9,Never,Low,No,133.44
76.0,Female,26.7,144.3,187.5,262.1,104.3,65.3,123.3,,High,Yes,234.6
58.0,Male,,104.1,165.7,221.1,,66.6,167.2,Never,Low,Yes,229.89
47.0,,18.16,116.9,122.9,165.2,69.8,60.4,129.1,Current,Low,No,160.52
22.0,Female,,114.0,144.2,211.4,82.8,78.0,238.5,Former,Moderate,No,176.49
39.0,Female,28.25,96.3,149.9,214.8,110.2,76.6,74.2,Never,Low,No,211.54
25.0,Female,25.12,118.8,125.4,204.5,73.5,60.9,173.5,Never,None,Yes,153.21
46.0,Male,41.43,93.8,174.1,278.8,79.9,64.1,70.3,Never,High,Yes,203.09
72.0,Female,29.74,121.3,149.5,255.5,105.7,81.7,110.1,Never,Low,No,164.44
21.0,Female,21.78,90.0,173.0,208.1,114.4,88.9,117.6,Never,Moderate,Yes,211.38
48.0,Male,16.0,120.0,144.2,209.5,37.9,76.7,130.7,Never,Low,No,180.46
57.0,Male,28.7,104.1,139.3,256.3,89.4,83.7,33.5,Never,None,No,151.69
22.0,Female,23.22,92.5,135.7,135.3,60.3,68.2,190.1,Current,High,No,172.18
35.0,Male,33.44,95.2,154.1,198.3,97.7,62.0,,Never,Low,No,182.18
49.0,Male,25.63,97.6,143.1,211.6,106.1,71.2,191.3,Never,,No,140.17
59.0,Male,24.16,107.3,149.5,216.1,100.9,83.3,120.9,Never,Moderate,No,182.94
21.0,Female,24.07,98.9,108.3,173.0,88.7,65.4,204.4,Never,Low,No,135.02
36.0,Male,31.93,105.0,134.5,216.6,67.5,68.6,119.0,Never,,No,165.47
60.0,Female,29.08,114.4,178.4,233.0,87.4,93.6,167.0,Never,None,No,170.9
31.0,Female,35.78,96.0,149.9,217.1,100.5,87.2,265.1,Never,High,No,226.03
54.0,Female,25.92,110.0,128.2,232.9,81.4,74.4,86.4,Never,Low,Yes,152.67
62.0,Female,31.31,98.9,150.5,255.4,53.7,84.4,165.8,Never,Moderate,No,166.37
20.0,Male,31.4,90.6,124.6,182.1,98.2,59.7,90.6,Never,Low,Yes,135.7
74.0,Female,30.37,120.6,173.0,236.5,63.4,80.7,102.8,,None,,229.67
64.0,Male,24.45,122.3,132.8,260.2,88.6,74.9,17.8,Never,High,No,161.12
34.0,Female,29.37,107.4,138.1,187.4,87.9,75.3,182.9,Former,High,Yes,170.9
45.0,Male,26.51,95.5,125.7,197.3,105.0,60.3,104.0,Never,Moderate,No,163.66
56.0,Female,26.38,120.3,182.2,208.1,93.6,59.3,167.7,Never,Moderate,No,154.11
40.0,Male,22.97,109.5,141.1,205.3,,,157.8,Never,Low,No,141.98
68.0,Female,16.4,137.9,142.4,255.5,88.0,,102.6,Never,Low,Yes,168.38
50.0,Female,33.24,94.6,163.2,247.9,99.5,64.3,174.8,Current,Low,Yes,220.44
,Male,29.16,108.2,134.3,198.1,105.6,95.6,195.8,Never,High,No,165.5
42.0,Female,20.28,121.3,153.7,259.9,77.2,83.2,116.2,Never,High,Yes,182.64
43.0,Female,30.59,105.8,142.1,204.0,100.2,75.4,198.8,Former,Low,No,189.05
76.0,Female,33.34,113.2,194.5,211.3,122.8,78.9,96.1,Never,Low,Yes,211.45
57.0,Male,30.89,105.9,144.2,287.5,69.4,77.1,10.0,,Moderate,No,212.55
47.0,Female,22.54,120.6,145.1,193.2,92.8,70.8,146.6,Former,Moderate,Yes,227.0
40.0,Female,23.34,90.0,133.3,208.2,49.3,74.9,105.4,Never,Moderate,No,178.49
73.0,Male,24.26,118.9,151.5,238.5,100.4,83.2,90.2,Current,Low,No,226.85
62.0,Male,31.31,107.4,122.9,257.8,82.9,71.7,10.2,Never,Low,No,184.39
37.0,Male,29.39,97.0,121.0,165.1,50.1,84.8,160.1,Former,Low,Yes,164.55
55.0,Male,40.95,120.0,192.5,239.3,93.6,71.0,89.6,Current,None,No,222.85
54.0,Male,18.8,109.6,106.2,207.8,96.0,64.2,99.6,Current,None,No,166.52
64.0,Female,26.74,121.6,162.6,276.9,96.3,76.3,177.5,Former,None,No,170.36
74.0,Female,17.36,108.4,182.9,218.9,84.0,73.0,10.0,Never,None,No,209.36
28.0,Female,29.98,112.6,145.5,200.2,69.0,68.7,172.2,Never,Low,No,158.99
72.0,Male,32.33,125.0,197.4,273.1,126.2,82.5,133.7,,Low,No,239.22
57.0,Female,34.21,,167.8,255.1,82.9,70.1,138.8,Never,None,No,202.21
77.0,Male,27.94,119.8,159.1,,95.5,66.6,168.5,Current,None,No,205.08
49.0,Male,17.43,117.4,131.7,223.8,72.0,69.2,181.5,Former,Low,No,171.52
79.0,Female,26.75,135.0,150.2,230.2,,68.5,113.0,Former,Low,No,192.88
63.0,Male,29.18,123.5,146.3,262.1,71.8,67.1,78.9,Never,None,No,188.32
53.0,Male,21.97,134.2,124.6,216.8,103.6,81.8,104.6,Never,Moderate,No,156.43
51.0,,25.68,,146.6,189.1,133.5,63.7,129.8,Former,None,No,166.63
22.0,Male,20.61,102.0,157.5,131.6,73.1,71.6,28.9,Current,Low,No,150.56
22.0,Male,23.94,95.0,148.8,185.4,94.4,67.6,129.7,Current,,No,142.77
47.0,Female,31.56,105.4,150.3,206.4,138.9,71.6,200.5,Current,None,No,150.83
63.0,Male,30.4,136.3,163.0,234.5,118.5,55.5,98.8,Former,None,Yes,218.98
34.0,Male,20.02,97.9,120.8,200.3,50.6,77.3,190.8,Never,Low,No,122.01
60.0,Female,23.48,127.2,165.1,175.9,87.0,71.1,171.0,Current,Moderate,No,196.85
42.0,Female,27.29,96.3,108.2,197.8,78.5,80.9,205.8,Never,Low,No,143.41
59.0,Female,28.13,128.8,181.3,231.1,126.5,77.1,106.4,Never,Moderate,No,181.73
30.0,Female,23.69,103.2,116.6,205.6,49.3,71.6,136.1,Former,Moderate,Yes,128.59
67.0,Male,29.38,116.8,145.2,265.8,102.9,74.2,133.7,,Low,Yes,202.48
51.0,Male,26.82,94.5,118.9,252.9,92.1,93.0,87.3,Never,Low,No,140.59
77.0,Female,16.0,121.3,138.0,228.4,76.6,67.7,69.1,Never,Low,No,171.12
78.0,Male,24.14,116.9,136.5,242.4,129.9,77.7,161.8,Former,None,No,185.0
76.0,Male,24.0,145.2,168.5,231.1,73.9,77.0,70.4,Current,Low,No,184.46
73.0,Female,30.39,123.5,168.6,268.6,102.0,60.1,139.4,Never,Low,Yes,183.09
55.0,Female,30.48,107.6,136.0,223.4,87.0,,149.4,Former,Low,No,168.99
79.0,Male,18.64,117.9,124.6,213.3,86.9,61.1,105.4,Never,Moderate,No,154.07
52.0,Female,29.19,,133.6,183.2,,72.3,144.9,Never,Moderate,No,148.75
,Female,26.63,127.6,119.9,191.8,47.4,,175.8,Current,Low,No,122.26
58.0,Female,27.63,131.2,140.3,225.7,87.6,76.9,,Never,Low,No,191.69
53.0,Male,23.93,113.0,122.0,251.2,121.0,61.7,77.6,Former,Moderate,No,165.19
75.0,Female,26.69,149.9,172.5,248.5,112.9,74.7,55.8,Former,Low,No,219.17
47.0,Male,32.75,111.0,139.6,233.1,69.3,,129.3,Former,Low,Yes,183.6
56.0,Male,27.56,128.4,154.7,231.3,71.5,77.6,146.1,,Low,No,198.73
26.0,Male,,108.5,140.1,239.1,95.4,70.2,169.1,Never,Low,Yes,168.6
23.0,Female,24.6,93.5,91.4,211.9,56.2,69.0,250.9,Current,Low,Yes,134.34
56.0,Female,,117.4,164.7,236.9,89.5,74.5,73.9,Never,Moderate,Yes,189.19
75.0,Female,20.6,128.2,111.0,222.5,57.5,79.5,18.6,Former,Moderate,Yes,177.47
20.0,Female,22.99,90.0,105.8,,117.6,62.7,187.3,Never,Low,,128.3
,Female,20.31,102.5,128.5,235.7,87.6,70.2,171.3,Never,High,No,144.38
66.0,Male,28.0,133.4,151.8,263.3,,69.9,110.1,Current,High,No,170.65
39.0,Male,32.9,99.3,139.1,217.5,47.8,83.6,186.3,Never,High,No,164.15
38.0,,25.36,104.6,100.6,262.4,52.0,68.2,53.0,Former,None,No,157.24
48.0,Female,,,148.6,216.1,85.7,65.4,38.6,Former,None,Yes,175.42
29.0,Male,35.18,97.3,152.2,194.0,,57.6,40.8,Former,Low,Yes,196.67
,Male,29.26,120.7,141.9,288.3,121.2,72.7,66.9,Never,Moderate,No,173.55
37.0,Female,28.39,,119.8,179.3,79.6,,210.9,Former,Low,Yes,152.58
47.0,Female,26.05,107.3,156.3,209.9,112.6,75.8,53.1,Former,Low,No,187.44
54.0,Male,30.35,107.9,153.3,199.4,92.6,75.1,130.5,Never,Low,No,176.31
62.0,Male,28.31,,123.7,215.2,97.2,78.5,138.0,Never,Low,No,110.08
66.0,Female,24.59,99.2,130.9,242.0,44.1,62.7,202.7,Never,Low,No,149.22
50.0,Female,25.43,90.0,173.4,232.5,68.1,50.0,84.6,Never,None,No,160.3
46.0,Female,21.9,94.1,148.8,184.0,107.4,72.5,86.0,Former,High,No,166.71
30.0,Female,21.28,107.4,122.6,250.3,110.8,78.6,206.9,Former,Low,No,98.44
,Male,25.52,120.6,146.8,180.9,48.8,70.7,56.8,Never,None,Yes,184.42
68.0,Male,32.77,131.0,118.9,252.4,76.9,90.3,182.3,Never,Low,Yes,194.38
57.0,Female,21.83,97.4,159.1,229.0,57.7,72.2,145.3,Never,Low,No,160.9
24.0,Male,31.18,98.4,127.6,214.5,65.0,64.1,58.3,Never,Low,Yes,162.51
27.0,Male,23.01,90.0,,223.8,31.5,74.7,188.6,Current,Low,No,130.31
53.0,Female,18.07,117.1,141.3,130.8,,85.5,154.1,Former,Low,No,183.55
67.0,Male,29.73,103.6,141.4,222.3,80.4,73.8,103.4,Current,Moderate,Yes,216.16
71.0,Male,35.14,119.0,130.4,258.8,76.3,81.3,78.7,Never,Low,Yes,213.09
75.0,Male,22.72,126.2,152.5,289.7,81.9,71.0,198.4,Never,None,Yes,226.84
31.0,Female,19.15,99.3,92.3,181.5,81.3,67.7,14.4,Never,Moderate,No,152.97
57.0,Female,29.27,90.0,146.4,229.0,124.0,83.4,42.5,Current,Low,No,174.31
20.0,Male,22.38,118.9,125.5,,52.3,54.5,129.9,Never,Moderate,No,152.74
50.0,Female,29.68,106.5,140.0,194.7,65.5,63.4,158.6,Current,Low,No,181.35
23.0,Female,32.76,90.0,132.8,208.9,84.3,75.9,156.2,Former,Low,No,167.18
68.0,Female,28.65,129.7,179.4,240.5,91.9,71.1,76.9,Current,Moderate,No,186.06
64.0,Male,31.05,128.4,181.7,225.9,91.6,,148.5,Never,Low,No,214.14
69.0,Male,31.08,117.4,139.3,261.6,54.9,79.1,19.3,Former,Low,Yes,206.77
24.0,Female,31.95,119.2,126.2,268.5,69.1,58.9,175.4,Former,None,No,177.5
49.0,Male,27.23,103.2,130.9,229.4,71.0,60.8,116.4,Never,None,No,166.53
75.0,Male,30.9,125.9,157.6,190.1,95.0,85.2,146.4,Current,Low,Yes,202.6
43.0,Male,27.82,115.5,137.4,195.5,63.1,68.8,165.4,Current,Low,Yes,189.69
78.0,Male,28.96,143.3,,294.3,120.2,69.0,148.7,,Moderate,Yes,191.61
22.0,Male,42.26,90.0,149.2,213.0,59.4,73.9,123.6,Never,Moderate,No,188.26
30.0,Female,28.21,,115.1,175.8,109.5,80.0,109.5,Former,Moderate,No,176.81
64.0,Male,19.51,132.9,124.4,249.1,60.6,80.9,130.1,Former,None,Yes,205.39
23.0,Male,26.01,105.7,133.7,181.6,113.5,74.8,76.1,Never,Low,No,166.07
45.0,Male,25.45,100.7,131.3,219.6,64.5,82.8,258.3,Current,,No,145.37
46.0,Female,25.68,100.1,142.4,188.1,103.1,77.1,224.0,Former,None,No,151.85
65.0,Female,31.77,122.7,150.7,233.1,79.7,69.0,32.9,Never,Low,No,197.25
73.0,Female,32.65,128.8,173.1,252.3,97.4,77.0,123.8,Never,Moderate,No,214.58
62.0,Male,26.47,122.3,143.7,232.4,98.5,80.8,186.2,Never,None,Yes,164.35
46.0,Female,20.04,112.6,105.9,222.9,64.7,65.2,114.0,Current,Low,Yes,160.89
61.0,Female,27.5,122.6,140.2,241.3,42.2,68.6,,,Low,No,179.92
70.0,Female,24.28,95.3,185.2,211.1,85.8,76.2,178.9,Former,Moderate,No,188.15
69.0,Female,28.05,117.9,173.2,290.8,84.5,80.5,189.3,Current,Moderate,Yes,219.25
25.0,Male,26.4,90.0,107.6,197.4,110.7,70.6,65.8,Never,Low,No,141.78
78.0,Female,33.08,124.6,195.0,220.4,102.2,77.4,113.3,Never,Low,No,242.12
80.0,Female,28.37,141.7,158.9,191.7,94.4,52.8,98.4,Current,None,No,158.52
34.0,Male,24.3,94.4,120.4,209.3,74.6,85.9,49.7,Never,Low,No,150.29
72.0,Male,20.07,113.9,134.4,210.0,86.9,81.5,23.8,Former,Low,No,169.76
49.0,Female,26.76,101.9,140.9,,57.1,79.3,82.3,Current,Low,No,144.47
61.0,Male,26.78,108.9,164.8,236.1,77.6,79.5,,Never,Low,No,198.59
56.0,Female,25.69,121.8,144.7,330.0,100.2,,197.6,Never,Low,Yes,209.33
77.0,Male,,134.1,165.1,219.1,87.9,87.5,10.0,Never,Low,Yes,181.9
80.0,Male,20.09,143.6,164.9,272.7,90.5,85.3,111.5,Current,Low,Yes,226.69
56.0,Female,23.19,103.1,130.1,195.0,80.1,77.1,74.2,Current,Low,No,149.51
61.0,Male,27.26,125.7,151.5,258.6,103.2,80.9,,Never,Moderate,No,193.82
79.0,Female,24.2,135.8,157.2,287.4,75.9,77.6,161.9,Current,High,Yes,217.97
56.0,Male,25.22,135.0,143.0,218.5,87.2,66.4,184.2,Former,Moderate,No,181.32
54.0,,26.7,103.1,151.0,207.9,40.5,68.5,123.0,Never,None,Yes,139.97
42.0,Male,30.43,90.0,130.1,218.0,45.1,68.4,120.7,Never,Low,No,128.53
25.0,Male,26.5,97.9,146.3,181.1,80.7,69.3,227.8,Never,Moderate,No,161.3
23.0,Male,17.15,134.1,102.8,233.1,,68.5,138.1,Never,Moderate,No,150.17
37.0,Male,23.99,93.5,138.2,203.9,105.0,61.4,146.8,,Moderate,No,143.52
79.0,Male,29.48,131.4,161.5,,68.0,77.0,80.5,Never,Low,Yes,233.26
28.0,Female,30.81,90.0,124.5,223.4,75.8,77.7,170.2,Current,Low,No,149.63
68.0,Male,31.09,142.4,184.5,271.6,117.2,70.1,40.6,Never,None,No,209.5
48.0,Female,32.51,,179.5,217.8,108.7,69.7,117.7,Former,None,Yes,198.84
32.0,Female,27.59,90.0,117.0,,64.0,78.1,153.3,Never,None,No,152.24
78.0,Female,28.32,126.3,169.8,288.4,85.8,76.7,163.7,Never,High,No,205.01
66.0,Male,21.93,121.1,137.6,228.6,93.6,82.0,108.2,Current,Low,Yes,180.76
71.0,Female,16.13,139.0,120.6,192.5,95.0,81.1,10.0,Never,Low,Yes,166.46
36.0,Male,19.91,116.4,,241.6,113.3,64.6,112.1,Current,Low,No,168.85
64.0,Female,23.49,94.8,156.4,238.0,107.5,76.0,199.6,Current,Moderate,No,186.92
51.0,Female,20.2,111.1,133.2,217.3,96.7,78.3,139.7,Former,None,No,165.52
67.0,Female,25.54,111.8,139.5,257.4,91.3,67.9,76.9,Never,Moderate,Yes,186.8
41.0,Female,24.69,92.4,156.9,254.0,92.6,61.6,84.6,Current,Low,No,193.8
23.0,Female,31.69,105.6,160.6,200.7,83.1,70.5,176.8,Never,Moderate,Yes,187.81
24.0,,22.15,113.3,109.0,230.6,84.1,51.8,117.6,Current,Moderate,No,156.26
56.0,Female,27.7,105.5,146.2,233.4,81.0,50.0,128.1,Former,Low,Yes,190.71
60.0,Female,24.9,113.0,113.4,248.8,,79.0,80.9,Never,High,,176.16
68.0,Male,21.97,117.4,155.8,217.8,105.4,67.4,66.7,Former,Low,No,196.67
32.0,Male,23.36,96.5,150.7,197.1,98.1,68.6,127.0,Never,Low,,160.19
53.0,Male,16.74,108.7,132.7,244.8,67.7,75.2,122.5,Former,Moderate,Yes,181.42
,Female,30.74,110.9,134.3,187.6,80.1,73.6,116.3,Never,Moderate,No,190.65
41.0,Female,34.01,109.9,176.9,245.7,120.8,65.2,124.8,Never,High,Yes,194.41
,Female,25.66,115.4,185.0,253.8,62.2,92.2,172.6,Never,None,No,198.98
78.0,Female,27.15,,145.8,297.0,90.2,74.3,84.3,Never,,No,186.0
42.0,Female,25.52,101.8,142.8,244.1,101.6,97.0,,Never,Low,Yes,199.34
70.0,Female,22.9,129.3,157.8,242.7,99.8,65.9,105.1,Never,Low,No,162.62
22.0,Male,30.52,92.6,147.9,168.9,132.3,67.2,120.8,Former,Moderate,Yes,163.98
61.0,Male,28.6,124.7,149.1,220.8,51.7,73.9,138.4,Never,None,Yes,209.72
53.0,Female,16.0,,156.8,207.1,63.8,73.7,170.5,Never,Low,Yes,174.53
51.0,Female,21.83,123.6,104.7,261.1,75.7,81.8,86.1,Never,Moderate,Yes,173.03
64.0,Female,16.73,97.5,102.6,246.8,91.4,53.0,40.5,Current,Low,Yes,154.1
70.0,Female,34.78,121.4,161.9,230.9,92.9,88.1,168.8,Current,None,No,208.32
77.0,Female,26.14,117.8,182.9,259.6,128.0,58.1,181.4,Current,Moderate,No,207.46
68.0,Male,28.2,120.0,171.6,230.0,82.4,67.2,145.4,Never,Moderate,No,174.57
40.0,Male,25.23,93.8,106.5,195.7,66.3,72.5,100.0,Never,Low,No,166.26
65.0,Female,32.51,116.9,207.5,263.4,124.4,77.7,110.2,Never,Low,Yes,231.87
63.0,Male,31.3,105.0,163.4,238.4,84.4,72.0,54.4,Current,Low,,202.35
40.0,Female,25.92,105.1,113.7,182.1,95.4,67.7,197.7,Former,Low,No,140.65
63.0,Female,35.59,114.4,158.6,271.1,105.8,73.9,132.3,Never,Moderate,No,226.07
30.0,Female,27.93,107.5,150.6,,78.5,67.6,174.7,Former,Moderate,,191.76
58.0,Male,19.7,116.9,155.2,212.6,95.9,83.2,131.9,Former,None,No,170.44
23.0,Male,27.5,122.9,128.2,243.2,69.3,76.9,156.5,Former,None,Yes,177.64
70.0,Female,29.59,115.4,163.2,276.3,72.5,78.4,125.5,Never,None,Yes,187.07
20.0,Male,,97.4,123.9,200.6,69.8,79.6,159.0,Never,None,No,144.92
47.0,Male,24.94,149.4,134.9,171.8,78.3,75.7,198.9,Never,None,No,153.66
43.0,Female,35.82,106.7,164.7,261.4,95.1,70.1,61.2,Never,None,No,169.19
80.0,Male,21.07,137.4,170.6,230.9,92.3,60.7,57.3,Never,Low,No,195.9
54.0,Male,16.0,121.2,104.4,210.0,32.9,89.9,108.4,Never,Moderate,Yes,145.48
32.0,Female,35.1,132.4,141.4,210.9,106.3,81.5,138.0,,Moderate,No,206.95
66.0,Female,20.87,102.5,127.3,195.3,42.1,63.2,172.7,Current,Moderate,No,132.4
53.0,Male,25.57,95.3,121.6,238.6,81.7,79.6,54.3,Never,None,No,150.72
,Female,25.11,90.1,109.6,181.1,57.1,75.3,179.8,Current,Low,Yes,155.68
55.0,Male,33.16,116.8,153.3,248.8,91.9,64.7,119.9,Former,Moderate,No,208.1
70.0,Female,34.17,109.5,141.9,226.2,79.7,86.9,160.9,Current,Low,,179.34
80.0,Female,20.54,100.4,123.9,231.0,86.0,76.7,126.7,Never,Low,Yes,208.6
36.0,Female,33.78,95.1,142.0,231.5,96.2,61.3,137.6,Never,Moderate,No,165.22
54.0,Female,33.69,118.7,135.6,240.9,105.3,62.2,73.7,Never,None,Yes,168.44
79.0,Male,27.1,114.7,163.1,268.7,,78.9,124.7,Former,Low,No,195.18
37.0,Female,31.66,120.4,133.7,239.0,82.7,63.2,121.9,Never,Moderate,No,205.23
59.0,Female,32.16,103.0,131.5,277.2,101.8,66.9,118.0,Never,Moderate,Yes,205.12
41.0,,25.74,108.6,176.5,215.3,85.6,75.9,183.1,Former,None,No,216.09
76.0,Male,26.21,119.5,112.7,281.3,,68.9,189.8,Never,Moderate,No,192.24
43.0,Male,29.95,111.6,157.7,213.6,77.1,68.0,48.6,Former,None,No,216.79
77.0,Female,18.86,128.1,146.1,260.6,75.8,67.9,151.0,Current,,No,185.32
38.0,,25.23,126.1,123.7,243.5,38.3,77.9,214.2,Current,None,No,197.89
56.0,Female,21.0,123.5,117.5,254.1,61.4,84.4,117.5,Never,None,No,165.99
58.0,Female,34.12,111.1,186.8,200.7,94.5,58.1,61.4,Never,None,No,212.29
40.0,Female,25.17,115.4,171.5,125.7,89.0,63.1,160.8,Never,Low,No,195.83
27.0,Female,28.38,111.2,127.3,221.7,116.6,50.7,142.6,Never,Low,No,199.17
47.0,Male,25.91,135.7,129.7,,93.3,73.7,327.9,Never,Low,Yes,199.63
24.0,Female,25.58,98.9,147.0,207.7,107.1,72.6,173.8,Current,Moderate,No,147.01
36.0,Female,28.05,105.2,131.7,,81.1,63.1,118.0,,Low,Yes,176.62
56.0,Female,23.35,130.9,148.1,,71.4,69.3,45.8,Never,High,No,181.88
55.0,Female,26.01,90.8,151.4,,135.9,77.3,74.0,Former,None,No,160.41
73.0,Female,25.97,120.4,150.1,254.0,85.3,,160.0,Never,None,No,162.11
38.0,Female,24.88,115.4,134.9,208.6,96.4,65.2,47.5,Never,Moderate,No,155.94
46.0,Male,28.96,,148.7,224.9,66.2,73.5,42.1,Former,Low,No,196.33
72.0,Male,24.77,95.9,,259.3,53.8,79.5,167.0,Never,None,No,177.28
53.0,Male,35.06,97.8,142.7,221.6,,89.2,108.7,Former,Moderate,Yes,186.93
30.0,Male,30.14,90.0,140.8,180.1,93.8,74.8,135.4,Current,None,No,130.68
73.0,Male,20.25,133.3,132.1,205.5,76.3,91.8,143.1,Never,Moderate,,171.14
64.0,Male,29.75,121.3,201.4,227.0,,60.9,106.2,Current,None,No,245.51
66.0,Female,,136.7,144.8,276.6,62.9,77.8,29.9,Never,High,Yes,187.99
31.0,Female,27.68,104.3,101.9,212.6,58.3,68.9,112.8,Never,Low,Yes,179.47
73.0,Female,,149.7,94.5,222.0,77.5,74.4,137.1,Never,Moderate,No,153.72
40.0,Female,16.03,96.7,133.4,207.5,,61.1,144.7,Current,Moderate,,173.88
73.0,Female,26.89,118.4,153.4,216.4,105.3,85.6,193.8,Former,None,No,203.5
30.0,Female,19.83,108.5,146.2,192.6,25.9,76.4,172.6,Current,None,No,151.23
58.0,Male,29.1,107.5,136.1,223.5,86.5,75.4,77.4,Never,Low,Yes,178.71
47.0,Female,27.87,116.2,138.6,186.5,100.7,57.1,212.0,,Low,Yes,181.1
24.0,Male,23.98,,129.2,228.4,31.7,78.9,236.4,Never,Low,No,148.98
36.0,Male,36.13,104.2,146.2,213.8,63.4,65.7,105.9,Never,Low,No,152.54
75.0,Female,20.8,122.2,137.8,238.5,51.4,67.7,140.5,Never,High,No,176.07
39.0,,23.88,116.0,143.8,230.7,113.9,58.4,178.5,Never,Moderate,No,177.12
60.0,Female,21.4,112.9,121.2,236.7,79.0,70.6,141.7,Never,None,Yes,157.19
65.0,Female,37.21,105.8,173.4,254.0,98.8,69.0,42.7,Never,Moderate,No,184.23
77.0,Female,33.76,125.5,196.6,251.5,128.8,87.0,272.1,Never,Low,Yes,256.65
31.0,Female,,96.3,150.6,219.1,85.3,62.2,125.6,Never,Moderate,Yes,180.62
25.0,,22.87,90.0,90.3,197.0,52.3,64.3,174.3,Former,None,Yes,153.88
36.0,Male,23.04,90.0,119.3,211.4,80.5,66.4,195.1,Former,Moderate,No,150.57
70.0,Female,24.25,132.7,150.5,270.7,97.1,67.0,91.3,Former,Low,No,191.2
38.0,Female,21.79,115.0,150.0,240.3,62.6,59.9,211.0,Current,Moderate,No,196.49
45.0,Male,23.97,127.1,137.4,224.2,117.5,78.2,136.5,Never,Low,No,166.36
67.0,Female,32.02,120.2,179.4,249.9,56.1,72.6,81.8,Never,Moderate,Yes,210.74
63.0,Female,36.73,131.3,150.1,267.8,,69.0,41.8,Never,High,No,222.22
63.0,Male,19.28,107.0,140.1,219.7,120.9,68.0,99.5,Never,Moderate,No,190.22
71.0,Female,21.79,99.1,148.2,230.3,89.5,75.6,133.1,Former,Moderate,No,166.8
51.0,Female,28.07,,166.5,225.6,,67.1,113.8,Current,None,No,203.54
25.0,Female,19.1,98.8,133.2,163.8,114.3,70.2,190.5,Never,Low,No,117.97
74.0,Female,28.2,127.6,165.8,314.4,82.5,79.0,201.4,Never,None,No,197.87
77.0,Female,29.7,140.0,172.5,241.7,112.5,78.1,91.0,Former,Low,Yes,226.59
55.0,Female,30.5,118.6,126.8,247.2,88.6,86.1,190.4,Never,Low,Yes,168.03
57.0,Male,29.56,142.7,144.9,234.3,85.3,82.2,135.5,Former,Low,No,197.57
30.0,Female,24.32,104.9,109.3,,28.0,74.2,166.9,Former,None,No,151.44
52.0,Female,26.09,114.6,128.4,215.0,88.9,76.4,130.8,Never,High,No,177.26
43.0,,21.1,113.4,125.0,217.2,95.0,89.9,160.0,Current,Low,No,178.33
42.0,Male,29.32,113.4,,197.1,34.8,65.0,94.2,Never,Low,No,141.97
34.0,Female,35.02,109.7,143.8,255.1,122.2,76.0,106.3,Never,Low,No,164.5
46.0,Male,29.31,95.9,128.5,243.0,71.5,64.7,102.6,Former,Low,No,155.81
30.0,Female,23.52,113.7,107.1,162.9,112.5,78.7,53.8,Current,,Yes,152.05
76.0,Female,31.97,154.3,162.1,255.4,106.4,80.6,42.0,Current,None,No,252.44
70.0,Male,38.83,110.9,161.6,219.5,92.1,72.2,109.0,Never,Moderate,,181.55
69.0,Female,28.22,120.6,157.3,221.4,92.4,86.0,83.3,Former,Low,Yes,184.45
36.0,Female,29.77,90.0,127.2,241.9,101.2,72.2,142.1,Never,Moderate,No,146.07
,Male,30.39,130.5,152.0,177.9,121.8,77.4,148.4,Former,Moderate,No,215.05
72.0,Male,18.98,131.4,,263.7,77.3,60.0,125.9,Former,Moderate,No,205.78
33.0,Male,24.94,90.0,141.0,217.7,71.2,91.7,141.3,Current,Moderate,No,149.35
46.0,Male,24.43,95.0,119.6,215.9,113.3,63.2,34.0,Never,Moderate,Yes,165.56
37.0,Female,31.17,90.0,,243.4,72.9,60.6,146.4,Current,None,No,179.41
47.0,Male,30.59,,173.0,302.7,96.0,78.2,97.5,Current,High,No,210.26
70.0,Male,26.4,111.4,159.5,205.1,75.7,75.9,152.1,Never,None,Yes,198.71
66.0,Male,24.13,118.1,129.2,283.2,96.5,60.3,,Never,Low,Yes,173.82
66.0,,18.57,115.3,153.0,255.6,34.3,66.4,54.6,Never,Low,No,187.18
23.0,Male,26.92,112.2,118.0,181.0,92.5,67.0,,Never,Low,,154.57
26.0,Female,22.23,109.6,146.6,212.0,111.8,64.2,54.4,Former,Moderate,No,153.09
64.0,Male,21.61,126.1,134.0,199.6,96.4,,212.3,Never,Low,Yes,160.78
54.0,Female,31.63,104.6,144.9,220.9,67.4,81.5,134.2,Never,Low,Yes,183.23
67.0,Male,,128.3,164.4,186.8,14.6,93.9,,Never,Low,No,229.53
28.0,Male,24.56,113.7,152.3,164.4,73.4,57.3,128.0,Never,Moderate,Yes,171.07
27.0,Male,19.15,110.0,160.4,204.9,105.5,70.4,201.1,Never,None,No,168.29
71.0,,22.87,106.5,144.0,251.8,84.9,75.2,125.1,Never,None,No,168.83
64.0,Male,31.97,105.2,,257.0,,74.6,129.0,Former,None,No,174.34
36.0,Male,29.34,127.0,123.4,233.4,73.3,73.5,141.0,Never,Moderate,No,152.5
36.0,Male,24.64,129.5,104.0,212.7,65.4,72.4,119.3,Current,,Yes,166.43
68.0,Male,27.29,119.8,131.2,260.7,116.1,84.7,184.6,Never,Low,No,184.07
52.0,Female,16.63,112.5,129.2,243.5,65.0,76.4,104.1,,Moderate,Yes,134.19
51.0,Male,16.25,114.8,142.9,218.9,99.2,59.3,60.5,Never,,Yes,176.23
27.0,Female,36.89,109.1,129.9,205.1,97.7,59.1,169.5,Former,High,Yes,188.84
38.0,Male,29.53,,153.5,213.5,140.9,80.0,64.1,Never,Low,,200.82
57.0,Female,27.01,118.4,128.3,208.0,116.3,77.8,206.8,Never,Moderate,Yes,191.36
22.0,Male,25.02,90.0,111.6,221.2,86.1,68.1,179.8,Never,Moderate,No,132.19
,Male,18.19,124.9,120.0,193.9,92.6,79.3,10.0,Never,Low,No,140.83
24.0,Male,31.97,90.2,160.9,203.7,119.1,76.2,176.3,,Low,Yes,171.31
,Female,21.32,,152.4,217.4,74.2,80.5,127.7,Never,Low,No,171.39
66.0,Female,30.52,121.9,140.4,215.5,122.9,,187.7,Never,Low,No,169.38
65.0,Female,27.66,111.8,133.9,200.3,81.2,81.2,110.8,Current,Low,Yes,192.74
80.0,Female,26.74,112.8,165.0,187.9,107.7,74.1,98.5,Never,Moderate,Yes,229.39
50.0,Male,20.49,129.9,161.4,208.7,99.4,59.5,110.0,Former,None,Yes,204.9
74.0,Male,,110.3,170.2,,,78.2,94.1,Never,Moderate,Yes,200.74
35.0,Male,28.95,90.0,130.1,238.7,72.2,83.0,30.9,Former,None,No,165.53
69.0,Female,27.4,127.9,146.6,199.3,68.8,81.3,83.6,Former,Moderate,No,181.87
51.0,Male,27.24,109.5,119.4,241.1,81.6,83.7,75.9,Never,Low,Yes,186.14
41.0,Female,28.43,108.1,131.8,182.4,47.4,73.7,117.0,Former,Moderate,Yes,172.24
48.0,Female,17.32,113.5,126.0,168.3,57.4,65.0,193.9,Former,Low,No,154.38
41.0,Female,32.08,123.7,120.5,189.9,67.4,73.8,229.1,Never,Low,No,143.22
62.0,Female,25.22,140.3,133.4,263.7,78.2,70.4,132.7,Never,Low,Yes,185.97
22.0,Female,32.85,102.9,141.5,173.8,116.5,73.5,124.1,Former,Low,Yes,176.37
73.0,Male,16.96,108.7,107.6,264.7,94.6,75.2,33.5,Never,None,No,161.34
29.0,Female,29.85,104.8,144.2,215.6,82.9,80.4,123.9,Never,None,No,144.12
61.0,Female,29.8,124.5,168.5,224.1,133.9,61.2,53.5,Current,Low,Yes,220.77
,Male,19.57,120.0,134.6,177.0,89.5,51.0,128.7,Current,High,No,164.83
35.0,,23.8,107.4,119.9,260.8,91.8,72.3,142.3,,Low,Yes,138.62
31.0,Female,21.7,97.2,144.8,184.6,44.1,68.1,159.4,Never,Low,No,173.16
21.0,Male,31.32,90.0,159.5,188.3,70.1,65.8,163.6,Former,Moderate,No,152.57
60.0,Male,28.54,115.6,153.4,276.7,111.7,67.2,17.0,Never,Moderate,Yes,196.26
43.0,,34.99,91.3,153.0,274.8,103.0,71.9,85.5,Never,Moderate,No,152.04
54.0,Female,28.01,119.0,133.0,226.1,121.0,,76.6,Former,Low,No,187.46
75.0,Male,30.66,125.9,150.5,285.5,125.5,79.7,84.9,Never,None,No,198.5
49.0,Male,32.86,114.1,168.9,214.7,82.4,50.0,138.5,Former,Low,Yes,224.86
76.0,Male,29.77,132.8,190.1,315.0,126.9,73.9,66.3,Former,Moderate,No,223.28
49.0,Female,25.08,129.5,129.7,185.0,,56.7,306.7,Never,High,Yes,175.38
66.0,Male,24.15,118.9,140.3,210.2,49.2,82.1,185.1,Never,Low,No,180.68
54.0,Female,26.6,115.2,130.2,264.9,87.6,78.7,71.4,,None,Yes,184.46
38.0,Female,30.98,102.7,,211.4,98.7,62.2,215.8,Never,Low,Yes,161.62
69.0,Male,23.17,127.7,120.5,275.6,84.5,75.1,206.5,Never,None,Yes,156.76
27.0,Female,30.26,102.1,143.3,195.6,106.2,52.9,83.9,Former,None,No,150.87
45.0,Female,,124.1,118.2,241.2,63.6,76.3,71.3,Never,Low,,185.51
68.0,Male,20.73,134.2,128.9,213.7,102.5,78.3,122.7,Former,None,No,154.26
59.0,Female,,120.3,148.5,235.0,,80.3,182.2,Never,None,,167.02
26.0,Male,27.71,100.7,107.4,168.6,,76.5,171.6,Never,Low,Yes,132.41
49.0,Female,24.25,108.8,121.9,219.3,96.5,67.9,38.2,Never,Low,No,156.47
26.0,Female,27.64,107.5,110.7,179.7,108.4,61.6,109.9,Never,Low,No,149.03
22.0,Male,,105.7,143.8,254.6,58.0,64.3,124.8,Never,None,Yes,182.67
20.0,Male,28.24,95.7,154.8,190.7,79.9,69.3,205.2,Former,Low,No,149.84
,Female,26.16,118.2,,195.0,77.7,,49.4,Never,Moderate,Yes,173.12
44.0,,19.35,100.5,175.5,229.1,70.9,69.2,68.1,Never,Moderate,,147.69
56.0,,26.31,120.6,125.5,195.8,114.4,70.2,129.9,Current,High,Yes,185.16
20.0,Female,24.79,90.7,116.0,219.8,,80.5,158.8,Never,Moderate,No,135.21
34.0,Female,30.18,114.6,147.5,199.2,53.4,75.8,196.0,Current,Low,No,137.52
56.0,Female,31.4,111.4,161.0,235.2,80.4,,92.4,Former,Moderate,No,172.22
32.0,Female,24.45,124.5,122.8,200.3,53.3,74.0,207.6,Never,None,Yes,156.99
59.0,Male,23.05,117.0,158.1,221.0,106.7,77.3,174.1,Former,None,,167.78
27.0,Male,18.6,105.0,138.5,195.2,96.8,55.3,147.0,Never,Moderate,No,151.82
24.0,Male,22.93,90.0,122.3,177.8,92.1,89.4,125.8,Current,None,No,150.82
79.0,Male,25.38,142.4,148.5,,108.5,73.5,198.7,Never,Low,Yes,195.66
28.0,Male,20.3,102.1,109.1,197.7,121.5,62.9,177.5,Never,Low,No,133.28
20.0,Male,31.47,119.9,115.6,192.8,115.4,70.6,143.1,Former,None,No,133.41
55.0,Female,28.31,115.3,130.6,195.5,70.9,64.9,74.1,Former,None,Yes,187.63
54.0,Male,26.4,111.7,151.3,245.1,134.8,57.3,200.0,Former,Low,No,179.25
21.0,Female,26.92,93.3,127.5,198.4,75.2,75.5,122.6,Never,None,No,123.3
59.0,Female,28.53,124.3,142.8,204.8,87.3,73.9,94.3,Former,Moderate,No,166.56
42.0,Female,30.17,115.1,131.9,215.4,82.7,74.5,97.6,Current,Moderate,No,192.2
28.0,Male,31.05,90.0,127.4,206.5,94.2,55.8,131.1,Current,Low,Yes,144.48
53.0,Female,25.45,107.0,138.8,196.9,42.5,77.1,151.3,Former,Low,Yes,193.57
65.0,,26.29,127.9,144.1,326.2,86.0,72.0,90.3,Current,Low,No,235.96
33.0,Female,27.86,97.1,,210.7,88.5,60.2,,Current,Moderate,No,155.43
,Female,26.09,90.5,119.1,193.5,39.6,62.5,117.5,Never,Low,No,127.45
49.0,Male,31.36,114.4,135.2,298.1,44.8,86.9,159.7,Never,Moderate,No,193.9
50.0,Female,33.14,113.5,150.7,245.9,69.6,68.9,126.5,Never,Moderate,Yes,186.67
57.0,Female,28.72,110.1,158.3,267.5,74.1,87.1,58.0,Never,High,No,186.18
30.0,Female,22.46,124.7,115.3,203.8,76.3,62.6,143.1,Current,Low,Yes,172.17
54.0,Female,29.54,112.5,103.6,233.8,68.3,68.0,141.2,Current,Low,Yes,156.82
27.0,Male,28.92,90.0,108.8,182.9,98.9,67.2,130.0,Current,Low,No,141.25
22.0,Female,,90.0,139.5,212.2,75.5,77.5,42.9,Never,None,No,148.25
33.0,Female,28.91,117.1,154.0,264.1,81.0,73.7,216.2,Former,High,No,185.88
79.0,Male,24.28,112.4,161.0,291.8,113.4,76.6,50.6,Former,None,No,170.4
32.0,Female,30.73,104.8,147.8,179.9,44.9,80.7,182.1,Never,None,No,155.98
64.0,Female,29.5,108.3,169.3,,133.3,79.4,98.5,Former,Low,Yes,196.18
51.0,,28.11,111.7,136.8,204.3,49.4,60.6,125.8,Current,Moderate,Yes,164.16
53.0,Female,27.19,118.0,144.9,201.7,108.2,81.6,118.4,Current,Moderate,Yes,217.95
64.0,Male,16.33,102.4,116.0,199.0,94.2,64.3,174.6,Never,Moderate,,182.54
80.0,Female,20.93,120.5,141.3,233.3,118.9,84.1,117.8,Never,Moderate,Yes,167.88
38.0,Male,26.35,99.0,168.4,159.3,78.2,,150.8,Current,Moderate,No,187.58
78.0,Female,34.6,113.5,150.6,261.7,88.6,80.2,39.8,Never,Low,Yes,194.8
57.0,Female,29.82,111.1,127.4,227.8,54.3,69.4,208.1,,Low,No,173.75
35.0,Female,36.07,98.3,145.0,224.6,84.4,61.9,61.9,Never,Moderate,No,144.18
21.0,Male,27.41,109.9,121.1,185.7,75.1,69.1,229.6,Never,Moderate,No,134.93
,Female,26.85,108.0,149.3,188.4,121.4,76.2,23.5,Never,Low,No,172.97
36.0,Female,34.13,111.6,160.1,214.5,,76.8,244.3,Former,None,Yes,155.88
74.0,Male,26.2,128.3,143.5,,84.5,70.1,133.1,Former,Low,No,192.48
53.0,Male,22.07,95.8,172.1,193.1,94.2,67.0,100.9,Never,Low,No,147.65
61.0,Male,28.58,111.4,170.3,212.5,84.5,70.8,46.0,Current,Low,No,211.39
79.0,Male,32.61,124.2,149.0,271.2,81.9,82.3,105.0,Current,Low,No,187.85
35.0,Female,22.87,108.9,125.9,171.6,80.9,55.4,170.7,Current,High,No,146.47
57.0,Female,29.95,112.8,158.1,241.6,,70.8,128.9,,Low,No,185.7
79.0,,26.53,138.1,138.1,263.0,92.2,68.9,83.5,Former,None,No,181.0
21.0,Female,,100.7,94.1,186.2,45.2,75.0,118.1,Never,None,No,137.33
21.0,Male,28.57,104.8,164.9,180.0,150.1,80.1,223.1,Never,None,Yes,211.96
45.0,Female,24.93,103.1,115.2,178.5,98.1,57.7,118.9,Current,Low,No,171.89
32.0,Female,26.47,109.9,147.1,186.1,107.9,74.2,168.6,Former,Low,No,140.33
75.0,Female,25.23,147.0,161.7,261.2,86.9,82.8,139.6,Never,Low,No,182.19
66.0,Female,27.59,126.0,134.2,263.7,99.5,65.2,49.3,Current,Moderate,No,183.28
50.0,Male,22.77,125.7,169.2,221.4,100.9,81.5,126.4,Never,Moderate,No,161.94
79.0,Female,23.96,122.1,150.1,230.0,57.6,66.2,178.1,Never,Low,Yes,188.41
53.0,Female,24.93,124.9,141.2,227.2,94.4,78.4,145.3,Never,Low,No,197.41
58.0,Female,28.96,128.2,119.7,211.9,49.3,84.0,149.3,Former,Low,No,159.64
22.0,Male,19.92,102.8,78.8,195.7,69.1,63.7,,,None,No,120.27
27.0,Male,26.46,101.3,125.1,224.6,87.4,68.6,,Never,Moderate,No,135.33
42.0,Female,23.46,91.0,154.8,200.3,69.1,82.2,246.6,Never,Low,Yes,171.8
33.0,Female,,104.5,96.2,184.6,71.3,50.1,104.6,Never,Moderate,No,129.92
75.0,Female,23.7,130.5,149.3,,100.3,79.2,152.7,Never,Moderate,,186.64
74.0,Male,27.97,,154.5,278.4,77.8,90.9,34.7,Current,None,Yes,198.13
46.0,Female,26.21,95.5,160.0,298.6,101.1,50.0,169.1,Never,Low,No,198.93
73.0,Female,30.56,124.1,175.0,268.6,124.3,84.3,135.5,Former,Low,No,218.73
48.0,Female,29.01,114.4,145.5,223.9,104.5,80.1,70.9,Never,Low,No,189.0
58.0,Male,19.31,99.9,130.3,195.1,73.8,73.0,175.7,Never,Low,Yes,154.42
72.0,Female,22.2,122.9,130.0,209.7,112.5,78.2,57.4,Former,Low,No,168.99
58.0,,26.13,119.6,122.3,243.1,94.4,75.7,231.1,Former,Low,No,150.66
20.0,Male,26.79,114.9,115.6,176.0,71.7,65.5,166.9,Never,Low,No,132.41
36.0,Male,22.64,100.5,107.5,235.5,59.1,82.8,136.1,Former,Low,No,138.54
60.0,Female,33.52,142.0,153.7,225.7,102.4,73.5,86.3,Former,Low,No,184.59
49.0,,31.32,112.7,146.5,269.7,110.2,,166.3,Never,Moderate,No,176.91
72.0,Female,18.78,108.0,132.5,222.7,106.3,65.9,131.0,Never,Low,No,189.57
32.0,Male,28.73,100.4,137.3,242.9,,50.3,156.0,Never,,Yes,183.68
40.0,Male,26.77,94.6,127.6,234.6,72.1,61.4,99.7,Never,Low,Yes,169.98
38.0,Female,33.22,105.1,,246.1,103.6,88.3,128.1,Former,Moderate,No,174.75
72.0,Female,19.15,128.0,142.2,232.8,65.8,80.4,71.6,Former,Low,Yes,167.46
38.0,Female,37.3,110.3,143.1,209.1,91.5,68.0,48.5,Never,None,No,151.78
76.0,Male,22.79,110.6,124.7,271.3,118.2,80.0,100.9,Former,Low,Yes,205.32
44.0,Female,28.89,94.7,139.6,272.4,61.7,76.1,76.1,Former,Low,No,180.19
41.0,Female,23.97,113.5,152.3,185.0,76.1,55.9,251.1,Former,None,No,154.78
50.0,Female,25.12,120.2,148.3,236.0,107.7,80.4,235.2,Never,Moderate,No,176.17
36.0,Female,18.55,100.3,134.5,214.7,62.8,54.5,164.0,Former,Moderate,Yes,172.52
74.0,Female,32.98,92.8,174.1,259.1,129.7,69.1,10.0,Current,Low,Yes,195.61
42.0,Male,25.65,95.0,156.8,,111.4,63.3,164.4,Current,Moderate,No,188.82
51.0,Female,25.99,124.8,155.1,203.0,111.7,74.7,119.1,Never,Low,,176.24
29.0,Female,38.56,94.2,152.4,252.0,113.4,73.0,212.2,Never,Low,No,174.74
29.0,Male,31.8,98.9,131.6,204.7,52.6,50.0,206.9,Never,Low,Yes,166.38
55.0,Female,23.66,121.4,153.4,159.8,64.9,84.3,85.9,Never,High,No,193.95
27.0,Female,23.95,98.5,81.9,159.6,92.7,71.5,132.6,Never,None,Yes,167.56
73.0,Female,28.3,139.6,175.9,248.5,89.8,83.3,87.2,Never,None,No,217.67
71.0,Female,30.85,117.5,168.7,283.2,92.5,74.8,90.2,Current,,No,174.34
39.0,Female,35.76,97.2,179.3,256.9,113.3,73.5,54.8,Former,Moderate,No,212.21
51.0,Male,,127.1,108.1,218.5,76.2,60.0,152.1,Never,Moderate,No,145.23
69.0,Male,30.64,121.6,176.0,214.9,120.4,67.3,119.4,Never,None,Yes,224.17
33.0,Male,31.44,,152.1,181.8,101.0,69.5,129.3,Current,Moderate,Yes,191.09
69.0,Female,23.05,126.7,132.0,248.8,76.8,80.6,130.0,Never,Low,No,174.55
47.0,Male,25.2,107.6,134.0,218.9,79.8,68.5,152.7,Never,High,No,165.42
65.0,Female,18.85,105.5,130.7,255.2,86.4,67.5,182.6,Never,Low,Yes,164.94
71.0,Female,24.5,123.1,,231.4,92.4,66.3,162.4,Current,Low,No,179.96
72.0,Female,28.16,120.5,128.2,224.8,97.6,77.8,169.0,Former,None,No,216.01
43.0,Male,34.97,90.0,171.4,221.4,98.6,71.4,88.9,Never,None,Yes,189.76
34.0,Male,35.43,92.6,130.0,221.3,78.6,63.6,84.7,Never,Moderate,No,152.92
41.0,Male,21.85,,109.5,153.4,69.4,70.3,192.4,Never,Low,No,138.17
49.0,Female,34.29,113.0,173.5,246.9,86.2,65.9,226.8,Current,Moderate,No,170.95
23.0,Male,17.25,116.5,,192.1,101.0,61.8,203.0,Former,Moderate,Yes,106.44
32.0,,24.08,108.1,122.5,231.6,58.7,57.0,166.3,Never,Moderate,No,128.78
78.0,Male,25.49,139.9,,270.2,53.8,62.8,107.2,Former,Low,,166.01
42.0,Male,28.26,115.6,168.6,249.9,113.6,71.7,296.5,Current,None,No,245.4
27.0,Female,27.53,90.8,151.8,252.2,98.7,52.7,198.5,Never,None,Yes,156.5
37.0,Female,28.83,113.9,123.0,,123.5,64.2,132.7,Never,Low,Yes,166.36
31.0,Male,26.09,92.5,,145.0,,77.1,258.2,Never,High,No,124.11
74.0,Male,31.8,134.5,173.0,277.1,94.9,83.6,205.1,Never,Moderate,No,209.16
50.0,Male,30.46,115.1,154.0,263.2,70.8,76.1,53.2,Former,Low,No,218.32
33.0,Female,,105.1,124.4,201.6,80.7,78.8,,Never,None,No,178.69
53.0,Female,31.21,108.6,140.8,176.8,46.1,73.2,118.0,Never,Moderate,No,157.94
37.0,Male,37.34,116.2,147.2,256.0,45.0,62.3,213.9,,Moderate,No,174.95
75.0,Male,23.63,121.9,162.8,242.7,80.0,81.0,77.6,Current,,Yes,216.06
53.0,Female,35.38,90.9,183.7,201.3,100.8,77.4,73.2,Never,Moderate,No,211.48
30.0,Male,24.08,90.0,159.8,,78.0,66.3,194.8,Current,None,No,166.85
60.0,Female,34.05,101.8,143.3,243.1,72.4,68.0,16.9,Current,None,No,200.22
31.0,Female,24.27,113.4,128.8,197.0,46.9,70.9,129.8,Never,None,No,131.14
68.0,Female,30.83,130.9,,232.1,111.6,84.4,56.7,Never,Moderate,No,189.66
34.0,Female,27.9,109.2,119.3,238.5,61.1,68.1,145.9,Never,Low,Yes,155.08
76.0,,18.07,128.0,125.8,274.7,115.6,50.0,56.5,Never,Low,No,148.9
50.0,Female,,129.9,170.4,291.6,93.1,76.7,123.7,Never,None,Yes,227.02
68.0,Male,22.52,124.7,133.2,,58.5,64.3,139.0,Never,Low,No,126.55
77.0,Female,20.65,132.3,116.1,,24.9,79.0,114.8,Former,None,No,164.5
48.0,Female,23.8,111.5,119.8,224.5,49.9,76.3,104.3,Never,Moderate,Yes,160.37
45.0,,39.66,104.7,176.5,247.6,95.4,86.2,117.7,Former,Low,Yes,222.05
37.0,Female,20.73,103.3,129.3,239.3,28.0,70.9,267.7,Never,Moderate,,145.64
51.0,Male,27.89,137.6,114.5,,57.6,77.3,179.7,Never,Low,No,168.94
41.0,Female,21.38,95.4,116.7,204.6,64.1,73.3,127.3,Never,Low,No,133.08
57.0,Male,22.24,119.4,169.0,205.8,77.9,81.3,135.5,Never,Low,No,165.28
36.0,Male,19.0,90.0,120.4,169.4,64.3,50.0,169.4,Never,None,No,119.21
42.0,Female,28.58,101.6,135.2,202.2,72.1,66.1,97.3,Former,Moderate,No,163.19
43.0,Female,26.19,118.6,136.4,222.5,65.5,70.0,138.4,Never,Low,Yes,163.27
69.0,Female,21.34,,143.9,,117.7,74.7,55.9,Former,Low,No,161.03
27.0,Female,31.37,113.0,,199.4,67.0,60.0,98.0,Never,Low,No,123.62
60.0,Male,31.89,141.6,177.2,230.7,39.2,76.3,171.1,Former,,,223.1
25.0,Male,29.04,105.6,124.2,234.7,42.5,78.7,209.8,Never,None,No,157.48
24.0,Male,32.85,115.9,156.3,214.2,102.9,64.5,218.8,Former,Low,,168.43
63.0,Female,25.25,121.3,176.6,206.7,106.7,65.1,116.4,,None,Yes,221.5
76.0,,28.61,132.7,161.8,252.2,80.1,78.4,81.5,,Low,,182.74
,,25.27,117.0,118.2,238.3,45.3,74.1,134.4,Never,Moderate,Yes,156.05
47.0,Female,19.46,105.0,,239.4,96.4,74.7,36.2,Never,Low,Yes,175.24
30.0,Male,28.1,,123.3,224.3,43.2,58.1,226.3,Current,Low,,157.82
,Female,27.79,138.4,169.8,273.3,102.7,99.5,10.0,Never,Low,No,209.85
20.0,Male,26.85,98.5,130.7,212.1,71.3,50.0,212.5,Never,Moderate,No,137.42
62.0,Female,28.87,116.2,146.9,182.1,97.4,81.6,,Never,Moderate,No,153.68
38.0,Male,34.06,105.2,128.4,219.0,68.8,65.4,142.4,Never,None,No,147.36
28.0,Female,25.98,106.3,95.7,201.4,100.6,98.2,105.0,Never,High,No,153.12
46.0,Male,22.21,96.5,116.6,272.4,35.2,76.4,89.6,Former,Moderate,No,164.72
53.0,Male,25.76,111.7,151.8,247.5,100.8,82.6,10.0,Never,Low,,165.57
63.0,Female,26.32,122.1,166.7,227.8,85.7,,50.5,Never,Low,Yes,163.67
23.0,Female,31.92,90.0,130.8,185.6,65.3,50.0,206.4,Former,Moderate,No,153.1
55.0,Male,27.53,117.3,126.8,220.7,107.0,74.2,60.1,Never,Low,Yes,164.14
37.0,Female,21.26,95.9,129.1,183.3,57.8,75.0,74.0,Never,Low,Yes,154.93
34.0,Female,31.03,109.0,152.3,,93.5,75.8,140.5,,Low,No,198.95
70.0,Female,,147.4,168.9,246.9,96.8,85.0,10.0,Former,None,Yes,250.33
32.0,,27.54,102.9,137.0,232.7,55.9,73.4,128.9,Former,Low,Yes,165.36
38.0,Male,31.74,94.2,180.2,234.9,116.2,79.1,157.0,Current,None,Yes,198.9
68.0,Female,32.58,123.4,180.6,267.0,142.7,67.4,136.2,Current,None,Yes,217.34
25.0,Female,25.11,106.9,104.4,175.5,107.2,54.9,97.4,Never,Moderate,Yes,162.7
67.0,Male,22.5,108.9,114.7,272.0,83.9,65.8,183.1,Never,Low,No,161.59
75.0,Female,26.94,103.1,131.5,245.0,76.0,68.1,165.7,Former,Low,No,170.15
31.0,Male,29.68,92.7,157.5,253.5,108.1,63.0,54.1,Former,,No,189.92
70.0,Female,26.47,120.9,118.1,254.3,97.6,63.4,153.3,Never,None,No,133.87
56.0,Female,22.06,109.7,143.7,273.2,87.3,64.7,134.9,Never,Low,No,174.67
,Female,27.81,119.1,132.6,230.4,28.9,67.7,172.6,Former,Moderate,No,189.57
77.0,Male,16.83,130.9,114.2,231.0,40.7,65.8,73.8,Former,Moderate,No,161.34
42.0,Male,25.38,110.1,139.0,255.1,,95.3,68.1,Former,Moderate,No,180.29
45.0,Male,31.26,90.0,,230.0,91.9,59.8,128.3,Former,Moderate,Yes,182.33
48.0,Male,31.53,119.2,161.6,244.3,81.4,76.6,154.6,Never,High,No,221.12
52.0,Female,16.0,137.2,,215.1,74.2,68.1,152.0,Never,Low,No,171.68
79.0,Female,26.04,135.9,136.1,234.8,50.4,80.0,124.7,Never,None,No,169.87
46.0,Male,30.0,102.8,128.0,220.9,75.8,70.3,76.5,Current,Moderate,No,170.42
44.0,Female,21.12,108.2,140.5,232.0,76.8,80.0,212.8,Former,High,No,153.98
75.0,Female,25.14,129.3,144.7,272.4,42.4,71.2,175.1,Former,Low,Yes,209.86
